Date,Nation,Metric,Cases
31/01/2020,England,CumCasesByDate,2
01/02/2020,England,CumCasesByDate,2
02/02/2020,England,CumCasesByDate,2
03/02/2020,England,CumCasesByDate,2
04/02/2020,England,CumCasesByDate,2
05/02/2020,England,CumCasesByDate,2
06/02/2020,England,CumCasesByDate,3
07/02/2020,England,CumCasesByDate,3
08/02/2020,England,CumCasesByDate,3
09/02/2020,England,CumCasesByDate,4
10/02/2020,England,CumCasesByDate,8
11/02/2020,England,CumCasesByDate,8
12/02/2020,England,CumCasesByDate,8
13/02/2020,England,CumCasesByDate,9
14/02/2020,England,CumCasesByDate,9
15/02/2020,England,CumCasesByDate,9
16/02/2020,England,CumCasesByDate,9
17/02/2020,England,CumCasesByDate,9
18/02/2020,England,CumCasesByDate,9
19/02/2020,England,CumCasesByDate,9
20/02/2020,England,CumCasesByDate,9
21/02/2020,England,CumCasesByDate,9
22/02/2020,England,CumCasesByDate,9
23/02/2020,England,CumCasesByDate,9
24/02/2020,England,CumCasesByDate,13
25/02/2020,England,CumCasesByDate,13
26/02/2020,England,CumCasesByDate,13
27/02/2020,England,CumCasesByDate,13
28/02/2020,England,CumCasesByDate,18
28/02/2020,Wales,CumCasesByDate,1
29/02/2020,Northern Ireland,CumCasesByDate,1
29/02/2020,Wales,CumCasesByDate,1
29/02/2020,England,CumCasesByDate,21
01/03/2020,England,CumCasesByDate,33
01/03/2020,Wales,CumCasesByDate,1
01/03/2020,Northern Ireland,CumCasesByDate,1
02/03/2020,Northern Ireland,CumCasesByDate,1
02/03/2020,Wales,CumCasesByDate,1
02/03/2020,Scotland,CumCasesByDate,1
02/03/2020,England,CumCasesByDate,37
03/03/2020,England,CumCasesByDate,48
03/03/2020,Scotland,CumCasesByDate,1
03/03/2020,Wales,CumCasesByDate,1
03/03/2020,Northern Ireland,CumCasesByDate,1
04/03/2020,Scotland,CumCasesByDate,3
04/03/2020,Northern Ireland,CumCasesByDate,3
04/03/2020,Wales,CumCasesByDate,1
04/03/2020,England,CumCasesByDate,80
05/03/2020,England,CumCasesByDate,105
05/03/2020,Northern Ireland,CumCasesByDate,3
05/03/2020,Scotland,CumCasesByDate,6
05/03/2020,Wales,CumCasesByDate,2
06/03/2020,Northern Ireland,CumCasesByDate,2
06/03/2020,Wales,CumCasesByDate,2
06/03/2020,Scotland,CumCasesByDate,11
06/03/2020,England,CumCasesByDate,144
07/03/2020,England,CumCasesByDate,183
07/03/2020,Wales,CumCasesByDate,2
07/03/2020,Scotland,CumCasesByDate,16
07/03/2020,Northern Ireland,CumCasesByDate,4
08/03/2020,Wales,CumCasesByDate,2
08/03/2020,Scotland,CumCasesByDate,18
08/03/2020,Northern Ireland,CumCasesByDate,9
08/03/2020,England,CumCasesByDate,241
09/03/2020,England,CumCasesByDate,282
09/03/2020,Wales,CumCasesByDate,4
09/03/2020,Northern Ireland,CumCasesByDate,12
09/03/2020,Scotland,CumCasesByDate,23
10/03/2020,Scotland,CumCasesByDate,27
10/03/2020,Northern Ireland,CumCasesByDate,16
10/03/2020,Wales,CumCasesByDate,6
10/03/2020,England,CumCasesByDate,324
11/03/2020,England,CumCasesByDate,387
11/03/2020,Northern Ireland,CumCasesByDate,18
11/03/2020,Wales,CumCasesByDate,15
11/03/2020,Scotland,CumCasesByDate,36
12/03/2020,Wales,CumCasesByDate,25
12/03/2020,Northern Ireland,CumCasesByDate,19
12/03/2020,Scotland,CumCasesByDate,60
12/03/2020,England,CumCasesByDate,486
13/03/2020,England,CumCasesByDate,645
13/03/2020,Northern Ireland,CumCasesByDate,29
13/03/2020,Scotland,CumCasesByDate,85
13/03/2020,Wales,CumCasesByDate,38
14/03/2020,Wales,CumCasesByDate,60
14/03/2020,Northern Ireland,CumCasesByDate,34
14/03/2020,Scotland,CumCasesByDate,121
14/03/2020,England,CumCasesByDate,846
15/03/2020,England,CumCasesByDate,1099
15/03/2020,Wales,CumCasesByDate,94
15/03/2020,Scotland,CumCasesByDate,153
15/03/2020,Northern Ireland,CumCasesByDate,45
16/03/2020,Scotland,CumCasesByDate,171
16/03/2020,Northern Ireland,CumCasesByDate,52
16/03/2020,Wales,CumCasesByDate,124
16/03/2020,England,CumCasesByDate,1196
17/03/2020,England,CumCasesByDate,1557
17/03/2020,Northern Ireland,CumCasesByDate,62
17/03/2020,Wales,CumCasesByDate,136
17/03/2020,Scotland,CumCasesByDate,195
18/03/2020,Northern Ireland,CumCasesByDate,68
18/03/2020,Scotland,CumCasesByDate,227
18/03/2020,Wales,CumCasesByDate,149
18/03/2020,England,CumCasesByDate,2182
19/03/2020,England,CumCasesByDate,2756
19/03/2020,Wales,CumCasesByDate,170
19/03/2020,Scotland,CumCasesByDate,266
19/03/2020,Northern Ireland,CumCasesByDate,77
20/03/2020,Scotland,CumCasesByDate,322
20/03/2020,Northern Ireland,CumCasesByDate,86
20/03/2020,Wales,CumCasesByDate,191
20/03/2020,England,CumCasesByDate,3384
21/03/2020,England,CumCasesByDate,4257
21/03/2020,Wales,CumCasesByDate,280
21/03/2020,Scotland,CumCasesByDate,373
21/03/2020,Northern Ireland,CumCasesByDate,108
22/03/2020,Wales,CumCasesByDate,347
22/03/2020,Northern Ireland,CumCasesByDate,128
22/03/2020,Scotland,CumCasesByDate,416
22/03/2020,England,CumCasesByDate,4792
23/03/2020,England,CumCasesByDate,5585
23/03/2020,Scotland,CumCasesByDate,499
23/03/2020,Northern Ireland,CumCasesByDate,148
23/03/2020,Wales,CumCasesByDate,418
24/03/2020,Scotland,CumCasesByDate,584
24/03/2020,Wales,CumCasesByDate,478
24/03/2020,Northern Ireland,CumCasesByDate,172
24/03/2020,England,CumCasesByDate,6843
25/03/2020,England,CumCasesByDate,7973
25/03/2020,Wales,CumCasesByDate,628
25/03/2020,Northern Ireland,CumCasesByDate,209
25/03/2020,Scotland,CumCasesByDate,719
26/03/2020,Northern Ireland,CumCasesByDate,241
26/03/2020,Wales,CumCasesByDate,741
26/03/2020,Scotland,CumCasesByDate,894
26/03/2020,England,CumCasesByDate,9782
27/03/2020,England,CumCasesByDate,12288
27/03/2020,Northern Ireland,CumCasesByDate,275
27/03/2020,Scotland,CumCasesByDate,1059
27/03/2020,Wales,CumCasesByDate,921
28/03/2020,Wales,CumCasesByDate,1093
28/03/2020,Northern Ireland,CumCasesByDate,324
28/03/2020,Scotland,CumCasesByDate,1245
28/03/2020,England,CumCasesByDate,14427
29/03/2020,England,CumCasesByDate,16487
29/03/2020,Northern Ireland,CumCasesByDate,410
29/03/2020,Scotland,CumCasesByDate,1384
29/03/2020,Wales,CumCasesByDate,1241
30/03/2020,Wales,CumCasesByDate,1451
30/03/2020,Scotland,CumCasesByDate,1563
30/03/2020,Northern Ireland,CumCasesByDate,533
30/03/2020,England,CumCasesByDate,18594
31/03/2020,England,CumCasesByDate,21008
31/03/2020,Wales,CumCasesByDate,1563
31/03/2020,Northern Ireland,CumCasesByDate,586
31/03/2020,Scotland,CumCasesByDate,1993
01/04/2020,Wales,CumCasesByDate,1837
01/04/2020,Scotland,CumCasesByDate,2310
01/04/2020,Northern Ireland,CumCasesByDate,689
01/04/2020,England,CumCasesByDate,24638
02/04/2020,England,CumCasesByDate,28221
02/04/2020,Northern Ireland,CumCasesByDate,774
02/04/2020,Wales,CumCasesByDate,2121
02/04/2020,Scotland,CumCasesByDate,2602
03/04/2020,Wales,CumCasesByDate,2466
03/04/2020,Northern Ireland,CumCasesByDate,904
03/04/2020,Scotland,CumCasesByDate,3001
03/04/2020,England,CumCasesByDate,31797
04/04/2020,England,CumCasesByDate,34707
04/04/2020,Scotland,CumCasesByDate,3345
04/04/2020,Wales,CumCasesByDate,2853
04/04/2020,Northern Ireland,CumCasesByDate,998
05/04/2020,Scotland,CumCasesByDate,3706
05/04/2020,Wales,CumCasesByDate,3197
05/04/2020,Northern Ireland,CumCasesByDate,1089
05/04/2020,England,CumCasesByDate,39814
06/04/2020,England,CumCasesByDate,42990
06/04/2020,Northern Ireland,CumCasesByDate,1158
06/04/2020,Wales,CumCasesByDate,3499
06/04/2020,Scotland,CumCasesByDate,3961
07/04/2020,Scotland,CumCasesByDate,4229
07/04/2020,Wales,CumCasesByDate,3790
07/04/2020,Northern Ireland,CumCasesByDate,1255
07/04/2020,England,CumCasesByDate,45968
08/04/2020,England,CumCasesByDate,50756
08/04/2020,Scotland,CumCasesByDate,4565
08/04/2020,Wales,CumCasesByDate,4073
08/04/2020,Northern Ireland,CumCasesByDate,1339
09/04/2020,Northern Ireland,CumCasesByDate,1477
09/04/2020,Wales,CumCasesByDate,4089
09/04/2020,Scotland,CumCasesByDate,4957
09/04/2020,England,CumCasesByDate,54554
10/04/2020,England,CumCasesByDate,58817
10/04/2020,Northern Ireland,CumCasesByDate,1589
10/04/2020,Wales,CumCasesByDate,4591
10/04/2020,Scotland,CumCasesByDate,5275
11/04/2020,Northern Ireland,CumCasesByDate,1717
11/04/2020,Wales,CumCasesByDate,4930
11/04/2020,Scotland,CumCasesByDate,5590
11/04/2020,England,CumCasesByDate,62658
12/04/2020,England,CumCasesByDate,66330
12/04/2020,Northern Ireland,CumCasesByDate,1806
12/04/2020,Scotland,CumCasesByDate,5912
12/04/2020,Wales,CumCasesByDate,5297
13/04/2020,Wales,CumCasesByDate,5610
13/04/2020,Northern Ireland,CumCasesByDate,1882
13/04/2020,Scotland,CumCasesByDate,6067
13/04/2020,England,CumCasesByDate,69329
14/04/2020,England,CumCasesByDate,73183
14/04/2020,Northern Ireland,CumCasesByDate,1967
14/04/2020,Scotland,CumCasesByDate,6358
14/04/2020,Wales,CumCasesByDate,5848
15/04/2020,Northern Ireland,CumCasesByDate,2088
15/04/2020,Wales,CumCasesByDate,6118
15/04/2020,Scotland,CumCasesByDate,6748
15/04/2020,England,CumCasesByDate,76371
16/04/2020,England,CumCasesByDate,79489
16/04/2020,Northern Ireland,CumCasesByDate,2201
16/04/2020,Scotland,CumCasesByDate,7102
16/04/2020,Wales,CumCasesByDate,6401
17/04/2020,Wales,CumCasesByDate,6645
17/04/2020,Scotland,CumCasesByDate,7409
17/04/2020,Northern Ireland,CumCasesByDate,2338
17/04/2020,England,CumCasesByDate,83474
18/04/2020,England,CumCasesByDate,87022
18/04/2020,Scotland,CumCasesByDate,7820
18/04/2020,Northern Ireland,CumCasesByDate,2486
18/04/2020,Wales,CumCasesByDate,6936
19/04/2020,Wales,CumCasesByDate,7270
19/04/2020,Northern Ireland,CumCasesByDate,2645
19/04/2020,Scotland,CumCasesByDate,8187
19/04/2020,England,CumCasesByDate,90629
20/04/2020,England,CumCasesByDate,93030
20/04/2020,Wales,CumCasesByDate,7546
20/04/2020,Scotland,CumCasesByDate,8450
20/04/2020,Northern Ireland,CumCasesByDate,2728
21/04/2020,Northern Ireland,CumCasesByDate,2758
21/04/2020,Wales,CumCasesByDate,7850
21/04/2020,Scotland,CumCasesByDate,8672
21/04/2020,England,CumCasesByDate,96117
22/04/2020,England,CumCasesByDate,99137
22/04/2020,Scotland,CumCasesByDate,9038
22/04/2020,Northern Ireland,CumCasesByDate,2874
22/04/2020,Wales,CumCasesByDate,8124
23/04/2020,Scotland,CumCasesByDate,9409
23/04/2020,Northern Ireland,CumCasesByDate,3016
23/04/2020,Wales,CumCasesByDate,8358
23/04/2020,England,CumCasesByDate,102221
24/04/2020,England,CumCasesByDate,105225
24/04/2020,Scotland,CumCasesByDate,9697
24/04/2020,Northern Ireland,CumCasesByDate,3122
24/04/2020,Wales,CumCasesByDate,8601
25/04/2020,Wales,CumCasesByDate,8900
25/04/2020,Scotland,CumCasesByDate,10051
25/04/2020,Northern Ireland,CumCasesByDate,3226
25/04/2020,England,CumCasesByDate,108051
26/04/2020,England,CumCasesByDate,110203
26/04/2020,Scotland,CumCasesByDate,10324
26/04/2020,Northern Ireland,CumCasesByDate,3308
26/04/2020,Wales,CumCasesByDate,9078
27/04/2020,Scotland,CumCasesByDate,10521
27/04/2020,Wales,CumCasesByDate,9280
27/04/2020,Northern Ireland,CumCasesByDate,3374
27/04/2020,England,CumCasesByDate,112467
28/04/2020,England,CumCasesByDate,114456
28/04/2020,Scotland,CumCasesByDate,10721
28/04/2020,Northern Ireland,CumCasesByDate,3408
28/04/2020,Wales,CumCasesByDate,9512
29/04/2020,Scotland,CumCasesByDate,11034
29/04/2020,Northern Ireland,CumCasesByDate,3463
29/04/2020,Wales,CumCasesByDate,9629
29/04/2020,England,CumCasesByDate,115859
30/04/2020,England,CumCasesByDate,118343
30/04/2020,Wales,CumCasesByDate,9812
30/04/2020,Scotland,CumCasesByDate,11353
30/04/2020,Northern Ireland,CumCasesByDate,3536
01/05/2020,Scotland,CumCasesByDate,11654
01/05/2020,Wales,CumCasesByDate,9972
01/05/2020,Northern Ireland,CumCasesByDate,3623
01/05/2020,England,CumCasesByDate,121006
02/05/2020,England,CumCasesByDate,123234
02/05/2020,Scotland,CumCasesByDate,11927
02/05/2020,Wales,CumCasesByDate,10155
02/05/2020,Northern Ireland,CumCasesByDate,3689
03/05/2020,Wales,CumCasesByDate,10329
03/05/2020,Scotland,CumCasesByDate,12097
03/05/2020,Northern Ireland,CumCasesByDate,3767
03/05/2020,England,CumCasesByDate,125253
04/05/2020,England,CumCasesByDate,126738
04/05/2020,Northern Ireland,CumCasesByDate,3836
04/05/2020,Scotland,CumCasesByDate,12266
04/05/2020,Wales,CumCasesByDate,10524
05/05/2020,Scotland,CumCasesByDate,12437
05/05/2020,Northern Ireland,CumCasesByDate,3881
05/05/2020,Wales,CumCasesByDate,10669
05/05/2020,England,CumCasesByDate,128580
06/05/2020,England,CumCasesByDate,130191
06/05/2020,Scotland,CumCasesByDate,12709
06/05/2020,Wales,CumCasesByDate,10764
06/05/2020,Northern Ireland,CumCasesByDate,3934
07/05/2020,Wales,CumCasesByDate,10851
07/05/2020,Scotland,CumCasesByDate,12924
07/05/2020,Northern Ireland,CumCasesByDate,3984
07/05/2020,England,CumCasesByDate,132324
08/05/2020,England,CumCasesByDate,134018
08/05/2020,Scotland,CumCasesByDate,13149
08/05/2020,Northern Ireland,CumCasesByDate,4022
08/05/2020,Wales,CumCasesByDate,11003
09/05/2020,Wales,CumCasesByDate,11121
09/05/2020,Northern Ireland,CumCasesByDate,4078
09/05/2020,Scotland,CumCasesByDate,13305
09/05/2020,England,CumCasesByDate,135367
10/05/2020,England,CumCasesByDate,136374
10/05/2020,Wales,CumCasesByDate,11344
10/05/2020,Northern Ireland,CumCasesByDate,4119
10/05/2020,Scotland,CumCasesByDate,13486
11/05/2020,Wales,CumCasesByDate,11468
11/05/2020,Scotland,CumCasesByDate,13627
11/05/2020,Northern Ireland,CumCasesByDate,4149
11/05/2020,England,CumCasesByDate,137265
12/05/2020,England,CumCasesByDate,138332
12/05/2020,Northern Ireland,CumCasesByDate,4193
12/05/2020,Wales,CumCasesByDate,11573
12/05/2020,Scotland,CumCasesByDate,13763
13/05/2020,Northern Ireland,CumCasesByDate,4253
13/05/2020,Wales,CumCasesByDate,11706
13/05/2020,Scotland,CumCasesByDate,13929
13/05/2020,England,CumCasesByDate,139478
14/05/2020,England,CumCasesByDate,140667
14/05/2020,Northern Ireland,CumCasesByDate,4291
14/05/2020,Scotland,CumCasesByDate,14117
14/05/2020,Wales,CumCasesByDate,11834
15/05/2020,Wales,CumCasesByDate,11960
15/05/2020,Scotland,CumCasesByDate,14260
15/05/2020,Northern Ireland,CumCasesByDate,4317
15/05/2020,England,CumCasesByDate,141779
16/05/2020,England,CumCasesByDate,142915
16/05/2020,Wales,CumCasesByDate,12142
16/05/2020,Scotland,CumCasesByDate,14447
16/05/2020,Northern Ireland,CumCasesByDate,4357
17/05/2020,Scotland,CumCasesByDate,14537
17/05/2020,Northern Ireland,CumCasesByDate,4385
17/05/2020,Wales,CumCasesByDate,12304
17/05/2020,England,CumCasesByDate,143703
18/05/2020,England,CumCasesByDate,144519
18/05/2020,Wales,CumCasesByDate,12404
18/05/2020,Northern Ireland,CumCasesByDate,4401
18/05/2020,Scotland,CumCasesByDate,14594
19/05/2020,Scotland,CumCasesByDate,14655
19/05/2020,Wales,CumCasesByDate,12570
19/05/2020,Northern Ireland,CumCasesByDate,4421
19/05/2020,England,CumCasesByDate,145376
20/05/2020,England,CumCasesByDate,145808
20/05/2020,Wales,CumCasesByDate,12680
20/05/2020,Scotland,CumCasesByDate,14751
20/05/2020,Northern Ireland,CumCasesByDate,4439
21/05/2020,Scotland,CumCasesByDate,14856
21/05/2020,Northern Ireland,CumCasesByDate,4481
21/05/2020,Wales,CumCasesByDate,12846
21/05/2020,England,CumCasesByDate,146662
22/05/2020,England,CumCasesByDate,147745
22/05/2020,Northern Ireland,CumCasesByDate,4504
22/05/2020,Scotland,CumCasesByDate,14969
22/05/2020,Wales,CumCasesByDate,12984
23/05/2020,Scotland,CumCasesByDate,15041
23/05/2020,Northern Ireland,CumCasesByDate,4545
23/05/2020,Wales,CumCasesByDate,13169
23/05/2020,England,CumCasesByDate,148724
24/05/2020,England,CumCasesByDate,149308
24/05/2020,Wales,CumCasesByDate,13309
24/05/2020,Scotland,CumCasesByDate,15101
24/05/2020,Northern Ireland,CumCasesByDate,4570
25/05/2020,Scotland,CumCasesByDate,15156
25/05/2020,Wales,CumCasesByDate,13415
25/05/2020,Northern Ireland,CumCasesByDate,4609
25/05/2020,England,CumCasesByDate,149802
26/05/2020,England,CumCasesByDate,150294
26/05/2020,Wales,CumCasesByDate,13556
26/05/2020,Northern Ireland,CumCasesByDate,4637
26/05/2020,Scotland,CumCasesByDate,15185
27/05/2020,Scotland,CumCasesByDate,15240
27/05/2020,Northern Ireland,CumCasesByDate,4663
27/05/2020,Wales,CumCasesByDate,13653
27/05/2020,England,CumCasesByDate,150903
28/05/2020,England,CumCasesByDate,151422
28/05/2020,Wales,CumCasesByDate,13725
28/05/2020,Northern Ireland,CumCasesByDate,4679
28/05/2020,Scotland,CumCasesByDate,15288
29/05/2020,Scotland,CumCasesByDate,15327
29/05/2020,Wales,CumCasesByDate,13827
29/05/2020,Northern Ireland,CumCasesByDate,4696
29/05/2020,England,CumCasesByDate,151982
30/05/2020,England,CumCasesByDate,151856
30/05/2020,Wales,CumCasesByDate,13913
30/05/2020,Scotland,CumCasesByDate,15382
30/05/2020,Northern Ireland,CumCasesByDate,4709
31/05/2020,Wales,CumCasesByDate,13995
31/05/2020,Northern Ireland,CumCasesByDate,4716
31/05/2020,Scotland,CumCasesByDate,15400
31/05/2020,England,CumCasesByDate,152176
01/06/2020,England,CumCasesByDate,152470
01/06/2020,Scotland,CumCasesByDate,15418
01/06/2020,Wales,CumCasesByDate,14054
01/06/2020,Northern Ireland,CumCasesByDate,4728
02/06/2020,Scotland,CumCasesByDate,15471
02/06/2020,Northern Ireland,CumCasesByDate,4732
02/06/2020,Wales,CumCasesByDate,14121
02/06/2020,England,CumCasesByDate,152914
03/06/2020,England,CumCasesByDate,153376
03/06/2020,Northern Ireland,CumCasesByDate,4740
03/06/2020,Wales,CumCasesByDate,14203
03/06/2020,Scotland,CumCasesByDate,15504
04/06/2020,Wales,CumCasesByDate,14238
04/06/2020,Scotland,CumCasesByDate,15553
04/06/2020,Northern Ireland,CumCasesByDate,4773
04/06/2020,England,CumCasesByDate,153807
05/06/2020,England,CumCasesByDate,154258
05/06/2020,Wales,CumCasesByDate,14314
05/06/2020,Scotland,CumCasesByDate,15582
05/06/2020,Northern Ireland,CumCasesByDate,4776
06/06/2020,Northern Ireland,CumCasesByDate,4790
06/06/2020,Wales,CumCasesByDate,14356
06/06/2020,Scotland,CumCasesByDate,15603
06/06/2020,England,CumCasesByDate,154680
07/06/2020,England,CumCasesByDate,154908
07/06/2020,Scotland,CumCasesByDate,15621
07/06/2020,Wales,CumCasesByDate,14396
07/06/2020,Northern Ireland,CumCasesByDate,4796
08/06/2020,Wales,CumCasesByDate,14438
08/06/2020,Northern Ireland,CumCasesByDate,4802
08/06/2020,Scotland,CumCasesByDate,15639
08/06/2020,England,CumCasesByDate,155000
09/06/2020,England,CumCasesByDate,155651
09/06/2020,Wales,CumCasesByDate,14480
09/06/2020,Scotland,CumCasesByDate,15653
09/06/2020,Northern Ireland,CumCasesByDate,4805
10/06/2020,Wales,CumCasesByDate,14518
10/06/2020,Northern Ireland,CumCasesByDate,4818
10/06/2020,Scotland,CumCasesByDate,15665
10/06/2020,England,CumCasesByDate,155714
11/06/2020,England,CumCasesByDate,156018
11/06/2020,Scotland,CumCasesByDate,15682
11/06/2020,Northern Ireland,CumCasesByDate,4822
11/06/2020,Wales,CumCasesByDate,14581
12/06/2020,Scotland,CumCasesByDate,15709
12/06/2020,Northern Ireland,CumCasesByDate,4838
12/06/2020,Wales,CumCasesByDate,14658
12/06/2020,England,CumCasesByDate,156410
13/06/2020,England,CumCasesByDate,156782
13/06/2020,Scotland,CumCasesByDate,15730
13/06/2020,Northern Ireland,CumCasesByDate,4841
13/06/2020,Wales,CumCasesByDate,14703
14/06/2020,Northern Ireland,CumCasesByDate,4848
14/06/2020,Wales,CumCasesByDate,14742
14/06/2020,Scotland,CumCasesByDate,15755
14/06/2020,England,CumCasesByDate,157074
15/06/2020,England,CumCasesByDate,157293
15/06/2020,Northern Ireland,CumCasesByDate,4852
15/06/2020,Scotland,CumCasesByDate,18030
15/06/2020,Wales,CumCasesByDate,14804
16/06/2020,Northern Ireland,CumCasesByDate,4854
16/06/2020,Scotland,CumCasesByDate,18045
16/06/2020,Wales,CumCasesByDate,14869
16/06/2020,England,CumCasesByDate,157545
17/06/2020,England,CumCasesByDate,157797
17/06/2020,Northern Ireland,CumCasesByDate,4862
17/06/2020,Wales,CumCasesByDate,14922
17/06/2020,Scotland,CumCasesByDate,18066
18/06/2020,Northern Ireland,CumCasesByDate,4863
18/06/2020,Scotland,CumCasesByDate,18077
18/06/2020,Wales,CumCasesByDate,14970
18/06/2020,England,CumCasesByDate,158078
19/06/2020,England,CumCasesByDate,158401
19/06/2020,Northern Ireland,CumCasesByDate,4866
19/06/2020,Scotland,CumCasesByDate,18104
19/06/2020,Wales,CumCasesByDate,15001
20/06/2020,Northern Ireland,CumCasesByDate,4866
20/06/2020,Scotland,CumCasesByDate,18130
20/06/2020,Wales,CumCasesByDate,15026
20/06/2020,England,CumCasesByDate,158725
21/06/2020,England,CumCasesByDate,158940
21/06/2020,Scotland,CumCasesByDate,18156
21/06/2020,Wales,CumCasesByDate,15126
21/06/2020,Northern Ireland,CumCasesByDate,4870
22/06/2020,Northern Ireland,CumCasesByDate,4871
22/06/2020,Scotland,CumCasesByDate,18170
22/06/2020,Wales,CumCasesByDate,15197
22/06/2020,England,CumCasesByDate,159118
23/06/2020,England,CumCasesByDate,159328
23/06/2020,Wales,CumCasesByDate,15295
23/06/2020,Scotland,CumCasesByDate,18182
23/06/2020,Northern Ireland,CumCasesByDate,4871
24/06/2020,Scotland,CumCasesByDate,18191
24/06/2020,Northern Ireland,CumCasesByDate,4873
24/06/2020,Wales,CumCasesByDate,15341
24/06/2020,England,CumCasesByDate,159435
25/06/2020,England,CumCasesByDate,159696
25/06/2020,Wales,CumCasesByDate,15466
25/06/2020,Northern Ireland,CumCasesByDate,4874
25/06/2020,Scotland,CumCasesByDate,18196
26/06/2020,Northern Ireland,CumCasesByDate,5748
26/06/2020,Wales,CumCasesByDate,15531
26/06/2020,Scotland,CumCasesByDate,18213
26/06/2020,England,CumCasesByDate,159958
27/06/2020,England,CumCasesByDate,160150
27/06/2020,Scotland,CumCasesByDate,18228
27/06/2020,Northern Ireland,CumCasesByDate,5750
27/06/2020,Wales,CumCasesByDate,15577
28/06/2020,Scotland,CumCasesByDate,18236
28/06/2020,Wales,CumCasesByDate,15602
28/06/2020,Northern Ireland,CumCasesByDate,5751
28/06/2020,England,CumCasesByDate,160292
29/06/2020,England,CumCasesByDate,160391
29/06/2020,Northern Ireland,CumCasesByDate,5757
29/06/2020,Scotland,CumCasesByDate,18241
29/06/2020,Wales,CumCasesByDate,15717
30/06/2020,Wales,CumCasesByDate,15743
30/06/2020,Scotland,CumCasesByDate,18251
30/06/2020,Northern Ireland,CumCasesByDate,5760
30/06/2020,England,CumCasesByDate,160587
01/07/2020,England,CumCasesByDate,160764
01/07/2020,Northern Ireland,CumCasesByDate,5761
01/07/2020,Wales,CumCasesByDate,15775
01/07/2020,Scotland,CumCasesByDate,18259
02/07/2020,Scotland,CumCasesByDate,18264
02/07/2020,Northern Ireland,CumCasesByDate,5768
02/07/2020,Wales,CumCasesByDate,15815
02/07/2020,England,CumCasesByDate,243910
03/07/2020,England,CumCasesByDate,244412
03/07/2020,Northern Ireland,CumCasesByDate,5747
03/07/2020,Wales,CumCasesByDate,15841
03/07/2020,Scotland,CumCasesByDate,18276
04/07/2020,Scotland,CumCasesByDate,18287
04/07/2020,Wales,CumCasesByDate,15875
04/07/2020,Northern Ireland,CumCasesByDate,5747
04/07/2020,England,CumCasesByDate,244991
05/07/2020,England,CumCasesByDate,245483
05/07/2020,Northern Ireland,CumCasesByDate,5747
05/07/2020,Wales,CumCasesByDate,15890
05/07/2020,Scotland,CumCasesByDate,18296
06/07/2020,Scotland,CumCasesByDate,18300
06/07/2020,Northern Ireland,CumCasesByDate,5756
06/07/2020,Wales,CumCasesByDate,15898
06/07/2020,England,CumCasesByDate,245814
07/07/2020,England,CumCasesByDate,246386
07/07/2020,Wales,CumCasesByDate,15900
07/07/2020,Scotland,CumCasesByDate,18302
07/07/2020,Northern Ireland,CumCasesByDate,5761
08/07/2020,Wales,CumCasesByDate,15913
08/07/2020,Northern Ireland,CumCasesByDate,5765
08/07/2020,Scotland,CumCasesByDate,18309
08/07/2020,England,CumCasesByDate,246992
09/07/2020,England,CumCasesByDate,247609
09/07/2020,Scotland,CumCasesByDate,18315
09/07/2020,Northern Ireland,CumCasesByDate,5768
09/07/2020,Wales,CumCasesByDate,15929
10/07/2020,Northern Ireland,CumCasesByDate,5772
10/07/2020,Wales,CumCasesByDate,15939
10/07/2020,Scotland,CumCasesByDate,18333
10/07/2020,England,CumCasesByDate,248089
11/07/2020,England,CumCasesByDate,248895
11/07/2020,Scotland,CumCasesByDate,18340
11/07/2020,Wales,CumCasesByDate,15946
11/07/2020,Northern Ireland,CumCasesByDate,5772
12/07/2020,Wales,CumCasesByDate,15962
12/07/2020,Northern Ireland,CumCasesByDate,5772
12/07/2020,Scotland,CumCasesByDate,18359
12/07/2020,England,CumCasesByDate,249510
13/07/2020,England,CumCasesByDate,250007
13/07/2020,Wales,CumCasesByDate,15973
13/07/2020,Scotland,CumCasesByDate,18365
13/07/2020,Northern Ireland,CumCasesByDate,5788
14/07/2020,Scotland,CumCasesByDate,18368
14/07/2020,Wales,CumCasesByDate,16836
14/07/2020,Northern Ireland,CumCasesByDate,5790
14/07/2020,England,CumCasesByDate,250379
15/07/2020,England,CumCasesByDate,250885
15/07/2020,Scotland,CumCasesByDate,18373
15/07/2020,Wales,CumCasesByDate,16854
15/07/2020,Northern Ireland,CumCasesByDate,5799
16/07/2020,Northern Ireland,CumCasesByDate,5815
16/07/2020,Wales,CumCasesByDate,16871
16/07/2020,Scotland,CumCasesByDate,18384
16/07/2020,England,CumCasesByDate,251482
17/07/2020,England,CumCasesByDate,252117
17/07/2020,Wales,CumCasesByDate,16887
17/07/2020,Scotland,CumCasesByDate,18401
17/07/2020,Northern Ireland,CumCasesByDate,5834
18/07/2020,Wales,CumCasesByDate,16897
18/07/2020,Northern Ireland,CumCasesByDate,5834
18/07/2020,Scotland,CumCasesByDate,18422
18/07/2020,England,CumCasesByDate,252913
19/07/2020,England,CumCasesByDate,253585
19/07/2020,Wales,CumCasesByDate,16928
19/07/2020,Northern Ireland,CumCasesByDate,5834
19/07/2020,Scotland,CumCasesByDate,18445
20/07/2020,Northern Ireland,CumCasesByDate,5857
20/07/2020,Wales,CumCasesByDate,16943
20/07/2020,Scotland,CumCasesByDate,18452
20/07/2020,England,CumCasesByDate,254120
21/07/2020,England,CumCasesByDate,254519
21/07/2020,Scotland,CumCasesByDate,18474
21/07/2020,Wales,CumCasesByDate,16965
21/07/2020,Northern Ireland,CumCasesByDate,5859
22/07/2020,Wales,CumCasesByDate,16987
22/07/2020,Northern Ireland,CumCasesByDate,5868
22/07/2020,Scotland,CumCasesByDate,18484
22/07/2020,England,CumCasesByDate,255038
23/07/2020,England,CumCasesByDate,255740
23/07/2020,Northern Ireland,CumCasesByDate,5876
23/07/2020,Scotland,CumCasesByDate,18500
23/07/2020,Wales,CumCasesByDate,17030
24/07/2020,Scotland,CumCasesByDate,18520
24/07/2020,Northern Ireland,CumCasesByDate,5891
24/07/2020,Wales,CumCasesByDate,17075
24/07/2020,England,CumCasesByDate,256428
25/07/2020,England,CumCasesByDate,257138
25/07/2020,Scotland,CumCasesByDate,18547
25/07/2020,Wales,CumCasesByDate,17105
25/07/2020,Northern Ireland,CumCasesByDate,5891
26/07/2020,Northern Ireland,CumCasesByDate,5891
26/07/2020,Wales,CumCasesByDate,17125
26/07/2020,Scotland,CumCasesByDate,18551
26/07/2020,England,CumCasesByDate,257859
27/07/2020,England,CumCasesByDate,258475
27/07/2020,Scotland,CumCasesByDate,18554
27/07/2020,Wales,CumCasesByDate,17170
27/07/2020,Northern Ireland,CumCasesByDate,5912
28/07/2020,Northern Ireland,CumCasesByDate,5921
28/07/2020,Scotland,CumCasesByDate,18558
28/07/2020,Wales,CumCasesByDate,17191
28/07/2020,England,CumCasesByDate,259022
29/07/2020,England,CumCasesByDate,259722
29/07/2020,Scotland,CumCasesByDate,18580
29/07/2020,Wales,CumCasesByDate,17223
29/07/2020,Northern Ireland,CumCasesByDate,5930
30/07/2020,Scotland,CumCasesByDate,18597
30/07/2020,Wales,CumCasesByDate,17232
30/07/2020,Northern Ireland,CumCasesByDate,5938
30/07/2020,England,CumCasesByDate,260534
31/07/2020,England,CumCasesByDate,261348
31/07/2020,Northern Ireland,CumCasesByDate,5948
31/07/2020,Scotland,CumCasesByDate,18627
31/07/2020,Wales,CumCasesByDate,17258
01/08/2020,Northern Ireland,CumCasesByDate,5948
01/08/2020,Wales,CumCasesByDate,17279
01/08/2020,Scotland,CumCasesByDate,18645
01/08/2020,England,CumCasesByDate,262070
02/08/2020,England,CumCasesByDate,262746
02/08/2020,Scotland,CumCasesByDate,18676
02/08/2020,Northern Ireland,CumCasesByDate,5948
02/08/2020,Wales,CumCasesByDate,17315
03/08/2020,Northern Ireland,CumCasesByDate,5988
03/08/2020,Scotland,CumCasesByDate,18694
03/08/2020,Wales,CumCasesByDate,17339
03/08/2020,England,CumCasesByDate,263602
04/08/2020,England,CumCasesByDate,264219
04/08/2020,Scotland,CumCasesByDate,18717
04/08/2020,Northern Ireland,CumCasesByDate,5996
04/08/2020,Wales,CumCasesByDate,17361
05/08/2020,Northern Ireland,CumCasesByDate,6006
05/08/2020,Scotland,CumCasesByDate,18781
05/08/2020,Wales,CumCasesByDate,17374
05/08/2020,England,CumCasesByDate,265023
06/08/2020,England,CumCasesByDate,265849
06/08/2020,Northern Ireland,CumCasesByDate,6049
06/08/2020,Scotland,CumCasesByDate,18847
06/08/2020,Wales,CumCasesByDate,17389
07/08/2020,Northern Ireland,CumCasesByDate,6064
07/08/2020,Scotland,CumCasesByDate,18890
07/08/2020,Wales,CumCasesByDate,17406
07/08/2020,England,CumCasesByDate,266645
08/08/2020,England,CumCasesByDate,267324
08/08/2020,Scotland,CumCasesByDate,18950
08/08/2020,Northern Ireland,CumCasesByDate,6064
08/08/2020,Wales,CumCasesByDate,17425
09/08/2020,Wales,CumCasesByDate,17451
09/08/2020,Northern Ireland,CumCasesByDate,6064
09/08/2020,Scotland,CumCasesByDate,18998
09/08/2020,England,CumCasesByDate,268312
10/08/2020,England,CumCasesByDate,269011
10/08/2020,Wales,CumCasesByDate,17463
10/08/2020,Northern Ireland,CumCasesByDate,6140
10/08/2020,Scotland,CumCasesByDate,19027
11/08/2020,Northern Ireland,CumCasesByDate,6188
11/08/2020,Scotland,CumCasesByDate,19079
11/08/2020,Wales,CumCasesByDate,17476
11/08/2020,England,CumCasesByDate,270046
12/08/2020,England,CumCasesByDate,270971
12/08/2020,Northern Ireland,CumCasesByDate,6217
12/08/2020,Wales,CumCasesByDate,17484
12/08/2020,Scotland,CumCasesByDate,19126
13/08/2020,Northern Ireland,CumCasesByDate,6225
13/08/2020,Wales,CumCasesByDate,17499
13/08/2020,Scotland,CumCasesByDate,19173
13/08/2020,England,CumCasesByDate,272030
14/08/2020,England,CumCasesByDate,273314
14/08/2020,Scotland,CumCasesByDate,19238
14/08/2020,Wales,CumCasesByDate,17516
14/08/2020,Northern Ireland,CumCasesByDate,6299
15/08/2020,Scotland,CumCasesByDate,19289
15/08/2020,Wales,CumCasesByDate,17543
15/08/2020,Northern Ireland,CumCasesByDate,6364
15/08/2020,England,CumCasesByDate,274248
16/08/2020,England,CumCasesByDate,275200
16/08/2020,Northern Ireland,CumCasesByDate,6391
16/08/2020,Scotland,CumCasesByDate,19332
16/08/2020,Wales,CumCasesByDate,17561
17/08/2020,Scotland,CumCasesByDate,19358
17/08/2020,Wales,CumCasesByDate,17575
17/08/2020,Northern Ireland,CumCasesByDate,6430
17/08/2020,England,CumCasesByDate,275834
18/08/2020,England,CumCasesByDate,276809
18/08/2020,Scotland,CumCasesByDate,19407
18/08/2020,Northern Ireland,CumCasesByDate,6471
18/08/2020,Wales,CumCasesByDate,17599
19/08/2020,Wales,CumCasesByDate,17620
19/08/2020,Northern Ireland,CumCasesByDate,6505
19/08/2020,Scotland,CumCasesByDate,19457
19/08/2020,England,CumCasesByDate,277516
20/08/2020,England,CumCasesByDate,278551
20/08/2020,Northern Ireland,CumCasesByDate,6556
20/08/2020,Wales,CumCasesByDate,17639
20/08/2020,Scotland,CumCasesByDate,19534
21/08/2020,Northern Ireland,CumCasesByDate,6576
21/08/2020,Wales,CumCasesByDate,17673
21/08/2020,Scotland,CumCasesByDate,19605
21/08/2020,England,CumCasesByDate,279459
22/08/2020,England,CumCasesByDate,280519
22/08/2020,Wales,CumCasesByDate,17707
22/08/2020,Northern Ireland,CumCasesByDate,6647
22/08/2020,Scotland,CumCasesByDate,19728
23/08/2020,Scotland,CumCasesByDate,19811
23/08/2020,Northern Ireland,CumCasesByDate,6766
23/08/2020,Wales,CumCasesByDate,17727
23/08/2020,England,CumCasesByDate,281457
24/08/2020,England,CumCasesByDate,282215
24/08/2020,Wales,CumCasesByDate,17746
24/08/2020,Northern Ireland,CumCasesByDate,6776
24/08/2020,Scotland,CumCasesByDate,19877
25/08/2020,Northern Ireland,CumCasesByDate,6823
25/08/2020,Scotland,CumCasesByDate,19921
25/08/2020,Wales,CumCasesByDate,17774
25/08/2020,England,CumCasesByDate,283280
26/08/2020,England,CumCasesByDate,284155
26/08/2020,Scotland,CumCasesByDate,19988
26/08/2020,Wales,CumCasesByDate,17808
26/08/2020,Northern Ireland,CumCasesByDate,6895
27/08/2020,Northern Ireland,CumCasesByDate,6964
27/08/2020,Wales,CumCasesByDate,17843
27/08/2020,Scotland,CumCasesByDate,20056
27/08/2020,England,CumCasesByDate,285505
28/08/2020,England,CumCasesByDate,286611
28/08/2020,Wales,CumCasesByDate,17877
28/08/2020,Scotland,CumCasesByDate,20107
28/08/2020,Northern Ireland,CumCasesByDate,7049
29/08/2020,Scotland,CumCasesByDate,20195
29/08/2020,Wales,CumCasesByDate,17917
29/08/2020,Northern Ireland,CumCasesByDate,7138
29/08/2020,England,CumCasesByDate,287502
30/08/2020,England,CumCasesByDate,288989
30/08/2020,Northern Ireland,CumCasesByDate,7187
30/08/2020,Scotland,CumCasesByDate,20318
30/08/2020,Wales,CumCasesByDate,17973
31/08/2020,Wales,CumCasesByDate,18012
31/08/2020,Scotland,CumCasesByDate,20478
31/08/2020,Northern Ireland,CumCasesByDate,7245
31/08/2020,England,CumCasesByDate,290138
01/09/2020,England,CumCasesByDate,291179
01/09/2020,Wales,CumCasesByDate,18063
01/09/2020,Northern Ireland,CumCasesByDate,7294
01/09/2020,Scotland,CumCasesByDate,20632
02/09/2020,Wales,CumCasesByDate,18105
02/09/2020,Northern Ireland,CumCasesByDate,7365
02/09/2020,Scotland,CumCasesByDate,20788
02/09/2020,England,CumCasesByDate,292418
03/09/2020,England,CumCasesByDate,293925
03/09/2020,Wales,CumCasesByDate,18155
03/09/2020,Scotland,CumCasesByDate,20889
03/09/2020,Northern Ireland,CumCasesByDate,7442
04/09/2020,Northern Ireland,CumCasesByDate,7503
04/09/2020,Scotland,CumCasesByDate,21048
04/09/2020,Wales,CumCasesByDate,18206
04/09/2020,England,CumCasesByDate,295594
05/09/2020,England,CumCasesByDate,297071
05/09/2020,Scotland,CumCasesByDate,21189
05/09/2020,Northern Ireland,CumCasesByDate,7621
05/09/2020,Wales,CumCasesByDate,18283
06/09/2020,Scotland,CumCasesByDate,21397
06/09/2020,Wales,CumCasesByDate,18381
06/09/2020,Northern Ireland,CumCasesByDate,7727
06/09/2020,England,CumCasesByDate,299647
07/09/2020,England,CumCasesByDate,302175
07/09/2020,Northern Ireland,CumCasesByDate,7868
07/09/2020,Scotland,CumCasesByDate,21543
07/09/2020,Wales,CumCasesByDate,18514
08/09/2020,Wales,CumCasesByDate,18664
08/09/2020,Northern Ireland,CumCasesByDate,7908
08/09/2020,Scotland,CumCasesByDate,21719
08/09/2020,England,CumCasesByDate,304269
09/09/2020,England,CumCasesByDate,306555
09/09/2020,Northern Ireland,CumCasesByDate,7957
09/09/2020,Wales,CumCasesByDate,18829
09/09/2020,Scotland,CumCasesByDate,21878
10/09/2020,Northern Ireland,CumCasesByDate,8035
10/09/2020,Scotland,CumCasesByDate,22039
10/09/2020,Wales,CumCasesByDate,18931
10/09/2020,England,CumCasesByDate,309133
11/09/2020,England,CumCasesByDate,312276
11/09/2020,Wales,CumCasesByDate,19064
11/09/2020,Scotland,CumCasesByDate,22214
11/09/2020,Northern Ireland,CumCasesByDate,8123
12/09/2020,Northern Ireland,CumCasesByDate,8227
12/09/2020,Wales,CumCasesByDate,19228
12/09/2020,Scotland,CumCasesByDate,22435
12/09/2020,England,CumCasesByDate,315284
13/09/2020,England,CumCasesByDate,318121
13/09/2020,Scotland,CumCasesByDate,22679
13/09/2020,Northern Ireland,CumCasesByDate,8314
13/09/2020,Wales,CumCasesByDate,19390
14/09/2020,Northern Ireland,CumCasesByDate,8423
14/09/2020,Scotland,CumCasesByDate,22749
14/09/2020,Wales,CumCasesByDate,19573
14/09/2020,England,CumCasesByDate,320380
15/09/2020,England,CumCasesByDate,323029
15/09/2020,Wales,CumCasesByDate,19681
15/09/2020,Northern Ireland,CumCasesByDate,8502
15/09/2020,Scotland,CumCasesByDate,23016
16/09/2020,Wales,CumCasesByDate,19880
16/09/2020,Northern Ireland,CumCasesByDate,8631
16/09/2020,Scotland,CumCasesByDate,23283
16/09/2020,England,CumCasesByDate,326425
17/09/2020,England,CumCasesByDate,329213
17/09/2020,Northern Ireland,CumCasesByDate,8780
17/09/2020,Scotland,CumCasesByDate,23573
17/09/2020,Wales,CumCasesByDate,20048
18/09/2020,Scotland,CumCasesByDate,23776
18/09/2020,Wales,CumCasesByDate,20233
18/09/2020,Northern Ireland,CumCasesByDate,8943
18/09/2020,England,CumCasesByDate,332984
19/09/2020,England,CumCasesByDate,336622
19/09/2020,Scotland,CumCasesByDate,24126
19/09/2020,Northern Ireland,CumCasesByDate,9165
19/09/2020,Wales,CumCasesByDate,20445
20/09/2020,Northern Ireland,CumCasesByDate,9341
20/09/2020,Wales,CumCasesByDate,20644
20/09/2020,Scotland,CumCasesByDate,24371
20/09/2020,England,CumCasesByDate,339901
21/09/2020,England,CumCasesByDate,343655
21/09/2020,Scotland,CumCasesByDate,24626
21/09/2020,Wales,CumCasesByDate,20878
21/09/2020,Northern Ireland,CumCasesByDate,9466
22/09/2020,Wales,CumCasesByDate,21159
22/09/2020,Northern Ireland,CumCasesByDate,9541
22/09/2020,Scotland,CumCasesByDate,25009
22/09/2020,England,CumCasesByDate,347842
23/09/2020,England,CumCasesByDate,352925
23/09/2020,Wales,CumCasesByDate,21548
23/09/2020,Scotland,CumCasesByDate,25495
23/09/2020,Northern Ireland,CumCasesByDate,9761
24/09/2020,Wales,CumCasesByDate,21896
24/09/2020,Northern Ireland,CumCasesByDate,9950
24/09/2020,Scotland,CumCasesByDate,25960
24/09/2020,England,CumCasesByDate,358557
25/09/2020,England,CumCasesByDate,364280
25/09/2020,Wales,CumCasesByDate,22215
25/09/2020,Scotland,CumCasesByDate,26518
25/09/2020,Northern Ireland,CumCasesByDate,10223
26/09/2020,Scotland,CumCasesByDate,27232
26/09/2020,Northern Ireland,CumCasesByDate,10542
26/09/2020,Wales,CumCasesByDate,22584
26/09/2020,England,CumCasesByDate,368919
27/09/2020,England,CumCasesByDate,373719
27/09/2020,Northern Ireland,CumCasesByDate,10729
27/09/2020,Scotland,CumCasesByDate,27576
27/09/2020,Wales,CumCasesByDate,22945
28/09/2020,Wales,CumCasesByDate,23231
28/09/2020,Scotland,CumCasesByDate,27798
28/09/2020,Northern Ireland,CumCasesByDate,10949
28/09/2020,England,CumCasesByDate,377035
29/09/2020,England,CumCasesByDate,382686
29/09/2020,Wales,CumCasesByDate,23597
29/09/2020,Northern Ireland,CumCasesByDate,11269
29/09/2020,Scotland,CumCasesByDate,28604
30/09/2020,Wales,CumCasesByDate,23985
30/09/2020,Scotland,CumCasesByDate,29244
30/09/2020,Northern Ireland,CumCasesByDate,11693
30/09/2020,England,CumCasesByDate,388342
01/10/2020,England,CumCasesByDate,393931
01/10/2020,Northern Ireland,CumCasesByDate,11952
01/10/2020,Scotland,CumCasesByDate,29912
01/10/2020,Wales,CumCasesByDate,24383
02/10/2020,Wales,CumCasesByDate,24845
02/10/2020,Northern Ireland,CumCasesByDate,12886
02/10/2020,Scotland,CumCasesByDate,30687
02/10/2020,England,CumCasesByDate,398728
03/10/2020,England,CumCasesByDate,409534
03/10/2020,Northern Ireland,CumCasesByDate,13612
03/10/2020,Scotland,CumCasesByDate,31451
03/10/2020,Wales,CumCasesByDate,25420
04/10/2020,Wales,CumCasesByDate,25852
04/10/2020,Northern Ireland,CumCasesByDate,14074
04/10/2020,Scotland,CumCasesByDate,32209
04/10/2020,England,CumCasesByDate,430843
05/10/2020,England,CumCasesByDate,441528
05/10/2020,Scotland,CumCasesByDate,32906
05/10/2020,Wales,CumCasesByDate,26447
05/10/2020,Northern Ireland,CumCasesByDate,14690
06/10/2020,Northern Ireland,CumCasesByDate,15359
06/10/2020,Wales,CumCasesByDate,26872
06/10/2020,Scotland,CumCasesByDate,33706
06/10/2020,England,CumCasesByDate,454176
07/10/2020,England,CumCasesByDate,465704
07/10/2020,Scotland,CumCasesByDate,34760
07/10/2020,Wales,CumCasesByDate,27624
07/10/2020,Northern Ireland,CumCasesByDate,16187
08/10/2020,Wales,CumCasesByDate,28262
08/10/2020,Scotland,CumCasesByDate,35787
08/10/2020,Northern Ireland,CumCasesByDate,17110
08/10/2020,England,CumCasesByDate,480656
09/10/2020,England,CumCasesByDate,491428
09/10/2020,Scotland,CumCasesByDate,37033
09/10/2020,Wales,CumCasesByDate,29028
09/10/2020,Northern Ireland,CumCasesByDate,18190
10/10/2020,Northern Ireland,CumCasesByDate,19092
10/10/2020,Wales,CumCasesByDate,29654
10/10/2020,Scotland,CumCasesByDate,38042
10/10/2020,England,CumCasesByDate,504056
11/10/2020,England,CumCasesByDate,514439
11/10/2020,Scotland,CumCasesByDate,38998
11/10/2020,Wales,CumCasesByDate,30121
11/10/2020,Northern Ireland,CumCasesByDate,20158
12/10/2020,Scotland,CumCasesByDate,39959
12/10/2020,Northern Ireland,CumCasesByDate,21035
12/10/2020,Wales,CumCasesByDate,30608
12/10/2020,England,CumCasesByDate,526086
13/10/2020,England,CumCasesByDate,540396
13/10/2020,Northern Ireland,CumCasesByDate,21898
13/10/2020,Scotland,CumCasesByDate,41256
13/10/2020,Wales,CumCasesByDate,31370
14/10/2020,Northern Ireland,CumCasesByDate,23115
14/10/2020,Scotland,CumCasesByDate,42685
14/10/2020,Wales,CumCasesByDate,32316
14/10/2020,England,CumCasesByDate,556528
15/10/2020,England,CumCasesByDate,572667
15/10/2020,Wales,CumCasesByDate,33041
15/10/2020,Scotland,CumCasesByDate,44036
15/10/2020,Northern Ireland,CumCasesByDate,23878
16/10/2020,Wales,CumCasesByDate,34005
16/10/2020,Scotland,CumCasesByDate,45232
16/10/2020,Northern Ireland,CumCasesByDate,25177
16/10/2020,England,CumCasesByDate,584843
17/10/2020,England,CumCasesByDate,598142
17/10/2020,Wales,CumCasesByDate,34679
17/10/2020,Scotland,CumCasesByDate,46399
17/10/2020,Northern Ireland,CumCasesByDate,26208
18/10/2020,Scotland,CumCasesByDate,46715
18/10/2020,Northern Ireland,CumCasesByDate,27220
18/10/2020,Wales,CumCasesByDate,35628
18/10/2020,England,CumCasesByDate,612846
19/10/2020,England,CumCasesByDate,629211
19/10/2020,Scotland,CumCasesByDate,47708
19/10/2020,Wales,CumCasesByDate,36253
19/10/2020,Northern Ireland,CumCasesByDate,28040
20/10/2020,Scotland,CumCasesByDate,49164
20/10/2020,Northern Ireland,CumCasesByDate,28953
20/10/2020,Wales,CumCasesByDate,37400
20/10/2020,England,CumCasesByDate,647025
21/10/2020,England,CumCasesByDate,669973
21/10/2020,Scotland,CumCasesByDate,50903
21/10/2020,Northern Ireland,CumCasesByDate,29992
21/10/2020,Wales,CumCasesByDate,38361
22/10/2020,Northern Ireland,CumCasesByDate,31034
22/10/2020,Scotland,CumCasesByDate,52615
22/10/2020,Wales,CumCasesByDate,39491
22/10/2020,England,CumCasesByDate,687327
23/10/2020,England,CumCasesByDate,704443
23/10/2020,Northern Ireland,CumCasesByDate,32286
23/10/2020,Scotland,CumCasesByDate,54016
23/10/2020,Wales,CumCasesByDate,40253
24/10/2020,Scotland,CumCasesByDate,55449
24/10/2020,Northern Ireland,CumCasesByDate,33209
24/10/2020,Wales,CumCasesByDate,41577
24/10/2020,England,CumCasesByDate,723775
25/10/2020,England,CumCasesByDate,740262
25/10/2020,Northern Ireland,CumCasesByDate,34105
25/10/2020,Scotland,CumCasesByDate,56752
25/10/2020,Wales,CumCasesByDate,42681
26/10/2020,Wales,CumCasesByDate,43839
26/10/2020,Scotland,CumCasesByDate,57874
26/10/2020,Northern Ireland,CumCasesByDate,34832
26/10/2020,England,CumCasesByDate,758145
27/10/2020,England,CumCasesByDate,777774
27/10/2020,Wales,CumCasesByDate,45046
27/10/2020,Scotland,CumCasesByDate,59201
27/10/2020,Northern Ireland,CumCasesByDate,35554
28/10/2020,Scotland,CumCasesByDate,60403
28/10/2020,Northern Ireland,CumCasesByDate,36394
28/10/2020,Wales,CumCasesByDate,46459
28/10/2020,England,CumCasesByDate,799019
29/10/2020,England,CumCasesByDate,818759
29/10/2020,Wales,CumCasesByDate,47834
29/10/2020,Northern Ireland,CumCasesByDate,37216
29/10/2020,Scotland,CumCasesByDate,61531
30/10/2020,Scotland,CumCasesByDate,62812
30/10/2020,Wales,CumCasesByDate,49571
30/10/2020,Northern Ireland,CumCasesByDate,37782
30/10/2020,England,CumCasesByDate,839580
31/10/2020,England,CumCasesByDate,858444
31/10/2020,Scotland,CumCasesByDate,63913
31/10/2020,Wales,CumCasesByDate,50872
31/10/2020,Northern Ireland,CumCasesByDate,38431
01/11/2020,Wales,CumCasesByDate,51691
01/11/2020,Northern Ireland,CumCasesByDate,39116
01/11/2020,Scotland,CumCasesByDate,65061
01/11/2020,England,CumCasesByDate,879046
02/11/2020,England,CumCasesByDate,894906
02/11/2020,Scotland,CumCasesByDate,66012
02/11/2020,Northern Ireland,CumCasesByDate,39609
02/11/2020,Wales,CumCasesByDate,53337
03/11/2020,Wales,CumCasesByDate,54456
03/11/2020,Scotland,CumCasesByDate,67011
03/11/2020,Northern Ireland,CumCasesByDate,40179
03/11/2020,England,CumCasesByDate,912236
04/11/2020,England,CumCasesByDate,934099
04/11/2020,Wales,CumCasesByDate,55658
04/11/2020,Scotland,CumCasesByDate,68444
04/11/2020,Northern Ireland,CumCasesByDate,40858
05/11/2020,Scotland,CumCasesByDate,69660
05/11/2020,Wales,CumCasesByDate,56927
05/11/2020,Northern Ireland,CumCasesByDate,41374
05/11/2020,England,CumCasesByDate,955236
06/11/2020,England,CumCasesByDate,975504
06/11/2020,Scotland,CumCasesByDate,70732
06/11/2020,Wales,CumCasesByDate,58279
06/11/2020,Northern Ireland,CumCasesByDate,41969
07/11/2020,Northern Ireland,CumCasesByDate,42497
07/11/2020,Wales,CumCasesByDate,59237
07/11/2020,Scotland,CumCasesByDate,72328
07/11/2020,England,CumCasesByDate,997379
08/11/2020,England,CumCasesByDate,1015672
08/11/2020,Scotland,CumCasesByDate,73443
08/11/2020,Wales,CumCasesByDate,59981
08/11/2020,Northern Ireland,CumCasesByDate,42917
09/11/2020,Wales,CumCasesByDate,60912
09/11/2020,Scotland,CumCasesByDate,74355
09/11/2020,Northern Ireland,CumCasesByDate,43388
09/11/2020,England,CumCasesByDate,1034708
10/11/2020,England,CumCasesByDate,1053330
10/11/2020,Scotland,CumCasesByDate,75187
10/11/2020,Wales,CumCasesByDate,61356
10/11/2020,Northern Ireland,CumCasesByDate,43902
11/11/2020,Northern Ireland,CumCasesByDate,44693
11/11/2020,Wales,CumCasesByDate,62284
11/11/2020,Scotland,CumCasesByDate,76448
11/11/2020,England,CumCasesByDate,1073300
12/11/2020,England,CumCasesByDate,1104143
12/11/2020,Northern Ireland,CumCasesByDate,45241
12/11/2020,Scotland,CumCasesByDate,77660
12/11/2020,Wales,CumCasesByDate,63151
13/11/2020,Northern Ireland,CumCasesByDate,45848
13/11/2020,Scotland,CumCasesByDate,79017
13/11/2020,Wales,CumCasesByDate,63948
13/11/2020,England,CumCasesByDate,1128683
14/11/2020,England,CumCasesByDate,1152981
14/11/2020,Wales,CumCasesByDate,64881
14/11/2020,Northern Ireland,CumCasesByDate,46359
14/11/2020,Scotland,CumCasesByDate,80135
15/11/2020,Wales,CumCasesByDate,66214
15/11/2020,Northern Ireland,CumCasesByDate,46831
15/11/2020,Scotland,CumCasesByDate,81294
15/11/2020,England,CumCasesByDate,1174979
16/11/2020,England,CumCasesByDate,1194402
16/11/2020,Northern Ireland,CumCasesByDate,47162
16/11/2020,Scotland,CumCasesByDate,82011
16/11/2020,Wales,CumCasesByDate,67106
17/11/2020,Wales,CumCasesByDate,67811
17/11/2020,Scotland,CumCasesByDate,83259
17/11/2020,Northern Ireland,CumCasesByDate,47711
17/11/2020,England,CumCasesByDate,1211951
18/11/2020,England,CumCasesByDate,1229140
18/11/2020,Scotland,CumCasesByDate,84523
18/11/2020,Northern Ireland,CumCasesByDate,48229
18/11/2020,Wales,CumCasesByDate,68449
19/11/2020,Scotland,CumCasesByDate,85612
19/11/2020,Northern Ireland,CumCasesByDate,48716
19/11/2020,Wales,CumCasesByDate,69497
19/11/2020,England,CumCasesByDate,1249431
20/11/2020,England,CumCasesByDate,1267276
20/11/2020,Scotland,CumCasesByDate,86630
20/11/2020,Northern Ireland,CumCasesByDate,49085
20/11/2020,Wales,CumCasesByDate,70517
21/11/2020,Wales,CumCasesByDate,71533
21/11/2020,Northern Ireland,CumCasesByDate,49442
21/11/2020,Scotland,CumCasesByDate,87517
21/11/2020,England,CumCasesByDate,1284891
22/11/2020,England,CumCasesByDate,1301559
22/11/2020,Northern Ireland,CumCasesByDate,49784
22/11/2020,Wales,CumCasesByDate,72341
22/11/2020,Scotland,CumCasesByDate,88361
23/11/2020,Northern Ireland,CumCasesByDate,50064
23/11/2020,Wales,CumCasesByDate,73233
23/11/2020,Scotland,CumCasesByDate,89310
23/11/2020,England,CumCasesByDate,1314888
24/11/2020,England,CumCasesByDate,1324742
24/11/2020,Wales,CumCasesByDate,73828
24/11/2020,Northern Ireland,CumCasesByDate,50143
24/11/2020,Scotland,CumCasesByDate,90081
25/11/2020,Northern Ireland,CumCasesByDate,50676
25/11/2020,Scotland,CumCasesByDate,90961
25/11/2020,Wales,CumCasesByDate,74735
25/11/2020,England,CumCasesByDate,1340635
26/11/2020,England,CumCasesByDate,1355272
26/11/2020,Scotland,CumCasesByDate,92186
26/11/2020,Wales,CumCasesByDate,75986
26/11/2020,Northern Ireland,CumCasesByDate,51118
27/11/2020,Northern Ireland,CumCasesByDate,51509
27/11/2020,Wales,CumCasesByDate,77091
27/11/2020,Scotland,CumCasesByDate,93155
27/11/2020,England,CumCasesByDate,1367546
28/11/2020,England,CumCasesByDate,1380869
28/11/2020,Northern Ireland,CumCasesByDate,51824
28/11/2020,Scotland,CumCasesByDate,93943
28/11/2020,Wales,CumCasesByDate,78536
29/11/2020,Wales,CumCasesByDate,79540
29/11/2020,Scotland,CumCasesByDate,94689
29/11/2020,Northern Ireland,CumCasesByDate,52175
29/11/2020,England,CumCasesByDate,1390923
30/11/2020,England,CumCasesByDate,1401792
30/11/2020,Northern Ireland,CumCasesByDate,52465
30/11/2020,Wales,CumCasesByDate,80342
30/11/2020,Scotland,CumCasesByDate,95058
01/12/2020,Northern Ireland,CumCasesByDate,52856
01/12/2020,Wales,CumCasesByDate,81009
01/12/2020,Scotland,CumCasesByDate,95811
01/12/2020,England,CumCasesByDate,1413410
02/12/2020,England,CumCasesByDate,1426733
02/12/2020,Northern Ireland,CumCasesByDate,53272
02/12/2020,Scotland,CumCasesByDate,96762
02/12/2020,Wales,CumCasesByDate,82489
03/12/2020,Wales,CumCasesByDate,83961
03/12/2020,Northern Ireland,CumCasesByDate,53728
03/12/2020,Scotland,CumCasesByDate,97720
03/12/2020,England,CumCasesByDate,1438725
04/12/2020,England,CumCasesByDate,1452137
04/12/2020,Scotland,CumCasesByDate,98686
04/12/2020,Northern Ireland,CumCasesByDate,54177
04/12/2020,Wales,CumCasesByDate,85432
05/12/2020,Scotland,CumCasesByDate,99463
05/12/2020,Northern Ireland,CumCasesByDate,54628
05/12/2020,Wales,CumCasesByDate,87077
05/12/2020,England,CumCasesByDate,1464803
06/12/2020,England,CumCasesByDate,1479097
06/12/2020,Wales,CumCasesByDate,88992
06/12/2020,Northern Ireland,CumCasesByDate,55047
06/12/2020,Scotland,CumCasesByDate,100106
07/12/2020,Scotland,CumCasesByDate,100783
07/12/2020,Wales,CumCasesByDate,91013
07/12/2020,Northern Ireland,CumCasesByDate,55444
07/12/2020,England,CumCasesByDate,1490720
08/12/2020,England,CumCasesByDate,1501179
08/12/2020,Scotland,CumCasesByDate,101475
08/12/2020,Wales,CumCasesByDate,91792
08/12/2020,Northern Ireland,CumCasesByDate,55795
09/12/2020,Wales,CumCasesByDate,94030
09/12/2020,Scotland,CumCasesByDate,102372
09/12/2020,Northern Ireland,CumCasesByDate,56278
09/12/2020,England,CumCasesByDate,1514139
10/12/2020,England,CumCasesByDate,1531761
10/12/2020,Scotland,CumCasesByDate,103305
10/12/2020,Wales,CumCasesByDate,95998
10/12/2020,Northern Ireland,CumCasesByDate,56719
11/12/2020,Northern Ireland,CumCasesByDate,57257
11/12/2020,Scotland,CumCasesByDate,104306
11/12/2020,Wales,CumCasesByDate,98232
11/12/2020,England,CumCasesByDate,1549660
12/12/2020,England,CumCasesByDate,1567128
12/12/2020,Wales,CumCasesByDate,100725
12/12/2020,Northern Ireland,CumCasesByDate,57733
12/12/2020,Scotland,CumCasesByDate,105370
13/12/2020,Wales,CumCasesByDate,100725
13/12/2020,Northern Ireland,CumCasesByDate,58216
13/12/2020,Scotland,CumCasesByDate,106170
13/12/2020,England,CumCasesByDate,1584292
14/12/2020,England,CumCasesByDate,1602174
14/12/2020,Northern Ireland,CumCasesByDate,58635
14/12/2020,Wales,CumCasesByDate,101953
14/12/2020,Scotland,CumCasesByDate,106904
15/12/2020,Northern Ireland,CumCasesByDate,59121
15/12/2020,Wales,CumCasesByDate,102568
15/12/2020,Scotland,CumCasesByDate,107749
15/12/2020,England,CumCasesByDate,1618678
16/12/2020,England,CumCasesByDate,1642110
16/12/2020,Northern Ireland,CumCasesByDate,59631
16/12/2020,Scotland,CumCasesByDate,108438
16/12/2020,Wales,CumCasesByDate,103098
17/12/2020,Wales,CumCasesByDate,114566
17/12/2020,Northern Ireland,CumCasesByDate,60287
17/12/2020,Scotland,CumCasesByDate,109296
17/12/2020,England,CumCasesByDate,1664511
18/12/2020,England,CumCasesByDate,1688963
18/12/2020,Scotland,CumCasesByDate,110040
18/12/2020,Northern Ireland,CumCasesByDate,60797
18/12/2020,Wales,CumCasesByDate,117367
19/12/2020,Scotland,CumCasesByDate,110612
19/12/2020,Wales,CumCasesByDate,120432
19/12/2020,Northern Ireland,CumCasesByDate,61437
19/12/2020,England,CumCasesByDate,1711738
20/12/2020,England,CumCasesByDate,1743893
20/12/2020,Northern Ireland,CumCasesByDate,61942
20/12/2020,Wales,CumCasesByDate,122766
20/12/2020,Scotland,CumCasesByDate,111546
21/12/2020,Wales,CumCasesByDate,125329
21/12/2020,Scotland,CumCasesByDate,113050
21/12/2020,Northern Ireland,CumCasesByDate,62497
21/12/2020,England,CumCasesByDate,1772635
22/12/2020,England,CumCasesByDate,1804923
22/12/2020,Wales,CumCasesByDate,128089
22/12/2020,Scotland,CumCasesByDate,114366
22/12/2020,Northern Ireland,CumCasesByDate,62936
23/12/2020,Scotland,CumCasesByDate,115556
23/12/2020,Northern Ireland,CumCasesByDate,63723
23/12/2020,Wales,CumCasesByDate,131102
23/12/2020,England,CumCasesByDate,1839170
24/12/2020,England,CumCasesByDate,1874731
24/12/2020,Scotland,CumCasesByDate,116870
24/12/2020,Wales,CumCasesByDate,133263
24/12/2020,Northern Ireland,CumCasesByDate,64564
25/12/2020,Scotland,CumCasesByDate,118035
25/12/2020,Wales,CumCasesByDate,133263
25/12/2020,Northern Ireland,CumCasesByDate,64564
25/12/2020,England,CumCasesByDate,1906291
26/12/2020,England,CumCasesByDate,1937598
26/12/2020,Wales,CumCasesByDate,135500
26/12/2020,Northern Ireland,CumCasesByDate,65562
26/12/2020,Scotland,CumCasesByDate,119184
27/12/2020,Northern Ireland,CumCasesByDate,65562
27/12/2020,Scotland,CumCasesByDate,119924
27/12/2020,Wales,CumCasesByDate,139642
27/12/2020,England,CumCasesByDate,1963217
28/12/2020,England,CumCasesByDate,1999728
28/12/2020,Northern Ireland,CumCasesByDate,67196
28/12/2020,Wales,CumCasesByDate,141915
28/12/2020,Scotland,CumCasesByDate,120891
29/12/2020,Scotland,CumCasesByDate,122786
29/12/2020,Northern Ireland,CumCasesByDate,68762
29/12/2020,Wales,CumCasesByDate,144425
29/12/2020,England,CumCasesByDate,2046892
30/12/2020,England,CumCasesByDate,2090446
30/12/2020,Northern Ireland,CumCasesByDate,70905
30/12/2020,Wales,CumCasesByDate,146706
30/12/2020,Scotland,CumCasesByDate,124831
31/12/2020,Scotland,CumCasesByDate,127453
31/12/2020,Wales,CumCasesByDate,148537
31/12/2020,Northern Ireland,CumCasesByDate,72834
31/12/2020,England,CumCasesByDate,2139956
01/01/2021,England,CumCasesByDate,2190702
01/01/2021,Wales,CumCasesByDate,148537
01/01/2021,Scotland,CumCasesByDate,129992
01/01/2021,Northern Ireland,CumCasesByDate,72834
02/01/2021,Wales,CumCasesByDate,151300
02/01/2021,Northern Ireland,CumCasesByDate,76410
02/01/2021,Scotland,CumCasesByDate,132129
02/01/2021,England,CumCasesByDate,2239950
03/01/2021,England,CumCasesByDate,2286803
03/01/2021,Scotland,CumCasesByDate,134593
03/01/2021,Northern Ireland,CumCasesByDate,78072
03/01/2021,Wales,CumCasesByDate,155311
04/01/2021,Scotland,CumCasesByDate,136498
04/01/2021,Northern Ireland,CumCasesByDate,79873
04/01/2021,Wales,CumCasesByDate,157209
04/01/2021,England,CumCasesByDate,2339983
05/01/2021,England,CumCasesByDate,2394923
05/01/2021,Scotland,CumCasesByDate,139027
05/01/2021,Northern Ireland,CumCasesByDate,81251
05/01/2021,Wales,CumCasesByDate,159278
06/01/2021,Wales,CumCasesByDate,161516
06/01/2021,Northern Ireland,CumCasesByDate,83236
06/01/2021,Scotland,CumCasesByDate,141066
06/01/2021,England,CumCasesByDate,2450983
07/01/2021,England,CumCasesByDate,2497824
07/01/2021,Scotland,CumCasesByDate,143715
07/01/2021,Northern Ireland,CumCasesByDate,84646
07/01/2021,Wales,CumCasesByDate,163234
08/01/2021,Northern Ireland,CumCasesByDate,86146
08/01/2021,Scotland,CumCasesByDate,146024
08/01/2021,Wales,CumCasesByDate,165721
08/01/2021,England,CumCasesByDate,2559581
09/01/2021,England,CumCasesByDate,2613838
09/01/2021,Scotland,CumCasesByDate,147889
09/01/2021,Northern Ireland,CumCasesByDate,87588
09/01/2021,Wales,CumCasesByDate,168094
10/01/2021,Wales,CumCasesByDate,169754
10/01/2021,Northern Ireland,CumCasesByDate,88700
10/01/2021,Scotland,CumCasesByDate,149766
10/01/2021,England,CumCasesByDate,2664129
11/01/2021,England,CumCasesByDate,2705964
11/01/2021,Wales,CumCasesByDate,171547
11/01/2021,Scotland,CumCasesByDate,151548
11/01/2021,Northern Ireland,CumCasesByDate,89459
12/01/2021,Northern Ireland,CumCasesByDate,90664
12/01/2021,Wales,CumCasesByDate,172879
12/01/2021,Scotland,CumCasesByDate,153423
12/01/2021,England,CumCasesByDate,2747085
13/01/2021,England,CumCasesByDate,2789983
13/01/2021,Northern Ireland,CumCasesByDate,91809
13/01/2021,Wales,CumCasesByDate,174412
13/01/2021,Scotland,CumCasesByDate,155372
14/01/2021,Wales,CumCasesByDate,176056
14/01/2021,Northern Ireland,CumCasesByDate,92782
14/01/2021,Scotland,CumCasesByDate,157079
14/01/2021,England,CumCasesByDate,2834341
15/01/2021,England,CumCasesByDate,2885082
15/01/2021,Scotland,CumCasesByDate,159239
15/01/2021,Northern Ireland,CumCasesByDate,93834
15/01/2021,Wales,CumCasesByDate,177864
16/01/2021,Scotland,CumCasesByDate,160992
16/01/2021,Northern Ireland,CumCasesByDate,94539
16/01/2021,Wales,CumCasesByDate,178989
16/01/2021,England,CumCasesByDate,2922841
17/01/2021,England,CumCasesByDate,2958104
17/01/2021,Scotland,CumCasesByDate,162333
17/01/2021,Northern Ireland,CumCasesByDate,95361
17/01/2021,Wales,CumCasesByDate,180161
18/01/2021,Northern Ireland,CumCasesByDate,96001
18/01/2021,Scotland,CumCasesByDate,163762
18/01/2021,Wales,CumCasesByDate,181493
18/01/2021,England,CumCasesByDate,2992238
19/01/2021,England,CumCasesByDate,3022609
19/01/2021,Wales,CumCasesByDate,182599
19/01/2021,Northern Ireland,CumCasesByDate,96714
19/01/2021,Scotland,CumCasesByDate,164927
20/01/2021,Scotland,CumCasesByDate,166583
20/01/2021,Northern Ireland,CumCasesByDate,97619
20/01/2021,Wales,CumCasesByDate,183882
20/01/2021,England,CumCasesByDate,3057670
21/01/2021,England,CumCasesByDate,3092041
21/01/2021,Scotland,CumCasesByDate,168219
21/01/2021,Northern Ireland,CumCasesByDate,98351
21/01/2021,Wales,CumCasesByDate,185035
22/01/2021,Wales,CumCasesByDate,185836
22/01/2021,Scotland,CumCasesByDate,169699
22/01/2021,Northern Ireland,CumCasesByDate,99216
22/01/2021,England,CumCasesByDate,3129156
23/01/2021,England,CumCasesByDate,3159652
23/01/2021,Northern Ireland,CumCasesByDate,99886
23/01/2021,Scotland,CumCasesByDate,171006
23/01/2021,Wales,CumCasesByDate,186915
24/01/2021,Northern Ireland,CumCasesByDate,100319
24/01/2021,Wales,CumCasesByDate,187711
24/01/2021,Scotland,CumCasesByDate,172201
24/01/2021,England,CumCasesByDate,3187232
25/01/2021,England,CumCasesByDate,3207381
25/01/2021,Northern Ireland,CumCasesByDate,100741
25/01/2021,Scotland,CumCasesByDate,172953
25/01/2021,Wales,CumCasesByDate,188583
26/01/2021,Wales,CumCasesByDate,189152
26/01/2021,Scotland,CumCasesByDate,174002
26/01/2021,Northern Ireland,CumCasesByDate,101291
26/01/2021,England,CumCasesByDate,3225301
27/01/2021,England,CumCasesByDate,3248215
27/01/2021,Wales,CumCasesByDate,189689
27/01/2021,Northern Ireland,CumCasesByDate,101818
27/01/2021,Scotland,CumCasesByDate,175332
28/01/2021,Wales,CumCasesByDate,190394
28/01/2021,Northern Ireland,CumCasesByDate,102410
28/01/2021,Scotland,CumCasesByDate,176533
28/01/2021,England,CumCasesByDate,3274397
29/01/2021,England,CumCasesByDate,3301106
29/01/2021,Northern Ireland,CumCasesByDate,103079
29/01/2021,Scotland,CumCasesByDate,177688
29/01/2021,Wales,CumCasesByDate,190940
30/01/2021,Wales,CumCasesByDate,191677
30/01/2021,Scotland,CumCasesByDate,178682
30/01/2021,Northern Ireland,CumCasesByDate,103534
30/01/2021,England,CumCasesByDate,3322195
31/01/2021,England,CumCasesByDate,3341249
31/01/2021,Northern Ireland,CumCasesByDate,103960
31/01/2021,Wales,CumCasesByDate,192282
31/01/2021,Scotland,CumCasesByDate,179685
01/02/2021,Northern Ireland,CumCasesByDate,104274
01/02/2021,Wales,CumCasesByDate,192912
01/02/2021,Scotland,CumCasesByDate,180533
01/02/2021,England,CumCasesByDate,3358064
02/02/2021,England,CumCasesByDate,3373085
02/02/2021,Northern Ireland,CumCasesByDate,104721
02/02/2021,Wales,CumCasesByDate,193526
02/02/2021,Scotland,CumCasesByDate,181291
03/02/2021,Scotland,CumCasesByDate,182269
03/02/2021,Wales,CumCasesByDate,193981
03/02/2021,Northern Ireland,CumCasesByDate,105225
03/02/2021,England,CumCasesByDate,3390350
04/02/2021,England,CumCasesByDate,3408879
04/02/2021,Scotland,CumCasesByDate,183418
04/02/2021,Wales,CumCasesByDate,194525
04/02/2021,Northern Ireland,CumCasesByDate,105637
05/02/2021,Northern Ireland,CumCasesByDate,106143
05/02/2021,Wales,CumCasesByDate,194924
05/02/2021,Scotland,CumCasesByDate,184313
05/02/2021,England,CumCasesByDate,3426193
06/02/2021,England,CumCasesByDate,3442495
06/02/2021,Wales,CumCasesByDate,195599
06/02/2021,Northern Ireland,CumCasesByDate,106533
06/02/2021,Scotland,CumCasesByDate,185208
07/02/2021,Wales,CumCasesByDate,196060
07/02/2021,Scotland,CumCasesByDate,185792
07/02/2021,Northern Ireland,CumCasesByDate,106867
07/02/2021,England,CumCasesByDate,3456961
08/02/2021,England,CumCasesByDate,3469231
08/02/2021,Scotland,CumCasesByDate,186720
08/02/2021,Northern Ireland,CumCasesByDate,107163
08/02/2021,Wales,CumCasesByDate,196670
09/02/2021,Northern Ireland,CumCasesByDate,107438
09/02/2021,Scotland,CumCasesByDate,187542
09/02/2021,Wales,CumCasesByDate,197021
09/02/2021,England,CumCasesByDate,3480147
10/02/2021,England,CumCasesByDate,3491698
10/02/2021,Scotland,CumCasesByDate,188345
10/02/2021,Northern Ireland,CumCasesByDate,107774
10/02/2021,Wales,CumCasesByDate,197344
11/02/2021,Scotland,CumCasesByDate,189175
11/02/2021,Northern Ireland,CumCasesByDate,108027
11/02/2021,Wales,CumCasesByDate,197754
11/02/2021,England,CumCasesByDate,3503699
12/02/2021,England,CumCasesByDate,3516998
12/02/2021,Wales,CumCasesByDate,198362
12/02/2021,Northern Ireland,CumCasesByDate,108434
12/02/2021,Scotland,CumCasesByDate,190005
13/02/2021,Wales,CumCasesByDate,198761
13/02/2021,Northern Ireland,CumCasesByDate,108737
13/02/2021,Scotland,CumCasesByDate,190913
13/02/2021,England,CumCasesByDate,3528695
14/02/2021,England,CumCasesByDate,3538194
14/02/2021,Scotland,CumCasesByDate,191816
14/02/2021,Northern Ireland,CumCasesByDate,108913
14/02/2021,Wales,CumCasesByDate,199155
15/02/2021,Northern Ireland,CumCasesByDate,109147
15/02/2021,Scotland,CumCasesByDate,192375
15/02/2021,Wales,CumCasesByDate,199518
15/02/2021,England,CumCasesByDate,3546803
16/02/2021,England,CumCasesByDate,3556039
16/02/2021,Scotland,CumCasesByDate,193148
16/02/2021,Wales,CumCasesByDate,199793
16/02/2021,Northern Ireland,CumCasesByDate,109488
17/02/2021,Northern Ireland,CumCasesByDate,109785
17/02/2021,Wales,CumCasesByDate,200166
17/02/2021,Scotland,CumCasesByDate,194269
17/02/2021,England,CumCasesByDate,3566965
18/02/2021,England,CumCasesByDate,3577705
18/02/2021,Northern Ireland,CumCasesByDate,110127
18/02/2021,Wales,CumCasesByDate,200456
18/02/2021,Scotland,CumCasesByDate,194954
19/02/2021,Northern Ireland,CumCasesByDate,110440
19/02/2021,Wales,CumCasesByDate,200989
19/02/2021,Scotland,CumCasesByDate,195839
19/02/2021,England,CumCasesByDate,3588001
20/02/2021,England,CumCasesByDate,3596965
20/02/2021,Northern Ireland,CumCasesByDate,110716
20/02/2021,Wales,CumCasesByDate,201352
20/02/2021,Scotland,CumCasesByDate,196642
21/02/2021,Wales,CumCasesByDate,201688
21/02/2021,Scotland,CumCasesByDate,197469
21/02/2021,Northern Ireland,CumCasesByDate,110979
21/02/2021,England,CumCasesByDate,3605373
22/02/2021,England,CumCasesByDate,3614793
22/02/2021,Wales,CumCasesByDate,202007
22/02/2021,Northern Ireland,CumCasesByDate,111166
22/02/2021,Scotland,CumCasesByDate,198184
23/02/2021,Scotland,CumCasesByDate,198839
23/02/2021,Northern Ireland,CumCasesByDate,111391
23/02/2021,Wales,CumCasesByDate,202324
23/02/2021,England,CumCasesByDate,3622085
24/02/2021,England,CumCasesByDate,3630729
24/02/2021,Northern Ireland,CumCasesByDate,111651
24/02/2021,Scotland,CumCasesByDate,199637
24/02/2021,Wales,CumCasesByDate,202560
25/02/2021,Scotland,CumCasesByDate,200406
25/02/2021,Northern Ireland,CumCasesByDate,111932
25/02/2021,Wales,CumCasesByDate,202872
25/02/2021,England,CumCasesByDate,3639352
26/02/2021,England,CumCasesByDate,3646745
26/02/2021,Wales,CumCasesByDate,203180
26/02/2021,Scotland,CumCasesByDate,200987
26/02/2021,Northern Ireland,CumCasesByDate,112173
27/02/2021,Wales,CumCasesByDate,203378
27/02/2021,Northern Ireland,CumCasesByDate,112357
27/02/2021,Scotland,CumCasesByDate,201512
27/02/2021,England,CumCasesByDate,3653272
28/02/2021,England,CumCasesByDate,3658352
28/02/2021,Northern Ireland,CumCasesByDate,112493
28/02/2021,Scotland,CumCasesByDate,202084
28/02/2021,Wales,CumCasesByDate,203625
01/03/2021,Wales,CumCasesByDate,203818
01/03/2021,England,CumCasesByDate,3663090
01/03/2021,Scotland,CumCasesByDate,202470
01/03/2021,Northern Ireland,CumCasesByDate,112631
02/03/2021,Northern Ireland,CumCasesByDate,112780
02/03/2021,Wales,CumCasesByDate,203988
02/03/2021,England,CumCasesByDate,3668620
02/03/2021,Scotland,CumCasesByDate,203012
03/03/2021,Scotland,CumCasesByDate,203555
03/03/2021,England,CumCasesByDate,3674028
03/03/2021,Northern Ireland,CumCasesByDate,113006
03/03/2021,Wales,CumCasesByDate,204196
04/03/2021,Wales,CumCasesByDate,204463
04/03/2021,Scotland,CumCasesByDate,204055
04/03/2021,England,CumCasesByDate,3679671
04/03/2021,Northern Ireland,CumCasesByDate,113169
05/03/2021,Northern Ireland,CumCasesByDate,113335
05/03/2021,Wales,CumCasesByDate,204692
05/03/2021,Scotland,CumCasesByDate,204553
05/03/2021,England,CumCasesByDate,3684724
06/03/2021,Scotland,CumCasesByDate,205108
06/03/2021,England,CumCasesByDate,3689842
06/03/2021,Northern Ireland,CumCasesByDate,113507
06/03/2021,Wales,CumCasesByDate,204886
07/03/2021,Wales,CumCasesByDate,205038
07/03/2021,England,CumCasesByDate,3694339
07/03/2021,Scotland,CumCasesByDate,205498
07/03/2021,Northern Ireland,CumCasesByDate,113645
08/03/2021,Northern Ireland,CumCasesByDate,113789
08/03/2021,Wales,CumCasesByDate,205202
08/03/2021,England,CumCasesByDate,3698242
08/03/2021,Scotland,CumCasesByDate,205999
09/03/2021,Scotland,CumCasesByDate,206465
09/03/2021,England,CumCasesByDate,3703136
09/03/2021,Northern Ireland,CumCasesByDate,114029
09/03/2021,Wales,CumCasesByDate,205368
10/03/2021,Wales,CumCasesByDate,205593
10/03/2021,Scotland,CumCasesByDate,207156
10/03/2021,England,CumCasesByDate,3707999
10/03/2021,Northern Ireland,CumCasesByDate,114176
11/03/2021,Northern Ireland,CumCasesByDate,114399
11/03/2021,Wales,CumCasesByDate,205788
11/03/2021,Scotland,CumCasesByDate,207747
11/03/2021,England,CumCasesByDate,3713743
12/03/2021,England,CumCasesByDate,3719272
12/03/2021,Scotland,CumCasesByDate,208429
12/03/2021,Northern Ireland,CumCasesByDate,114607
12/03/2021,Wales,CumCasesByDate,205978
13/03/2021,Wales,CumCasesByDate,206188
13/03/2021,Scotland,CumCasesByDate,209068
13/03/2021,England,CumCasesByDate,3723811
13/03/2021,Northern Ireland,CumCasesByDate,114753
14/03/2021,Northern Ireland,CumCasesByDate,114896
14/03/2021,Wales,CumCasesByDate,206405
14/03/2021,England,CumCasesByDate,3727585
14/03/2021,Scotland,CumCasesByDate,209552
15/03/2021,England,CumCasesByDate,3731849
15/03/2021,Scotland,CumCasesByDate,210008
15/03/2021,Northern Ireland,CumCasesByDate,115017
15/03/2021,Wales,CumCasesByDate,206653
16/03/2021,Wales,CumCasesByDate,206795
16/03/2021,Scotland,CumCasesByDate,210605
16/03/2021,England,CumCasesByDate,3736240
16/03/2021,Northern Ireland,CumCasesByDate,115181
17/03/2021,Northern Ireland,CumCasesByDate,115342
17/03/2021,Wales,CumCasesByDate,206940
17/03/2021,Scotland,CumCasesByDate,211230
17/03/2021,England,CumCasesByDate,3741067
18/03/2021,England,CumCasesByDate,3746280
18/03/2021,Scotland,CumCasesByDate,211854
18/03/2021,Northern Ireland,CumCasesByDate,115511
18/03/2021,Wales,CumCasesByDate,207237
19/03/2021,Wales,CumCasesByDate,207438
19/03/2021,England,CumCasesByDate,3750089
19/03/2021,Scotland,CumCasesByDate,212509
19/03/2021,Northern Ireland,CumCasesByDate,115648
20/03/2021,Northern Ireland,CumCasesByDate,115807
20/03/2021,Wales,CumCasesByDate,207646
20/03/2021,England,CumCasesByDate,3754821
20/03/2021,Scotland,CumCasesByDate,212997
21/03/2021,Scotland,CumCasesByDate,213529
21/03/2021,England,CumCasesByDate,3759280
21/03/2021,Northern Ireland,CumCasesByDate,115932
21/03/2021,Wales,CumCasesByDate,207842
22/03/2021,Wales,CumCasesByDate,207992
22/03/2021,Scotland,CumCasesByDate,213888
22/03/2021,England,CumCasesByDate,3764026
22/03/2021,Northern Ireland,CumCasesByDate,116019
23/03/2021,Northern Ireland,CumCasesByDate,116193
23/03/2021,Wales,CumCasesByDate,208119
23/03/2021,Scotland,CumCasesByDate,214383
23/03/2021,England,CumCasesByDate,3768609
24/03/2021,England,CumCasesByDate,3773224
24/03/2021,Scotland,CumCasesByDate,215075
24/03/2021,Northern Ireland,CumCasesByDate,116332
24/03/2021,Wales,CumCasesByDate,208277
25/03/2021,Wales,CumCasesByDate,208504
25/03/2021,England,CumCasesByDate,3778510
25/03/2021,Scotland,CumCasesByDate,215599
25/03/2021,Northern Ireland,CumCasesByDate,116515
26/03/2021,Northern Ireland,CumCasesByDate,116696
26/03/2021,Wales,CumCasesByDate,208694
26/03/2021,England,CumCasesByDate,3783783
26/03/2021,Scotland,CumCasesByDate,216142
27/03/2021,England,CumCasesByDate,3786746
27/03/2021,Scotland,CumCasesByDate,216705
27/03/2021,Northern Ireland,CumCasesByDate,116834
27/03/2021,Wales,CumCasesByDate,208895
28/03/2021,Wales,CumCasesByDate,209066
28/03/2021,England,CumCasesByDate,3789899
28/03/2021,Scotland,CumCasesByDate,217127
28/03/2021,Northern Ireland,CumCasesByDate,116950
29/03/2021,Northern Ireland,CumCasesByDate,117015
29/03/2021,England,CumCasesByDate,3794011
29/03/2021,Wales,CumCasesByDate,209191
29/03/2021,Scotland,CumCasesByDate,217479
30/03/2021,Scotland,CumCasesByDate,217890
30/03/2021,Northern Ireland,CumCasesByDate,117166
30/03/2021,England,CumCasesByDate,3797395
30/03/2021,Wales,CumCasesByDate,209285
31/03/2021,England,CumCasesByDate,3800722
31/03/2021,Wales,CumCasesByDate,209345
31/03/2021,Scotland,CumCasesByDate,218432
31/03/2021,Northern Ireland,CumCasesByDate,117289
01/04/2021,Northern Ireland,CumCasesByDate,117396
01/04/2021,England,CumCasesByDate,3804506
01/04/2021,Wales,CumCasesByDate,209532
01/04/2021,Scotland,CumCasesByDate,218832
02/04/2021,Scotland,CumCasesByDate,219246
02/04/2021,Northern Ireland,CumCasesByDate,117503
02/04/2021,Wales,CumCasesByDate,209532
02/04/2021,England,CumCasesByDate,3807387
03/04/2021,England,CumCasesByDate,3810234
03/04/2021,Wales,CumCasesByDate,209627
03/04/2021,Scotland,CumCasesByDate,219643
03/04/2021,Northern Ireland,CumCasesByDate,117587
04/04/2021,Northern Ireland,CumCasesByDate,117587
04/04/2021,England,CumCasesByDate,3812188
04/04/2021,Wales,CumCasesByDate,209627
04/04/2021,Scotland,CumCasesByDate,219986
05/04/2021,Scotland,CumCasesByDate,220234
05/04/2021,Northern Ireland,CumCasesByDate,117676
05/04/2021,Wales,CumCasesByDate,209816
05/04/2021,England,CumCasesByDate,3814424
06/04/2021,England,CumCasesByDate,3816361
06/04/2021,Wales,CumCasesByDate,209942
06/04/2021,Scotland,CumCasesByDate,220493
06/04/2021,Northern Ireland,CumCasesByDate,117733
07/04/2021,Northern Ireland,CumCasesByDate,117821
07/04/2021,England,CumCasesByDate,3818665
07/04/2021,Wales,CumCasesByDate,210023
07/04/2021,Scotland,CumCasesByDate,220782
08/04/2021,Scotland,CumCasesByDate,221146
08/04/2021,Northern Ireland,CumCasesByDate,117919
08/04/2021,England,CumCasesByDate,3821151
08/04/2021,Wales,CumCasesByDate,210105
09/04/2021,Wales,CumCasesByDate,210219
09/04/2021,England,CumCasesByDate,3815779
09/04/2021,Scotland,CumCasesByDate,221431
09/04/2021,Northern Ireland,CumCasesByDate,118032
10/04/2021,Northern Ireland,CumCasesByDate,118178
10/04/2021,Wales,CumCasesByDate,210344
10/04/2021,England,CumCasesByDate,3817811
10/04/2021,Scotland,CumCasesByDate,221712
11/04/2021,Scotland,CumCasesByDate,221962
11/04/2021,Northern Ireland,CumCasesByDate,118267
11/04/2021,England,CumCasesByDate,3819149
11/04/2021,Wales,CumCasesByDate,210397
12/04/2021,Wales,CumCasesByDate,210447
12/04/2021,England,CumCasesByDate,3822371
12/04/2021,Scotland,CumCasesByDate,222161
12/04/2021,Northern Ireland,CumCasesByDate,118364
13/04/2021,Northern Ireland,CumCasesByDate,118476
13/04/2021,England,CumCasesByDate,3824441
13/04/2021,Wales,CumCasesByDate,210515
13/04/2021,Scotland,CumCasesByDate,222382
14/04/2021,Scotland,CumCasesByDate,222660
14/04/2021,Northern Ireland,CumCasesByDate,118573
14/04/2021,England,CumCasesByDate,3826495
14/04/2021,Wales,CumCasesByDate,210577
15/04/2021,Wales,CumCasesByDate,210681
15/04/2021,England,CumCasesByDate,3828666
15/04/2021,Scotland,CumCasesByDate,222897
15/04/2021,Northern Ireland,CumCasesByDate,118732
16/04/2021,Northern Ireland,CumCasesByDate,118851
16/04/2021,Wales,CumCasesByDate,210729
16/04/2021,England,CumCasesByDate,3830891
16/04/2021,Scotland,CumCasesByDate,223261
17/04/2021,Scotland,CumCasesByDate,223471
17/04/2021,Northern Ireland,CumCasesByDate,118950
17/04/2021,England,CumCasesByDate,3832788
17/04/2021,Wales,CumCasesByDate,210729
18/04/2021,Wales,CumCasesByDate,210823
18/04/2021,England,CumCasesByDate,3834283
18/04/2021,Scotland,CumCasesByDate,223682
18/04/2021,Northern Ireland,CumCasesByDate,119032
19/04/2021,Northern Ireland,CumCasesByDate,119111
19/04/2021,England,CumCasesByDate,3836833
19/04/2021,Wales,CumCasesByDate,210925
19/04/2021,Scotland,CumCasesByDate,223914
20/04/2021,Scotland,CumCasesByDate,224092
20/04/2021,Northern Ireland,CumCasesByDate,119235
20/04/2021,England,CumCasesByDate,3839002
20/04/2021,Wales,CumCasesByDate,210978
21/04/2021,England,CumCasesByDate,3840945
21/04/2021,Wales,CumCasesByDate,211042
21/04/2021,Scotland,CumCasesByDate,224365
21/04/2021,Northern Ireland,CumCasesByDate,119351
22/04/2021,Northern Ireland,CumCasesByDate,119471
22/04/2021,Wales,CumCasesByDate,211104
22/04/2021,England,CumCasesByDate,3843260
22/04/2021,Scotland,CumCasesByDate,224596
23/04/2021,Scotland,CumCasesByDate,224851
23/04/2021,Northern Ireland,CumCasesByDate,119559
23/04/2021,Wales,CumCasesByDate,211162
23/04/2021,England,CumCasesByDate,3845537
24/04/2021,England,CumCasesByDate,3847341
24/04/2021,Wales,CumCasesByDate,211162
24/04/2021,Scotland,CumCasesByDate,225028
24/04/2021,Northern Ireland,CumCasesByDate,119639
25/04/2021,Northern Ireland,CumCasesByDate,119712
25/04/2021,England,CumCasesByDate,3848742
25/04/2021,Wales,CumCasesByDate,211224
25/04/2021,Scotland,CumCasesByDate,225204
26/04/2021,Scotland,CumCasesByDate,225346
26/04/2021,Northern Ireland,CumCasesByDate,119785
26/04/2021,England,CumCasesByDate,3850494
26/04/2021,Wales,CumCasesByDate,211321
27/04/2021,Wales,CumCasesByDate,211354
27/04/2021,England,CumCasesByDate,3852904
27/04/2021,Scotland,CumCasesByDate,225479
27/04/2021,Northern Ireland,CumCasesByDate,119894
28/04/2021,Northern Ireland,CumCasesByDate,119992
28/04/2021,Wales,CumCasesByDate,211389
28/04/2021,England,CumCasesByDate,3854733
28/04/2021,Scotland,CumCasesByDate,225683
29/04/2021,Scotland,CumCasesByDate,225861
29/04/2021,Northern Ireland,CumCasesByDate,120087
29/04/2021,England,CumCasesByDate,3856836
29/04/2021,Wales,CumCasesByDate,211458
30/04/2021,England,CumCasesByDate,3858882
30/04/2021,Wales,CumCasesByDate,211494
30/04/2021,Scotland,CumCasesByDate,226052
30/04/2021,Northern Ireland,CumCasesByDate,120195
01/05/2021,Northern Ireland,CumCasesByDate,120285
01/05/2021,England,CumCasesByDate,3860524
01/05/2021,Wales,CumCasesByDate,211494
01/05/2021,Scotland,CumCasesByDate,226227
02/05/2021,Scotland,CumCasesByDate,226373
02/05/2021,Northern Ireland,CumCasesByDate,120354
02/05/2021,England,CumCasesByDate,3861901
02/05/2021,Wales,CumCasesByDate,211573
03/05/2021,Wales,CumCasesByDate,211573
03/05/2021,England,CumCasesByDate,3863354
03/05/2021,Scotland,CumCasesByDate,226505
03/05/2021,Northern Ireland,CumCasesByDate,120418
04/05/2021,Northern Ireland,CumCasesByDate,120501
04/05/2021,Wales,CumCasesByDate,211638
04/05/2021,England,CumCasesByDate,3865013
04/05/2021,Scotland,CumCasesByDate,226644
05/05/2021,Scotland,CumCasesByDate,226729
05/05/2021,Northern Ireland,CumCasesByDate,120600
05/05/2021,Wales,CumCasesByDate,211692
05/05/2021,England,CumCasesByDate,3866919
06/05/2021,Wales,CumCasesByDate,211726
06/05/2021,England,CumCasesByDate,3869113
06/05/2021,Scotland,CumCasesByDate,227012
06/05/2021,Northern Ireland,CumCasesByDate,120702
07/05/2021,Northern Ireland,CumCasesByDate,120767
07/05/2021,England,CumCasesByDate,3871255
07/05/2021,Wales,CumCasesByDate,211773
07/05/2021,Scotland,CumCasesByDate,227248
08/05/2021,Scotland,CumCasesByDate,227472
08/05/2021,Northern Ireland,CumCasesByDate,120848
08/05/2021,Wales,CumCasesByDate,211773
08/05/2021,England,CumCasesByDate,3872997
09/05/2021,Wales,CumCasesByDate,211827
09/05/2021,England,CumCasesByDate,3874415
09/05/2021,Scotland,CumCasesByDate,227672
09/05/2021,Northern Ireland,CumCasesByDate,120946
10/05/2021,Northern Ireland,CumCasesByDate,121022
10/05/2021,Wales,CumCasesByDate,211931
10/05/2021,England,CumCasesByDate,3876424
10/05/2021,Scotland,CumCasesByDate,227840
11/05/2021,Scotland,CumCasesByDate,228078
11/05/2021,Northern Ireland,CumCasesByDate,121111
11/05/2021,Wales,CumCasesByDate,211961
11/05/2021,England,CumCasesByDate,3878541
12/05/2021,Wales,CumCasesByDate,211983
12/05/2021,England,CumCasesByDate,3880345
12/05/2021,Scotland,CumCasesByDate,228423
12/05/2021,Northern Ireland,CumCasesByDate,121224
13/05/2021,Northern Ireland,CumCasesByDate,121323
13/05/2021,Wales,CumCasesByDate,212041
13/05/2021,England,CumCasesByDate,3882574
13/05/2021,Scotland,CumCasesByDate,228693
14/05/2021,Scotland,CumCasesByDate,228908
14/05/2021,Northern Ireland,CumCasesByDate,121419
14/05/2021,England,CumCasesByDate,3884402
14/05/2021,Wales,CumCasesByDate,212095
15/05/2021,England,CumCasesByDate,3886016
15/05/2021,Wales,CumCasesByDate,212095
15/05/2021,Scotland,CumCasesByDate,229321
15/05/2021,Northern Ireland,CumCasesByDate,121419
16/05/2021,Northern Ireland,CumCasesByDate,121528
16/05/2021,England,CumCasesByDate,3887487
16/05/2021,Wales,CumCasesByDate,212149
16/05/2021,Scotland,CumCasesByDate,229613
17/05/2021,Scotland,CumCasesByDate,229774
17/05/2021,Northern Ireland,CumCasesByDate,121610
17/05/2021,Wales,CumCasesByDate,212240
17/05/2021,England,CumCasesByDate,3889132
18/05/2021,England,CumCasesByDate,3886364
18/05/2021,Wales,CumCasesByDate,212272
18/05/2021,Scotland,CumCasesByDate,230042
18/05/2021,Northern Ireland,CumCasesByDate,121714
19/05/2021,Northern Ireland,CumCasesByDate,121821
19/05/2021,Wales,CumCasesByDate,212316
19/05/2021,England,CumCasesByDate,3887954
19/05/2021,Scotland,CumCasesByDate,230436
20/05/2021,Scotland,CumCasesByDate,230868
20/05/2021,Northern Ireland,CumCasesByDate,121911
20/05/2021,England,CumCasesByDate,3890081
20/05/2021,Wales,CumCasesByDate,212361
21/05/2021,Wales,CumCasesByDate,212388
21/05/2021,England,CumCasesByDate,3892258
21/05/2021,Scotland,CumCasesByDate,231282
21/05/2021,Northern Ireland,CumCasesByDate,121995
22/05/2021,Northern Ireland,CumCasesByDate,122077
22/05/2021,England,CumCasesByDate,3894329
22/05/2021,Wales,CumCasesByDate,212388
22/05/2021,Scotland,CumCasesByDate,231652
23/05/2021,Scotland,CumCasesByDate,232030
23/05/2021,Northern Ireland,CumCasesByDate,122154
23/05/2021,England,CumCasesByDate,3895920
23/05/2021,Wales,CumCasesByDate,212434
24/05/2021,England,CumCasesByDate,3897815
24/05/2021,Wales,CumCasesByDate,212535
24/05/2021,Scotland,CumCasesByDate,232343
24/05/2021,Northern Ireland,CumCasesByDate,122207
25/05/2021,Northern Ireland,CumCasesByDate,122282
25/05/2021,Wales,CumCasesByDate,212554
25/05/2021,England,CumCasesByDate,3899813
25/05/2021,Scotland,CumCasesByDate,232661
26/05/2021,Scotland,CumCasesByDate,233207
26/05/2021,Northern Ireland,CumCasesByDate,122348
26/05/2021,Wales,CumCasesByDate,212582
26/05/2021,England,CumCasesByDate,3902160
27/05/2021,England,CumCasesByDate,3904934
27/05/2021,Wales,CumCasesByDate,212640
27/05/2021,Scotland,CumCasesByDate,233671
27/05/2021,Northern Ireland,CumCasesByDate,122432
28/05/2021,Northern Ireland,CumCasesByDate,122507
28/05/2021,Wales,CumCasesByDate,212672
28/05/2021,England,CumCasesByDate,3908214
28/05/2021,Scotland,CumCasesByDate,234312
29/05/2021,Scotland,CumCasesByDate,234895
29/05/2021,Northern Ireland,CumCasesByDate,122575
29/05/2021,England,CumCasesByDate,3910803
29/05/2021,Wales,CumCasesByDate,212672
30/05/2021,Wales,CumCasesByDate,212702
30/05/2021,England,CumCasesByDate,3913295
30/05/2021,Scotland,CumCasesByDate,235421
30/05/2021,Northern Ireland,CumCasesByDate,122638
31/05/2021,Northern Ireland,CumCasesByDate,122677
31/05/2021,England,CumCasesByDate,3916049
31/05/2021,Wales,CumCasesByDate,212702
31/05/2021,Scotland,CumCasesByDate,235911
01/06/2021,Scotland,CumCasesByDate,236389
01/06/2021,Northern Ireland,CumCasesByDate,122731
01/06/2021,England,CumCasesByDate,3918522
01/06/2021,Wales,CumCasesByDate,212796
02/06/2021,Wales,CumCasesByDate,212879
02/06/2021,England,CumCasesByDate,3921939
02/06/2021,Scotland,CumCasesByDate,237066
02/06/2021,Northern Ireland,CumCasesByDate,122815
03/06/2021,Northern Ireland,CumCasesByDate,122895
03/06/2021,England,CumCasesByDate,3926154
03/06/2021,Wales,CumCasesByDate,212928
03/06/2021,Scotland,CumCasesByDate,237901
04/06/2021,Scotland,CumCasesByDate,238893
04/06/2021,Northern Ireland,CumCasesByDate,122968
04/06/2021,England,CumCasesByDate,3931158
04/06/2021,Wales,CumCasesByDate,212999
05/06/2021,England,CumCasesByDate,3935854
05/06/2021,Wales,CumCasesByDate,212999
05/06/2021,Scotland,CumCasesByDate,239753
05/06/2021,Northern Ireland,CumCasesByDate,123063
06/06/2021,Northern Ireland,CumCasesByDate,123132
06/06/2021,England,CumCasesByDate,3940141
06/06/2021,Wales,CumCasesByDate,213091
06/06/2021,Scotland,CumCasesByDate,240528
07/06/2021,Scotland,CumCasesByDate,241169
07/06/2021,Northern Ireland,CumCasesByDate,123186
07/06/2021,England,CumCasesByDate,3944955
07/06/2021,Wales,CumCasesByDate,213166
08/06/2021,England,CumCasesByDate,3950123
08/06/2021,Wales,CumCasesByDate,213188
08/06/2021,Scotland,CumCasesByDate,241864
08/06/2021,Northern Ireland,CumCasesByDate,123267
09/06/2021,Northern Ireland,CumCasesByDate,123372
09/06/2021,England,CumCasesByDate,3956096
09/06/2021,Wales,CumCasesByDate,213411
09/06/2021,Scotland,CumCasesByDate,242875
10/06/2021,Scotland,CumCasesByDate,243610
10/06/2021,Northern Ireland,CumCasesByDate,123481
10/06/2021,Wales,CumCasesByDate,213524
10/06/2021,England,CumCasesByDate,3962371
11/06/2021,England,CumCasesByDate,3968986
11/06/2021,Wales,CumCasesByDate,213642
11/06/2021,Scotland,CumCasesByDate,244714
11/06/2021,Northern Ireland,CumCasesByDate,123602
12/06/2021,Northern Ireland,CumCasesByDate,123709
12/06/2021,Wales,CumCasesByDate,213642
12/06/2021,England,CumCasesByDate,3975399
12/06/2021,Scotland,CumCasesByDate,245744
13/06/2021,Scotland,CumCasesByDate,246780
13/06/2021,Northern Ireland,CumCasesByDate,123779
13/06/2021,England,CumCasesByDate,3981497
13/06/2021,Wales,CumCasesByDate,213757
14/06/2021,England,CumCasesByDate,3988008
14/06/2021,Wales,CumCasesByDate,214004
14/06/2021,Scotland,CumCasesByDate,247541
14/06/2021,Northern Ireland,CumCasesByDate,123866
15/06/2021,Northern Ireland,CumCasesByDate,123981
15/06/2021,England,CumCasesByDate,3994408
15/06/2021,Wales,CumCasesByDate,214102
15/06/2021,Scotland,CumCasesByDate,248515
16/06/2021,Scotland,CumCasesByDate,249644
16/06/2021,Northern Ireland,CumCasesByDate,124124
16/06/2021,England,CumCasesByDate,4001803
16/06/2021,Wales,CumCasesByDate,214243
17/06/2021,Wales,CumCasesByDate,214382
17/06/2021,England,CumCasesByDate,4010977
17/06/2021,Scotland,CumCasesByDate,250961
17/06/2021,Northern Ireland,CumCasesByDate,124303
18/06/2021,Northern Ireland,CumCasesByDate,124481
18/06/2021,Wales,CumCasesByDate,214545
18/06/2021,England,CumCasesByDate,4019956
18/06/2021,Scotland,CumCasesByDate,251911
19/06/2021,Scotland,CumCasesByDate,253120
19/06/2021,Northern Ireland,CumCasesByDate,124639
19/06/2021,Wales,CumCasesByDate,214545
19/06/2021,England,CumCasesByDate,4028664
20/06/2021,England,CumCasesByDate,4036230
20/06/2021,Wales,CumCasesByDate,214721
20/06/2021,Scotland,CumCasesByDate,254325
20/06/2021,Northern Ireland,CumCasesByDate,124764
21/06/2021,Northern Ireland,CumCasesByDate,124897
21/06/2021,Wales,CumCasesByDate,215205
21/06/2021,England,CumCasesByDate,4044830
21/06/2021,Scotland,CumCasesByDate,255575
22/06/2021,Scotland,CumCasesByDate,257742
22/06/2021,Northern Ireland,CumCasesByDate,125084
22/06/2021,England,CumCasesByDate,4053782
22/06/2021,Wales,CumCasesByDate,215380
23/06/2021,England,CumCasesByDate,4066294
23/06/2021,Wales,CumCasesByDate,215593
23/06/2021,Scotland,CumCasesByDate,260711
23/06/2021,Northern Ireland,CumCasesByDate,125272
24/06/2021,Northern Ireland,CumCasesByDate,125470
24/06/2021,Wales,CumCasesByDate,216030
24/06/2021,England,CumCasesByDate,4079362
24/06/2021,Scotland,CumCasesByDate,263710
25/06/2021,Scotland,CumCasesByDate,265457
25/06/2021,Northern Ireland,CumCasesByDate,125699
25/06/2021,Wales,CumCasesByDate,216366
25/06/2021,England,CumCasesByDate,4092346
26/06/2021,Wales,CumCasesByDate,216366
26/06/2021,England,CumCasesByDate,4107155
26/06/2021,Scotland,CumCasesByDate,268293
26/06/2021,Northern Ireland,CumCasesByDate,125997
27/06/2021,Northern Ireland,CumCasesByDate,126258
27/06/2021,England,CumCasesByDate,4118462
27/06/2021,Wales,CumCasesByDate,216782
27/06/2021,Scotland,CumCasesByDate,270932
28/06/2021,Scotland,CumCasesByDate,274217
28/06/2021,Northern Ireland,CumCasesByDate,126469
28/06/2021,Wales,CumCasesByDate,217452
28/06/2021,England,CumCasesByDate,4136940
29/06/2021,Wales,CumCasesByDate,217732
29/06/2021,England,CumCasesByDate,4153487
29/06/2021,Scotland,CumCasesByDate,277335
29/06/2021,Northern Ireland,CumCasesByDate,126747
30/06/2021,Northern Ireland,CumCasesByDate,127122
30/06/2021,Wales,CumCasesByDate,218245
30/06/2021,England,CumCasesByDate,4174318
30/06/2021,Scotland,CumCasesByDate,281222
01/07/2021,Scotland,CumCasesByDate,285456
01/07/2021,Northern Ireland,CumCasesByDate,127448
01/07/2021,Wales,CumCasesByDate,218726
01/07/2021,England,CumCasesByDate,4196833
02/07/2021,England,CumCasesByDate,4218807
02/07/2021,Wales,CumCasesByDate,219296
02/07/2021,Scotland,CumCasesByDate,289279
02/07/2021,Northern Ireland,CumCasesByDate,127787
03/07/2021,Northern Ireland,CumCasesByDate,128247
03/07/2021,England,CumCasesByDate,4239686
03/07/2021,Wales,CumCasesByDate,219296
03/07/2021,Scotland,CumCasesByDate,292387
04/07/2021,Scotland,CumCasesByDate,295113
04/07/2021,Northern Ireland,CumCasesByDate,128780
04/07/2021,Wales,CumCasesByDate,219831
04/07/2021,England,CumCasesByDate,4259710
05/07/2021,Wales,CumCasesByDate,221087
05/07/2021,England,CumCasesByDate,4282762
05/07/2021,Scotland,CumCasesByDate,297485
05/07/2021,Northern Ireland,CumCasesByDate,129200
06/07/2021,Northern Ireland,CumCasesByDate,129617
06/07/2021,England,CumCasesByDate,4307618
06/07/2021,Wales,CumCasesByDate,221785
06/07/2021,Scotland,CumCasesByDate,299848
07/07/2021,Scotland,CumCasesByDate,303647
07/07/2021,Northern Ireland,CumCasesByDate,130187
07/07/2021,Wales,CumCasesByDate,222448
07/07/2021,England,CumCasesByDate,4334634
08/07/2021,England,CumCasesByDate,4362481
08/07/2021,Wales,CumCasesByDate,223149
08/07/2021,Scotland,CumCasesByDate,306449
08/07/2021,Northern Ireland,CumCasesByDate,130814
09/07/2021,Northern Ireland,CumCasesByDate,131419
09/07/2021,England,CumCasesByDate,4393205
09/07/2021,Wales,CumCasesByDate,223804
09/07/2021,Scotland,CumCasesByDate,309665
10/07/2021,Scotland,CumCasesByDate,311855
10/07/2021,Northern Ireland,CumCasesByDate,131864
10/07/2021,Wales,CumCasesByDate,223804
10/07/2021,England,CumCasesByDate,4422370
11/07/2021,Wales,CumCasesByDate,224501
11/07/2021,England,CumCasesByDate,4450372
11/07/2021,Scotland,CumCasesByDate,313903
11/07/2021,Northern Ireland,CumCasesByDate,132469
12/07/2021,Northern Ireland,CumCasesByDate,132997
12/07/2021,England,CumCasesByDate,4480518
12/07/2021,Wales,CumCasesByDate,225691
12/07/2021,Scotland,CumCasesByDate,316037
13/07/2021,Scotland,CumCasesByDate,318566
13/07/2021,Northern Ireland,CumCasesByDate,133508
13/07/2021,England,CumCasesByDate,4512957
13/07/2021,Wales,CumCasesByDate,226428
14/07/2021,England,CumCasesByDate,4550298
14/07/2021,Wales,CumCasesByDate,227563
14/07/2021,Scotland,CumCasesByDate,321202
14/07/2021,Northern Ireland,CumCasesByDate,134144
15/07/2021,Northern Ireland,CumCasesByDate,135227
15/07/2021,Wales,CumCasesByDate,228424
15/07/2021,England,CumCasesByDate,4594159
15/07/2021,Scotland,CumCasesByDate,323288
16/07/2021,Scotland,CumCasesByDate,325335
16/07/2021,Northern Ireland,CumCasesByDate,136607
16/07/2021,Wales,CumCasesByDate,229507
16/07/2021,England,CumCasesByDate,4640922
17/07/2021,Wales,CumCasesByDate,229507
17/07/2021,England,CumCasesByDate,4691172
17/07/2021,Scotland,CumCasesByDate,327652
17/07/2021,Northern Ireland,CumCasesByDate,138009
18/07/2021,Northern Ireland,CumCasesByDate,138546
18/07/2021,England,CumCasesByDate,4735387
18/07/2021,Wales,CumCasesByDate,230619
18/07/2021,Scotland,CumCasesByDate,329387
19/07/2021,Scotland,CumCasesByDate,330851
19/07/2021,Northern Ireland,CumCasesByDate,140322
19/07/2021,Wales,CumCasesByDate,232672
19/07/2021,England,CumCasesByDate,4769632
20/07/2021,England,CumCasesByDate,4812460
20/07/2021,Wales,CumCasesByDate,233227
20/07/2021,Scotland,CumCasesByDate,332455
20/07/2021,Northern Ireland,CumCasesByDate,141460
21/07/2021,Northern Ireland,CumCasesByDate,143433
21/07/2021,Wales,CumCasesByDate,234168
21/07/2021,England,CumCasesByDate,4851264
21/07/2021,Scotland,CumCasesByDate,334141
22/07/2021,Scotland,CumCasesByDate,335966
22/07/2021,Northern Ireland,CumCasesByDate,144863
22/07/2021,Wales,CumCasesByDate,234880
22/07/2021,England,CumCasesByDate,4886612
23/07/2021,Wales,CumCasesByDate,235635
23/07/2021,England,CumCasesByDate,4918669
23/07/2021,Scotland,CumCasesByDate,337471
23/07/2021,Northern Ireland,CumCasesByDate,146200
24/07/2021,Northern Ireland,CumCasesByDate,147720
24/07/2021,England,CumCasesByDate,4947127
24/07/2021,Wales,CumCasesByDate,235635
24/07/2021,Scotland,CumCasesByDate,338778
25/07/2021,Scotland,CumCasesByDate,340015
25/07/2021,Northern Ireland,CumCasesByDate,148984
25/07/2021,England,CumCasesByDate,4972040
25/07/2021,Wales,CumCasesByDate,236873
26/07/2021,Wales,CumCasesByDate,238003
26/07/2021,England,CumCasesByDate,4993657
26/07/2021,Scotland,CumCasesByDate,341015
26/07/2021,Northern Ireland,CumCasesByDate,149623
27/07/2021,Northern Ireland,CumCasesByDate,151096
27/07/2021,Wales,CumCasesByDate,238707
27/07/2021,England,CumCasesByDate,5013664
27/07/2021,Scotland,CumCasesByDate,342059
28/07/2021,Scotland,CumCasesByDate,341307
28/07/2021,Northern Ireland,CumCasesByDate,152696
28/07/2021,Wales,CumCasesByDate,239295
28/07/2021,England,CumCasesByDate,5037630
29/07/2021,England,CumCasesByDate,5064671
29/07/2021,Wales,CumCasesByDate,240019
29/07/2021,Scotland,CumCasesByDate,342704
29/07/2021,Northern Ireland,CumCasesByDate,154167
30/07/2021,Northern Ireland,CumCasesByDate,155268
30/07/2021,Wales,CumCasesByDate,240843
30/07/2021,England,CumCasesByDate,5090505
30/07/2021,Scotland,CumCasesByDate,344158
31/07/2021,Scotland,CumCasesByDate,345176
31/07/2021,Northern Ireland,CumCasesByDate,156445
31/07/2021,England,CumCasesByDate,5114064
31/07/2021,Wales,CumCasesByDate,240843
01/08/2021,Wales,CumCasesByDate,241562
01/08/2021,England,CumCasesByDate,5135378
01/08/2021,Scotland,CumCasesByDate,346210
01/08/2021,Northern Ireland,CumCasesByDate,157517
02/08/2021,Northern Ireland,CumCasesByDate,158389
02/08/2021,England,CumCasesByDate,5154292
02/08/2021,Wales,CumCasesByDate,242668
02/08/2021,Scotland,CumCasesByDate,347005
03/08/2021,Scotland,CumCasesByDate,348018
03/08/2021,Northern Ireland,CumCasesByDate,159471
03/08/2021,England,CumCasesByDate,5173082
03/08/2021,Wales,CumCasesByDate,243249
04/08/2021,Wales,CumCasesByDate,243857
04/08/2021,England,CumCasesByDate,5199102
04/08/2021,Scotland,CumCasesByDate,349286
04/08/2021,Northern Ireland,CumCasesByDate,160511
05/08/2021,Northern Ireland,CumCasesByDate,162152
05/08/2021,Wales,CumCasesByDate,244538
05/08/2021,England,CumCasesByDate,5225224
05/08/2021,Scotland,CumCasesByDate,350667
06/08/2021,Scotland,CumCasesByDate,351915
06/08/2021,Northern Ireland,CumCasesByDate,163586
06/08/2021,England,CumCasesByDate,5253181
06/08/2021,Wales,CumCasesByDate,245341
07/08/2021,Wales,CumCasesByDate,245341
07/08/2021,England,CumCasesByDate,5278675
07/08/2021,Scotland,CumCasesByDate,353301
07/08/2021,Northern Ireland,CumCasesByDate,164935
08/08/2021,Northern Ireland,CumCasesByDate,166064
08/08/2021,Wales,CumCasesByDate,246205
08/08/2021,England,CumCasesByDate,5302555
08/08/2021,Scotland,CumCasesByDate,354538
09/08/2021,Scotland,CumCasesByDate,355388
09/08/2021,Northern Ireland,CumCasesByDate,167095
09/08/2021,Wales,CumCasesByDate,247569
09/08/2021,England,CumCasesByDate,5324191
10/08/2021,England,CumCasesByDate,5344609
10/08/2021,Wales,CumCasesByDate,248112
10/08/2021,Scotland,CumCasesByDate,356419
10/08/2021,Northern Ireland,CumCasesByDate,168400
11/08/2021,Northern Ireland,CumCasesByDate,169867
11/08/2021,England,CumCasesByDate,5370904
11/08/2021,Wales,CumCasesByDate,248112
11/08/2021,Scotland,CumCasesByDate,357917
12/08/2021,Scotland,CumCasesByDate,359442
12/08/2021,Northern Ireland,CumCasesByDate,171477
12/08/2021,England,CumCasesByDate,5398629
12/08/2021,Wales,CumCasesByDate,249958
13/08/2021,Wales,CumCasesByDate,251048
13/08/2021,England,CumCasesByDate,5426971
13/08/2021,Scotland,CumCasesByDate,360983
13/08/2021,Northern Ireland,CumCasesByDate,172866
14/08/2021,Northern Ireland,CumCasesByDate,174303
14/08/2021,England,CumCasesByDate,5453294
14/08/2021,Wales,CumCasesByDate,251048
14/08/2021,Scotland,CumCasesByDate,362366
15/08/2021,Scotland,CumCasesByDate,363860
15/08/2021,Northern Ireland,CumCasesByDate,175597
15/08/2021,Wales,CumCasesByDate,252147
15/08/2021,England,CumCasesByDate,5475833
16/08/2021,England,CumCasesByDate,5498742
16/08/2021,Wales,CumCasesByDate,254541
16/08/2021,Scotland,CumCasesByDate,365427
16/08/2021,Northern Ireland,CumCasesByDate,176903
17/08/2021,Northern Ireland,CumCasesByDate,178467
17/08/2021,Wales,CumCasesByDate,255302
17/08/2021,England,CumCasesByDate,5521231
17/08/2021,Scotland,CumCasesByDate,367241
18/08/2021,Scotland,CumCasesByDate,369779
18/08/2021,Northern Ireland,CumCasesByDate,179812
18/08/2021,Wales,CumCasesByDate,256675
18/08/2021,England,CumCasesByDate,5549621
19/08/2021,England,CumCasesByDate,5579087
19/08/2021,Wales,CumCasesByDate,258155
19/08/2021,Scotland,CumCasesByDate,373143
19/08/2021,Northern Ireland,CumCasesByDate,181775
20/08/2021,Northern Ireland,CumCasesByDate,184172
20/08/2021,Wales,CumCasesByDate,259883
20/08/2021,England,CumCasesByDate,5608339
20/08/2021,Scotland,CumCasesByDate,376753
21/08/2021,Scotland,CumCasesByDate,380217
21/08/2021,Northern Ireland,CumCasesByDate,185784
21/08/2021,England,CumCasesByDate,5635046
21/08/2021,Wales,CumCasesByDate,259883
22/08/2021,England,CumCasesByDate,5660725
22/08/2021,Wales,CumCasesByDate,261509
22/08/2021,Scotland,CumCasesByDate,383403
22/08/2021,Northern Ireland,CumCasesByDate,187269
23/08/2021,Northern Ireland,CumCasesByDate,188589
23/08/2021,Wales,CumCasesByDate,264756
23/08/2021,England,CumCasesByDate,5684645
23/08/2021,Scotland,CumCasesByDate,386591
24/08/2021,Scotland,CumCasesByDate,390908
24/08/2021,Northern Ireland,CumCasesByDate,190237
24/08/2021,England,CumCasesByDate,5707906
24/08/2021,Wales,CumCasesByDate,266149
25/08/2021,England,CumCasesByDate,5734967
25/08/2021,Wales,CumCasesByDate,267854
25/08/2021,Scotland,CumCasesByDate,395918
25/08/2021,Northern Ireland,CumCasesByDate,192008
26/08/2021,Northern Ireland,CumCasesByDate,193558
26/08/2021,Wales,CumCasesByDate,270243
26/08/2021,England,CumCasesByDate,5764066
26/08/2021,Scotland,CumCasesByDate,400842
27/08/2021,Scotland,CumCasesByDate,407660
27/08/2021,Northern Ireland,CumCasesByDate,195433
27/08/2021,England,CumCasesByDate,5791272
27/08/2021,Wales,CumCasesByDate,272034
28/08/2021,England,CumCasesByDate,5816071
28/08/2021,Wales,CumCasesByDate,272034
28/08/2021,Scotland,CumCasesByDate,413518
28/08/2021,Northern Ireland,CumCasesByDate,196863
29/08/2021,Northern Ireland,CumCasesByDate,198088
29/08/2021,Wales,CumCasesByDate,274390
29/08/2021,England,CumCasesByDate,5838323
29/08/2021,Scotland,CumCasesByDate,420622
30/08/2021,Scotland,CumCasesByDate,424508
30/08/2021,Northern Ireland,CumCasesByDate,199347
30/08/2021,Wales,CumCasesByDate,274390
30/08/2021,England,CumCasesByDate,5859405
31/08/2021,England,CumCasesByDate,5880134
31/08/2021,Wales,CumCasesByDate,278262
31/08/2021,Scotland,CumCasesByDate,430525
31/08/2021,Northern Ireland,CumCasesByDate,200660
01/09/2021,Northern Ireland,CumCasesByDate,202132
01/09/2021,England,CumCasesByDate,5904664
01/09/2021,Wales,CumCasesByDate,281590
01/09/2021,Scotland,CumCasesByDate,436688
02/09/2021,Scotland,CumCasesByDate,443080
02/09/2021,Northern Ireland,CumCasesByDate,202925
02/09/2021,England,CumCasesByDate,5933034
02/09/2021,Wales,CumCasesByDate,283865
03/09/2021,England,CumCasesByDate,5964760
03/09/2021,Wales,CumCasesByDate,286256
03/09/2021,Scotland,CumCasesByDate,449780
03/09/2021,Northern Ireland,CumCasesByDate,204173
04/09/2021,Northern Ireland,CumCasesByDate,205985
04/09/2021,Wales,CumCasesByDate,286256
04/09/2021,England,CumCasesByDate,5993444
04/09/2021,Scotland,CumCasesByDate,455926
05/09/2021,Scotland,CumCasesByDate,462288
05/09/2021,Northern Ireland,CumCasesByDate,207217
05/09/2021,Wales,CumCasesByDate,288645
05/09/2021,England,CumCasesByDate,6019976
06/09/2021,England,CumCasesByDate,6046799
06/09/2021,Wales,CumCasesByDate,293806
06/09/2021,Scotland,CumCasesByDate,469341
06/09/2021,Northern Ireland,CumCasesByDate,208981
07/09/2021,Northern Ireland,CumCasesByDate,210729
07/09/2021,Wales,CumCasesByDate,296310
07/09/2021,England,CumCasesByDate,6074040
07/09/2021,Scotland,CumCasesByDate,475027
08/09/2021,Scotland,CumCasesByDate,480824
08/09/2021,Northern Ireland,CumCasesByDate,211939
08/09/2021,Wales,CumCasesByDate,298979
08/09/2021,England,CumCasesByDate,6102850
09/09/2021,England,CumCasesByDate,6129372
09/09/2021,Wales,CumCasesByDate,301276
09/09/2021,Scotland,CumCasesByDate,487654
09/09/2021,Northern Ireland,CumCasesByDate,213770
10/09/2021,Northern Ireland,CumCasesByDate,215457
10/09/2021,England,CumCasesByDate,6155149
10/09/2021,Wales,CumCasesByDate,303743
10/09/2021,Scotland,CumCasesByDate,494457
11/09/2021,Scotland,CumCasesByDate,498745
11/09/2021,Northern Ireland,CumCasesByDate,216881
11/09/2021,England,CumCasesByDate,6178293
11/09/2021,Wales,CumCasesByDate,303743
12/09/2021,Wales,CumCasesByDate,306060
12/09/2021,England,CumCasesByDate,6197654
12/09/2021,Scotland,CumCasesByDate,504650
12/09/2021,Northern Ireland,CumCasesByDate,217912
13/09/2021,Northern Ireland,CumCasesByDate,219111
13/09/2021,Wales,CumCasesByDate,310368
13/09/2021,England,CumCasesByDate,6218198
13/09/2021,Scotland,CumCasesByDate,508882
14/09/2021,Scotland,CumCasesByDate,512312
14/09/2021,Northern Ireland,CumCasesByDate,220701
14/09/2021,England,CumCasesByDate,6237505
14/09/2021,Wales,CumCasesByDate,312292
15/09/2021,England,CumCasesByDate,6258872
15/09/2021,Wales,CumCasesByDate,314590
15/09/2021,Scotland,CumCasesByDate,517216
15/09/2021,Northern Ireland,CumCasesByDate,222005
16/09/2021,Northern Ireland,CumCasesByDate,223076
16/09/2021,England,CumCasesByDate,6281236
16/09/2021,Wales,CumCasesByDate,317481
16/09/2021,Scotland,CumCasesByDate,517216
17/09/2021,Scotland,CumCasesByDate,523095
17/09/2021,Northern Ireland,CumCasesByDate,224315
17/09/2021,Wales,CumCasesByDate,320099
17/09/2021,England,CumCasesByDate,6303792
18/09/2021,England,CumCasesByDate,6326046
18/09/2021,Wales,CumCasesByDate,320099
18/09/2021,Scotland,CumCasesByDate,529207
18/09/2021,Northern Ireland,CumCasesByDate,225387
19/09/2021,Northern Ireland,CumCasesByDate,226276
19/09/2021,Wales,CumCasesByDate,322816
19/09/2021,England,CumCasesByDate,6347616
19/09/2021,Scotland,CumCasesByDate,533038
20/09/2021,Scotland,CumCasesByDate,535955
20/09/2021,Northern Ireland,CumCasesByDate,227296
20/09/2021,Wales,CumCasesByDate,328074
20/09/2021,England,CumCasesByDate,6374123
21/09/2021,England,CumCasesByDate,6398633
21/09/2021,Wales,CumCasesByDate,330650
21/09/2021,Scotland,CumCasesByDate,538819
21/09/2021,Northern Ireland,CumCasesByDate,228441
22/09/2021,Northern Ireland,CumCasesByDate,229501
22/09/2021,England,CumCasesByDate,6425056
22/09/2021,Wales,CumCasesByDate,333135
22/09/2021,Scotland,CumCasesByDate,542411
23/09/2021,Scotland,CumCasesByDate,546426
23/09/2021,Northern Ireland,CumCasesByDate,230666
23/09/2021,England,CumCasesByDate,6453164
23/09/2021,Wales,CumCasesByDate,335611
24/09/2021,Wales,CumCasesByDate,338338
24/09/2021,England,CumCasesByDate,6481363
24/09/2021,Scotland,CumCasesByDate,550090
24/09/2021,Northern Ireland,CumCasesByDate,231696
25/09/2021,Northern Ireland,CumCasesByDate,232816
25/09/2021,England,CumCasesByDate,6507849
25/09/2021,Wales,CumCasesByDate,338338
25/09/2021,Scotland,CumCasesByDate,553350
26/09/2021,Scotland,CumCasesByDate,555906
26/09/2021,Northern Ireland,CumCasesByDate,233836
26/09/2021,England,CumCasesByDate,6532847
26/09/2021,Wales,CumCasesByDate,341641
27/09/2021,England,CumCasesByDate,6561706
27/09/2021,Wales,CumCasesByDate,347300
27/09/2021,Scotland,CumCasesByDate,557970
27/09/2021,Northern Ireland,CumCasesByDate,234739
28/09/2021,Northern Ireland,CumCasesByDate,235817
28/09/2021,Wales,CumCasesByDate,349570
28/09/2021,England,CumCasesByDate,6590514
28/09/2021,Scotland,CumCasesByDate,560334
29/09/2021,Scotland,CumCasesByDate,563326
29/09/2021,Northern Ireland,CumCasesByDate,237137
29/09/2021,England,CumCasesByDate,6617892
29/09/2021,Wales,CumCasesByDate,352939
30/09/2021,England,CumCasesByDate,6646963
30/09/2021,Wales,CumCasesByDate,355542
30/09/2021,Scotland,CumCasesByDate,566231
30/09/2021,Northern Ireland,CumCasesByDate,238300
01/10/2021,Northern Ireland,CumCasesByDate,239339
01/10/2021,England,CumCasesByDate,6674820
01/10/2021,Wales,CumCasesByDate,358550
01/10/2021,Scotland,CumCasesByDate,568916
02/10/2021,Scotland,CumCasesByDate,571431
02/10/2021,Northern Ireland,CumCasesByDate,240331
02/10/2021,Wales,CumCasesByDate,358550
02/10/2021,England,CumCasesByDate,6700702
03/10/2021,England,CumCasesByDate,6725105
03/10/2021,Wales,CumCasesByDate,360881
03/10/2021,Scotland,CumCasesByDate,573471
03/10/2021,Northern Ireland,CumCasesByDate,241223
04/10/2021,Northern Ireland,CumCasesByDate,242303
04/10/2021,England,CumCasesByDate,6752536
04/10/2021,Wales,CumCasesByDate,364866
04/10/2021,Scotland,CumCasesByDate,575231
05/10/2021,Scotland,CumCasesByDate,577282
05/10/2021,Northern Ireland,CumCasesByDate,243512
05/10/2021,Wales,CumCasesByDate,366624
05/10/2021,England,CumCasesByDate,6780567
06/10/2021,Wales,CumCasesByDate,368629
06/10/2021,England,CumCasesByDate,6812848
06/10/2021,Scotland,CumCasesByDate,580332
06/10/2021,Northern Ireland,CumCasesByDate,244851
07/10/2021,Northern Ireland,CumCasesByDate,246156
07/10/2021,England,CumCasesByDate,6845186
07/10/2021,Wales,CumCasesByDate,372029
07/10/2021,Scotland,CumCasesByDate,583019
08/10/2021,Scotland,CumCasesByDate,585647
08/10/2021,Northern Ireland,CumCasesByDate,247432
08/10/2021,Wales,CumCasesByDate,377734
08/10/2021,England,CumCasesByDate,6876192
09/10/2021,Wales,CumCasesByDate,377734
09/10/2021,England,CumCasesByDate,6906211
09/10/2021,Scotland,CumCasesByDate,588062
09/10/2021,Northern Ireland,CumCasesByDate,248706
10/10/2021,Northern Ireland,CumCasesByDate,249821
10/10/2021,Wales,CumCasesByDate,377734
10/10/2021,England,CumCasesByDate,6936327
10/10/2021,Scotland,CumCasesByDate,590424
11/10/2021,Scotland,CumCasesByDate,592721
11/10/2021,Northern Ireland,CumCasesByDate,250930
11/10/2021,England,CumCasesByDate,6967915
11/10/2021,Wales,CumCasesByDate,382203
12/10/2021,England,CumCasesByDate,7000356
12/10/2021,Wales,CumCasesByDate,384250
12/10/2021,Scotland,CumCasesByDate,594623
12/10/2021,Northern Ireland,CumCasesByDate,252208
13/10/2021,Northern Ireland,CumCasesByDate,253679
13/10/2021,Wales,CumCasesByDate,386516
13/10/2021,England,CumCasesByDate,7035489
13/10/2021,Scotland,CumCasesByDate,597199
14/10/2021,Scotland,CumCasesByDate,599837
14/10/2021,Northern Ireland,CumCasesByDate,254983
14/10/2021,England,CumCasesByDate,7073467
14/10/2021,Wales,CumCasesByDate,389152
15/10/2021,Wales,CumCasesByDate,392282
15/10/2021,England,CumCasesByDate,7110513
15/10/2021,Scotland,CumCasesByDate,602524
15/10/2021,Northern Ireland,CumCasesByDate,256332
16/10/2021,Northern Ireland,CumCasesByDate,257550
16/10/2021,Wales,CumCasesByDate,392282
16/10/2021,England,CumCasesByDate,7149533
16/10/2021,Scotland,CumCasesByDate,605104
17/10/2021,Scotland,CumCasesByDate,607767
17/10/2021,Northern Ireland,CumCasesByDate,258516
17/10/2021,Wales,CumCasesByDate,395247
17/10/2021,England,CumCasesByDate,7187635
18/10/2021,Wales,CumCasesByDate,401644
18/10/2021,England,CumCasesByDate,7226658
18/10/2021,Scotland,CumCasesByDate,609959
18/10/2021,Northern Ireland,CumCasesByDate,259607
19/10/2021,Northern Ireland,CumCasesByDate,260974
19/10/2021,England,CumCasesByDate,7262958
19/10/2021,Wales,CumCasesByDate,404844
19/10/2021,Scotland,CumCasesByDate,612416
20/10/2021,Scotland,CumCasesByDate,615182
20/10/2021,Northern Ireland,CumCasesByDate,262397
20/10/2021,England,CumCasesByDate,7303864
20/10/2021,Wales,CumCasesByDate,408294
21/10/2021,England,CumCasesByDate,7347703
21/10/2021,Wales,CumCasesByDate,412534
21/10/2021,Scotland,CumCasesByDate,617536
21/10/2021,Northern Ireland,CumCasesByDate,263448
22/10/2021,Northern Ireland,CumCasesByDate,264803
22/10/2021,Wales,CumCasesByDate,415829
22/10/2021,England,CumCasesByDate,7388884
22/10/2021,Scotland,CumCasesByDate,620433
23/10/2021,Scotland,CumCasesByDate,622836
23/10/2021,Northern Ireland,CumCasesByDate,266126
23/10/2021,England,CumCasesByDate,7430143
23/10/2021,Wales,CumCasesByDate,415829
24/10/2021,Wales,CumCasesByDate,418980
24/10/2021,England,CumCasesByDate,7462144
24/10/2021,Scotland,CumCasesByDate,625363
24/10/2021,Northern Ireland,CumCasesByDate,267187
25/10/2021,Northern Ireland,CumCasesByDate,268206
25/10/2021,England,CumCasesByDate,7494992
25/10/2021,Wales,CumCasesByDate,418980
25/10/2021,Scotland,CumCasesByDate,627596
26/10/2021,Scotland,CumCasesByDate,629849
26/10/2021,Northern Ireland,CumCasesByDate,269330
26/10/2021,Wales,CumCasesByDate,427150
26/10/2021,England,CumCasesByDate,7526898
27/10/2021,England,CumCasesByDate,7564400
27/10/2021,Wales,CumCasesByDate,429731
27/10/2021,Scotland,CumCasesByDate,632397
27/10/2021,Northern Ireland,CumCasesByDate,270621
28/10/2021,Northern Ireland,CumCasesByDate,271743
28/10/2021,Wales,CumCasesByDate,432395
28/10/2021,England,CumCasesByDate,7597473
28/10/2021,Scotland,CumCasesByDate,634544
29/10/2021,Scotland,CumCasesByDate,637266
29/10/2021,Northern Ireland,CumCasesByDate,273064
29/10/2021,England,CumCasesByDate,7633950
29/10/2021,Wales,CumCasesByDate,434956
30/10/2021,England,CumCasesByDate,7669614
30/10/2021,Wales,CumCasesByDate,434956
30/10/2021,Scotland,CumCasesByDate,641121
30/10/2021,Northern Ireland,CumCasesByDate,274271
31/10/2021,Northern Ireland,CumCasesByDate,275272
31/10/2021,Wales,CumCasesByDate,437972
31/10/2021,England,CumCasesByDate,7700753
31/10/2021,Scotland,CumCasesByDate,643632
01/11/2021,Scotland,CumCasesByDate,645697
01/11/2021,Northern Ireland,CumCasesByDate,276220
01/11/2021,England,CumCasesByDate,7732441
01/11/2021,Wales,CumCasesByDate,442953
02/11/2021,Wales,CumCasesByDate,445163
02/11/2021,England,CumCasesByDate,7760671
02/11/2021,Scotland,CumCasesByDate,647689
02/11/2021,Northern Ireland,CumCasesByDate,277334
03/11/2021,Northern Ireland,CumCasesByDate,278329
03/11/2021,England,CumCasesByDate,7794507
03/11/2021,Wales,CumCasesByDate,447655
03/11/2021,Scotland,CumCasesByDate,651169
04/11/2021,Scotland,CumCasesByDate,653975
04/11/2021,Northern Ireland,CumCasesByDate,279810
04/11/2021,England,CumCasesByDate,7823979
04/11/2021,Wales,CumCasesByDate,450455
05/11/2021,England,CumCasesByDate,7852005
05/11/2021,Wales,CumCasesByDate,452440
05/11/2021,Scotland,CumCasesByDate,656497
05/11/2021,Northern Ireland,CumCasesByDate,280974
06/11/2021,Northern Ireland,CumCasesByDate,282168
06/11/2021,Wales,CumCasesByDate,452440
06/11/2021,England,CumCasesByDate,7877720
06/11/2021,Scotland,CumCasesByDate,659738
07/11/2021,Scotland,CumCasesByDate,662644
07/11/2021,Northern Ireland,CumCasesByDate,283203
07/11/2021,Wales,CumCasesByDate,455023
07/11/2021,England,CumCasesByDate,7901039
08/11/2021,Wales,CumCasesByDate,459325
08/11/2021,England,CumCasesByDate,7925681
08/11/2021,Scotland,CumCasesByDate,664654
08/11/2021,Northern Ireland,CumCasesByDate,284231
09/11/2021,Northern Ireland,CumCasesByDate,285459
09/11/2021,Wales,CumCasesByDate,461109
09/11/2021,England,CumCasesByDate,7953228
09/11/2021,Scotland,CumCasesByDate,666880
10/11/2021,Scotland,CumCasesByDate,670729
10/11/2021,Northern Ireland,CumCasesByDate,287224
10/11/2021,Wales,CumCasesByDate,463279
10/11/2021,England,CumCasesByDate,7984769
11/11/2021,England,CumCasesByDate,8020241
11/11/2021,Wales,CumCasesByDate,465413
11/11/2021,Scotland,CumCasesByDate,674062
11/11/2021,Northern Ireland,CumCasesByDate,288686
12/11/2021,Northern Ireland,CumCasesByDate,289773
12/11/2021,England,CumCasesByDate,8051924
12/11/2021,Wales,CumCasesByDate,468197
12/11/2021,Scotland,CumCasesByDate,677408
13/11/2021,Scotland,CumCasesByDate,680455
13/11/2021,Northern Ireland,CumCasesByDate,291579
13/11/2021,Wales,CumCasesByDate,468197
13/11/2021,England,CumCasesByDate,8084740
14/11/2021,England,CumCasesByDate,8113757
14/11/2021,Wales,CumCasesByDate,470856
14/11/2021,Scotland,CumCasesByDate,683530
14/11/2021,Northern Ireland,CumCasesByDate,292956
15/11/2021,Northern Ireland,CumCasesByDate,294413
15/11/2021,England,CumCasesByDate,8144766
15/11/2021,Wales,CumCasesByDate,475375
15/11/2021,Scotland,CumCasesByDate,685815
16/11/2021,Scotland,CumCasesByDate,688582
16/11/2021,Northern Ireland,CumCasesByDate,296111
16/11/2021,Wales,CumCasesByDate,477295
16/11/2021,England,CumCasesByDate,8175202
17/11/2021,Wales,CumCasesByDate,479712
17/11/2021,England,CumCasesByDate,8205448
17/11/2021,Scotland,CumCasesByDate,691939
17/11/2021,Northern Ireland,CumCasesByDate,297959
18/11/2021,Northern Ireland,CumCasesByDate,299640
18/11/2021,England,CumCasesByDate,8244111
18/11/2021,Wales,CumCasesByDate,482288
18/11/2021,Scotland,CumCasesByDate,695877
19/11/2021,Scotland,CumCasesByDate,698962
19/11/2021,Northern Ireland,CumCasesByDate,301330
19/11/2021,England,CumCasesByDate,8281117
19/11/2021,Wales,CumCasesByDate,484744
20/11/2021,England,CumCasesByDate,8316395
20/11/2021,Wales,CumCasesByDate,484744
20/11/2021,Scotland,CumCasesByDate,701719
20/11/2021,Northern Ireland,CumCasesByDate,303176
21/11/2021,Northern Ireland,CumCasesByDate,304582
21/11/2021,England,CumCasesByDate,8349363
21/11/2021,Wales,CumCasesByDate,487152
21/11/2021,Scotland,CumCasesByDate,704395
22/11/2021,Scotland,CumCasesByDate,706874
22/11/2021,Northern Ireland,CumCasesByDate,306051
22/11/2021,Wales,CumCasesByDate,491640
22/11/2021,England,CumCasesByDate,8385361
23/11/2021,England,CumCasesByDate,8421911
23/11/2021,Wales,CumCasesByDate,493571
23/11/2021,Scotland,CumCasesByDate,709399
23/11/2021,Northern Ireland,CumCasesByDate,307527
24/11/2021,Northern Ireland,CumCasesByDate,309458
24/11/2021,England,CumCasesByDate,8457187
24/11/2021,Wales,CumCasesByDate,495724
24/11/2021,Scotland,CumCasesByDate,712474
25/11/2021,Scotland,CumCasesByDate,715399
25/11/2021,Northern Ireland,CumCasesByDate,311007
25/11/2021,Wales,CumCasesByDate,498101
25/11/2021,England,CumCasesByDate,8496990
26/11/2021,Wales,CumCasesByDate,501028
26/11/2021,England,CumCasesByDate,8538517
26/11/2021,Scotland,CumCasesByDate,718285
26/11/2021,Northern Ireland,CumCasesByDate,313011
27/11/2021,Northern Ireland,CumCasesByDate,314493
27/11/2021,England,CumCasesByDate,8574315
27/11/2021,Wales,CumCasesByDate,501028
27/11/2021,Scotland,CumCasesByDate,720572
28/11/2021,Scotland,CumCasesByDate,722742
28/11/2021,Northern Ireland,CumCasesByDate,315898
28/11/2021,England,CumCasesByDate,8605284
28/11/2021,Wales,CumCasesByDate,502991
29/11/2021,Wales,CumCasesByDate,506960
29/11/2021,England,CumCasesByDate,8639754
29/11/2021,Scotland,CumCasesByDate,724983
29/11/2021,Northern Ireland,CumCasesByDate,317362
30/11/2021,Northern Ireland,CumCasesByDate,318947
30/11/2021,Wales,CumCasesByDate,508932
30/11/2021,England,CumCasesByDate,8673344
30/11/2021,Scotland,CumCasesByDate,727549
01/12/2021,Scotland,CumCasesByDate,730331
01/12/2021,Northern Ireland,CumCasesByDate,320939
01/12/2021,England,CumCasesByDate,8713738
01/12/2021,Wales,CumCasesByDate,510999
02/12/2021,Wales,CumCasesByDate,513790
02/12/2021,England,CumCasesByDate,8758744
02/12/2021,Scotland,CumCasesByDate,733329
02/12/2021,Northern Ireland,CumCasesByDate,323211
03/12/2021,Northern Ireland,CumCasesByDate,325119
03/12/2021,England,CumCasesByDate,8802632
03/12/2021,Wales,CumCasesByDate,516146
03/12/2021,Scotland,CumCasesByDate,735750
04/12/2021,Scotland,CumCasesByDate,737003
04/12/2021,Northern Ireland,CumCasesByDate,326761
04/12/2021,Wales,CumCasesByDate,516146
04/12/2021,England,CumCasesByDate,8841194
05/12/2021,England,CumCasesByDate,8877883
05/12/2021,Wales,CumCasesByDate,518713
05/12/2021,Scotland,CumCasesByDate,739610
05/12/2021,Northern Ireland,CumCasesByDate,328183
06/12/2021,Northern Ireland,CumCasesByDate,329818
06/12/2021,Wales,CumCasesByDate,523118
06/12/2021,England,CumCasesByDate,8918807
06/12/2021,Scotland,CumCasesByDate,743496
07/12/2021,Scotland,CumCasesByDate,746549
07/12/2021,Northern Ireland,CumCasesByDate,331476
07/12/2021,England,CumCasesByDate,8957091
07/12/2021,Wales,CumCasesByDate,525225
08/12/2021,Wales,CumCasesByDate,527538
08/12/2021,England,CumCasesByDate,9000391
08/12/2021,Scotland,CumCasesByDate,749620
08/12/2021,Northern Ireland,CumCasesByDate,333409
09/12/2021,Northern Ireland,CumCasesByDate,335228
09/12/2021,Wales,CumCasesByDate,529840
09/12/2021,England,CumCasesByDate,9043108
09/12/2021,Scotland,CumCasesByDate,752805
10/12/2021,Scotland,CumCasesByDate,757813
10/12/2021,Northern Ireland,CumCasesByDate,337034
10/12/2021,England,CumCasesByDate,9092016
10/12/2021,Wales,CumCasesByDate,532302
11/12/2021,Wales,CumCasesByDate,532302
11/12/2021,England,CumCasesByDate,9138773
11/12/2021,Scotland,CumCasesByDate,761889
11/12/2021,Northern Ireland,CumCasesByDate,338480
12/12/2021,Northern Ireland,CumCasesByDate,340028
12/12/2021,England,CumCasesByDate,9178705
12/12/2021,Wales,CumCasesByDate,534893
12/12/2021,Scotland,CumCasesByDate,765889
13/12/2021,Scotland,CumCasesByDate,769642
13/12/2021,Northern Ireland,CumCasesByDate,341459
13/12/2021,England,CumCasesByDate,9222932
13/12/2021,Wales,CumCasesByDate,539435
14/12/2021,Wales,CumCasesByDate,541254
14/12/2021,England,CumCasesByDate,9275513
14/12/2021,Scotland,CumCasesByDate,772738
14/12/2021,Northern Ireland,CumCasesByDate,343040
15/12/2021,Northern Ireland,CumCasesByDate,345196
15/12/2021,England,CumCasesByDate,9343520
15/12/2021,Wales,CumCasesByDate,543685
15/12/2021,Scotland,CumCasesByDate,777885
16/12/2021,Scotland,CumCasesByDate,783828
16/12/2021,Northern Ireland,CumCasesByDate,347433
16/12/2021,England,CumCasesByDate,9420017
16/12/2021,Wales,CumCasesByDate,546573
17/12/2021,England,CumCasesByDate,9503176
17/12/2021,Wales,CumCasesByDate,549702
17/12/2021,Scotland,CumCasesByDate,788156
17/12/2021,Northern Ireland,CumCasesByDate,349320
18/12/2021,Northern Ireland,CumCasesByDate,351395
18/12/2021,Wales,CumCasesByDate,549702
18/12/2021,England,CumCasesByDate,9584269
18/12/2021,Scotland,CumCasesByDate,794062
19/12/2021,Scotland,CumCasesByDate,799970
19/12/2021,Northern Ireland,CumCasesByDate,353193
19/12/2021,Wales,CumCasesByDate,553163
19/12/2021,England,CumCasesByDate,9655061
20/12/2021,Wales,CumCasesByDate,559959
20/12/2021,England,CumCasesByDate,9731126
20/12/2021,Scotland,CumCasesByDate,806695
20/12/2021,Northern Ireland,CumCasesByDate,355341
21/12/2021,Northern Ireland,CumCasesByDate,357437
21/12/2021,Wales,CumCasesByDate,562333
21/12/2021,England,CumCasesByDate,9810446
21/12/2021,Scotland,CumCasesByDate,811927
22/12/2021,Scotland,CumCasesByDate,814359
22/12/2021,Northern Ireland,CumCasesByDate,360668
22/12/2021,Wales,CumCasesByDate,566995
22/12/2021,England,CumCasesByDate,9905451
23/12/2021,England,CumCasesByDate,10011650
23/12/2021,Wales,CumCasesByDate,570288
23/12/2021,Scotland,CumCasesByDate,824088
23/12/2021,Northern Ireland,CumCasesByDate,363895
24/12/2021,Northern Ireland,CumCasesByDate,367181
24/12/2021,Wales,CumCasesByDate,577043
24/12/2021,England,CumCasesByDate,10115910
24/12/2021,Scotland,CumCasesByDate,831158
25/12/2021,Scotland,CumCasesByDate,839391
25/12/2021,Northern Ireland,CumCasesByDate,367181
25/12/2021,Wales,CumCasesByDate,577043
25/12/2021,England,CumCasesByDate,10229538
26/12/2021,Wales,CumCasesByDate,582378
26/12/2021,England,CumCasesByDate,10332128
26/12/2021,Scotland,CumCasesByDate,850411
26/12/2021,Northern Ireland,CumCasesByDate,367181
27/12/2021,Northern Ireland,CumCasesByDate,367181
27/12/2021,Wales,CumCasesByDate,582378
27/12/2021,England,CumCasesByDate,10429274
27/12/2021,Scotland,CumCasesByDate,860964
28/12/2021,Scotland,CumCasesByDate,870304
28/12/2021,Northern Ireland,CumCasesByDate,367181
28/12/2021,England,CumCasesByDate,10545584
28/12/2021,Wales,CumCasesByDate,594753
29/12/2021,England,CumCasesByDate,10683026
29/12/2021,Wales,CumCasesByDate,600682
29/12/2021,Scotland,CumCasesByDate,886065
29/12/2021,Northern Ireland,CumCasesByDate,390153
30/12/2021,Northern Ireland,CumCasesByDate,394854
30/12/2021,Wales,CumCasesByDate,621732
30/12/2021,England,CumCasesByDate,10828575
30/12/2021,Scotland,CumCasesByDate,902889
31/12/2021,Scotland,CumCasesByDate,914841
31/12/2021,Northern Ireland,CumCasesByDate,402069
31/12/2021,Wales,CumCasesByDate,632125
31/12/2021,England,CumCasesByDate,10988851
01/01/2022,Wales,CumCasesByDate,632125
01/01/2022,England,CumCasesByDate,11151423
01/01/2022,Scotland,CumCasesByDate,931852
01/01/2022,Northern Ireland,CumCasesByDate,402069
02/01/2022,Northern Ireland,CumCasesByDate,402069
02/01/2022,England,CumCasesByDate,11272332
02/01/2022,Wales,CumCasesByDate,646159
02/01/2022,Scotland,CumCasesByDate,945871
03/01/2022,Scotland,CumCasesByDate,966027
03/01/2022,Northern Ireland,CumCasesByDate,402069
03/01/2022,Wales,CumCasesByDate,646159
03/01/2022,England,CumCasesByDate,11408560
04/01/2022,Wales,CumCasesByDate,668473
04/01/2022,England,CumCasesByDate,11557285
04/01/2022,Scotland,CumCasesByDate,983270
04/01/2022,Northern Ireland,CumCasesByDate,432492
05/01/2022,Northern Ireland,CumCasesByDate,439625
05/01/2022,England,CumCasesByDate,11706635
05/01/2022,Wales,CumCasesByDate,689750
05/01/2022,Scotland,CumCasesByDate,999324
06/01/2022,Scotland,CumCasesByDate,1010660
06/01/2022,Northern Ireland,CumCasesByDate,446502
06/01/2022,England,CumCasesByDate,11858941
06/01/2022,Wales,CumCasesByDate,698962
07/01/2022,England,CumCasesByDate,12008346
07/01/2022,Wales,CumCasesByDate,706873
07/01/2022,Scotland,CumCasesByDate,1025063
07/01/2022,Northern Ireland,CumCasesByDate,452946
08/01/2022,Northern Ireland,CumCasesByDate,456404
08/01/2022,Wales,CumCasesByDate,706873
08/01/2022,England,CumCasesByDate,12132895
08/01/2022,Scotland,CumCasesByDate,1037622
09/01/2022,Scotland,CumCasesByDate,1045109
09/01/2022,Northern Ireland,CumCasesByDate,460164
09/01/2022,Wales,CumCasesByDate,715796
09/01/2022,England,CumCasesByDate,12254123
10/01/2022,England,CumCasesByDate,12370121
10/01/2022,Wales,CumCasesByDate,727486
10/01/2022,Scotland,CumCasesByDate,1056837
10/01/2022,Northern Ireland,CumCasesByDate,462870
11/01/2022,Northern Ireland,CumCasesByDate,466290
11/01/2022,Wales,CumCasesByDate,729662
11/01/2022,England,CumCasesByDate,12469614
11/01/2022,Scotland,CumCasesByDate,1067028
12/01/2022,Scotland,CumCasesByDate,1074591
12/01/2022,Northern Ireland,CumCasesByDate,469212
12/01/2022,England,CumCasesByDate,12585787
12/01/2022,Wales,CumCasesByDate,732548
13/01/2022,Wales,CumCasesByDate,735745
13/01/2022,England,CumCasesByDate,12680151
13/01/2022,Scotland,CumCasesByDate,1079729
13/01/2022,Northern Ireland,CumCasesByDate,472192
14/01/2022,Northern Ireland,CumCasesByDate,475146
14/01/2022,England,CumCasesByDate,12766944
14/01/2022,Wales,CumCasesByDate,738609
14/01/2022,Scotland,CumCasesByDate,1085696
15/01/2022,Scotland,CumCasesByDate,1090144
15/01/2022,Northern Ireland,CumCasesByDate,477814
15/01/2022,England,CumCasesByDate,12840532
15/01/2022,Wales,CumCasesByDate,738609
16/01/2022,Wales,CumCasesByDate,740742
16/01/2022,England,CumCasesByDate,12906041
16/01/2022,Scotland,CumCasesByDate,1094251
16/01/2022,Northern Ireland,CumCasesByDate,480332
17/01/2022,Northern Ireland,CumCasesByDate,483627
17/01/2022,Wales,CumCasesByDate,744717
17/01/2022,England,CumCasesByDate,12979908
17/01/2022,Scotland,CumCasesByDate,1097158
18/01/2022,Scotland,CumCasesByDate,1100526
18/01/2022,Northern Ireland,CumCasesByDate,487708
18/01/2022,England,CumCasesByDate,13064494
18/01/2022,Wales,CumCasesByDate,746572
19/01/2022,Wales,CumCasesByDate,748708
19/01/2022,England,CumCasesByDate,13160429
19/01/2022,Scotland,CumCasesByDate,1105454
19/01/2022,Northern Ireland,CumCasesByDate,492159
20/01/2022,Northern Ireland,CumCasesByDate,496038
20/01/2022,Wales,CumCasesByDate,751473
20/01/2022,England,CumCasesByDate,13255586
20/01/2022,Scotland,CumCasesByDate,1110186
21/01/2022,Scotland,CumCasesByDate,1114066
21/01/2022,Northern Ireland,CumCasesByDate,499606
21/01/2022,Wales,CumCasesByDate,753899
21/01/2022,England,CumCasesByDate,13341488
22/01/2022,England,CumCasesByDate,13413441
22/01/2022,Wales,CumCasesByDate,753899
22/01/2022,Scotland,CumCasesByDate,1117515
22/01/2022,Northern Ireland,CumCasesByDate,503082
23/01/2022,Northern Ireland,CumCasesByDate,506141
23/01/2022,England,CumCasesByDate,13482354
23/01/2022,Wales,CumCasesByDate,756727
23/01/2022,Scotland,CumCasesByDate,1121094
24/01/2022,Scotland,CumCasesByDate,1124048
24/01/2022,Northern Ireland,CumCasesByDate,510073
24/01/2022,Wales,CumCasesByDate,761054
24/01/2022,England,CumCasesByDate,13558510
25/01/2022,England,CumCasesByDate,13642522
25/01/2022,Wales,CumCasesByDate,763031
25/01/2022,Scotland,CumCasesByDate,1127067
25/01/2022,Northern Ireland,CumCasesByDate,515096
26/01/2022,Northern Ireland,CumCasesByDate,519479
26/01/2022,Wales,CumCasesByDate,765737
26/01/2022,England,CumCasesByDate,13732435
26/01/2022,Scotland,CumCasesByDate,1131668
27/01/2022,Scotland,CumCasesByDate,1135991
27/01/2022,Northern Ireland,CumCasesByDate,523722
27/01/2022,England,CumCasesByDate,13817017
27/01/2022,Wales,CumCasesByDate,768744
28/01/2022,England,CumCasesByDate,13895065
28/01/2022,Wales,CumCasesByDate,771516
28/01/2022,Scotland,CumCasesByDate,1139939
28/01/2022,Northern Ireland,CumCasesByDate,527460
29/01/2022,Northern Ireland,CumCasesByDate,531050
29/01/2022,England,CumCasesByDate,13963618
29/01/2022,Wales,CumCasesByDate,771516
29/01/2022,Scotland,CumCasesByDate,1143275
30/01/2022,Scotland,CumCasesByDate,1146815
30/01/2022,Northern Ireland,CumCasesByDate,534119
30/01/2022,Wales,CumCasesByDate,774356
30/01/2022,England,CumCasesByDate,14023177
31/01/2022,England,CumCasesByDate,14845382
31/01/2022,Wales,CumCasesByDate,778884
31/01/2022,Scotland,CumCasesByDate,1148772
31/01/2022,Northern Ireland,CumCasesByDate,542855
01/02/2022,Northern Ireland,CumCasesByDate,547477
01/02/2022,England,CumCasesByDate,14948735
01/02/2022,Wales,CumCasesByDate,780519
01/02/2022,Scotland,CumCasesByDate,1151614
02/02/2022,Scotland,CumCasesByDate,1156123
02/02/2022,Northern Ireland,CumCasesByDate,552246
02/02/2022,England,CumCasesByDate,15028951
02/02/2022,Wales,CumCasesByDate,782388
03/02/2022,Wales,CumCasesByDate,784811
03/02/2022,England,CumCasesByDate,15106124
03/02/2022,Scotland,CumCasesByDate,1160448
03/02/2022,Northern Ireland,CumCasesByDate,556449
04/02/2022,Northern Ireland,CumCasesByDate,560282
04/02/2022,England,CumCasesByDate,15177316
04/02/2022,Wales,CumCasesByDate,787417
04/02/2022,Scotland,CumCasesByDate,1164870
05/02/2022,Scotland,CumCasesByDate,1167763
05/02/2022,Northern Ireland,CumCasesByDate,563483
05/02/2022,England,CumCasesByDate,15234229
05/02/2022,Wales,CumCasesByDate,787417
06/02/2022,Wales,CumCasesByDate,789285
06/02/2022,England,CumCasesByDate,15282993
06/02/2022,Scotland,CumCasesByDate,1171004
06/02/2022,Northern Ireland,CumCasesByDate,566177
07/02/2022,Northern Ireland,CumCasesByDate,569282
07/02/2022,Wales,CumCasesByDate,792667
07/02/2022,England,CumCasesByDate,15331148
07/02/2022,Scotland,CumCasesByDate,1173535
08/02/2022,Scotland,CumCasesByDate,1176188
08/02/2022,Northern Ireland,CumCasesByDate,573241
08/02/2022,England,CumCasesByDate,15389601
08/02/2022,Wales,CumCasesByDate,793773
09/02/2022,Wales,CumCasesByDate,795161
09/02/2022,England,CumCasesByDate,15447906
09/02/2022,Scotland,CumCasesByDate,1179974
09/02/2022,Northern Ireland,CumCasesByDate,577078
10/02/2022,Northern Ireland,CumCasesByDate,580687
10/02/2022,Wales,CumCasesByDate,796922
10/02/2022,England,CumCasesByDate,15501331
10/02/2022,Scotland,CumCasesByDate,1283259
11/02/2022,Scotland,CumCasesByDate,1290487
11/02/2022,Northern Ireland,CumCasesByDate,583610
11/02/2022,Wales,CumCasesByDate,798821
11/02/2022,England,CumCasesByDate,15547597
12/02/2022,Wales,CumCasesByDate,798821
12/02/2022,England,CumCasesByDate,15584863
12/02/2022,Scotland,CumCasesByDate,1295991
12/02/2022,Northern Ireland,CumCasesByDate,586243
13/02/2022,Northern Ireland,CumCasesByDate,588401
13/02/2022,Wales,CumCasesByDate,800316
13/02/2022,England,CumCasesByDate,15616753
13/02/2022,Scotland,CumCasesByDate,1301234
14/02/2022,Scotland,CumCasesByDate,1306292
14/02/2022,Northern Ireland,CumCasesByDate,590866
14/02/2022,England,CumCasesByDate,15648433
14/02/2022,Wales,CumCasesByDate,802438
15/02/2022,England,CumCasesByDate,15684719
15/02/2022,Wales,CumCasesByDate,803360
15/02/2022,Scotland,CumCasesByDate,1312019
15/02/2022,Northern Ireland,CumCasesByDate,593853
16/02/2022,Northern Ireland,CumCasesByDate,596742
16/02/2022,Wales,CumCasesByDate,804484
16/02/2022,England,CumCasesByDate,15727107
16/02/2022,Scotland,CumCasesByDate,1319373
17/02/2022,Scotland,CumCasesByDate,1326382
17/02/2022,Northern Ireland,CumCasesByDate,599769
17/02/2022,England,CumCasesByDate,15767071
17/02/2022,Wales,CumCasesByDate,805836
18/02/2022,Wales,CumCasesByDate,807096
18/02/2022,England,CumCasesByDate,15803539
18/02/2022,Scotland,CumCasesByDate,1333332
18/02/2022,Northern Ireland,CumCasesByDate,602238
19/02/2022,Northern Ireland,CumCasesByDate,604385
19/02/2022,England,CumCasesByDate,15835403
19/02/2022,Wales,CumCasesByDate,807096
19/02/2022,Scotland,CumCasesByDate,1338539
20/02/2022,Scotland,CumCasesByDate,1344013
20/02/2022,Northern Ireland,CumCasesByDate,606250
20/02/2022,Wales,CumCasesByDate,807096
20/02/2022,England,CumCasesByDate,15859074
21/02/2022,England,CumCasesByDate,15888557
21/02/2022,Wales,CumCasesByDate,808210
21/02/2022,Scotland,CumCasesByDate,1349320
21/02/2022,Northern Ireland,CumCasesByDate,608485
22/02/2022,Northern Ireland,CumCasesByDate,611437
22/02/2022,England,CumCasesByDate,15918472
22/02/2022,Wales,CumCasesByDate,809882
22/02/2022,Scotland,CumCasesByDate,1355657
23/02/2022,Scotland,CumCasesByDate,1362296
23/02/2022,Northern Ireland,CumCasesByDate,613731
23/02/2022,England,CumCasesByDate,15947871
23/02/2022,Wales,CumCasesByDate,810785
24/02/2022,England,CumCasesByDate,15975718
24/02/2022,Wales,CumCasesByDate,811844
24/02/2022,Scotland,CumCasesByDate,1369385
24/02/2022,Northern Ireland,CumCasesByDate,616217
25/02/2022,Northern Ireland,CumCasesByDate,618285
25/02/2022,England,CumCasesByDate,15998983
25/02/2022,Wales,CumCasesByDate,812699
25/02/2022,Scotland,CumCasesByDate,1374798
26/02/2022,Scotland,CumCasesByDate,1374798
26/02/2022,Northern Ireland,CumCasesByDate,618285
26/02/2022,Wales,CumCasesByDate,812699
26/02/2022,England,CumCasesByDate,15998983
27/02/2022,Wales,CumCasesByDate,812699
27/02/2022,England,CumCasesByDate,15998983
27/02/2022,Scotland,CumCasesByDate,1374798
27/02/2022,Northern Ireland,CumCasesByDate,618285
28/02/2022,Northern Ireland,CumCasesByDate,623453
28/02/2022,Wales,CumCasesByDate,813038
28/02/2022,England,CumCasesByDate,16059214
28/02/2022,Scotland,CumCasesByDate,1390996
01/03/2022,Scotland,CumCasesByDate,1458444
01/03/2022,Northern Ireland,CumCasesByDate,626020
01/03/2022,England,CumCasesByDate,16085841
01/03/2022,Wales,CumCasesByDate,815263
02/03/2022,Wales,CumCasesByDate,816071
02/03/2022,England,CumCasesByDate,16117745
02/03/2022,Scotland,CumCasesByDate,1467078
02/03/2022,Northern Ireland,CumCasesByDate,628427
03/03/2022,Northern Ireland,CumCasesByDate,630835
03/03/2022,Wales,CumCasesByDate,816969
03/03/2022,England,CumCasesByDate,16150464
03/03/2022,Scotland,CumCasesByDate,1476428
04/03/2022,Scotland,CumCasesByDate,1485872
04/03/2022,Northern Ireland,CumCasesByDate,633071
04/03/2022,Wales,CumCasesByDate,818146
04/03/2022,England,CumCasesByDate,16182092
05/03/2022,Wales,CumCasesByDate,818146
05/03/2022,England,CumCasesByDate,16182092
05/03/2022,Scotland,CumCasesByDate,1485872
05/03/2022,Northern Ireland,CumCasesByDate,633071
06/03/2022,Northern Ireland,CumCasesByDate,633071
06/03/2022,England,CumCasesByDate,16182092
06/03/2022,Wales,CumCasesByDate,818146
06/03/2022,Scotland,CumCasesByDate,1485872
07/03/2022,Scotland,CumCasesByDate,1510238
07/03/2022,Northern Ireland,CumCasesByDate,638840
07/03/2022,England,CumCasesByDate,16277054
07/03/2022,Wales,CumCasesByDate,819169
08/03/2022,England,CumCasesByDate,16321911
08/03/2022,Wales,CumCasesByDate,821797
08/03/2022,Scotland,CumCasesByDate,1521797
08/03/2022,Northern Ireland,CumCasesByDate,641509
09/03/2022,Northern Ireland,CumCasesByDate,644192
09/03/2022,Wales,CumCasesByDate,822937
09/03/2022,England,CumCasesByDate,16373115
09/03/2022,Scotland,CumCasesByDate,1533640
10/03/2022,Scotland,CumCasesByDate,1561034
10/03/2022,Northern Ireland,CumCasesByDate,646794
10/03/2022,England,CumCasesByDate,16425663
10/03/2022,Wales,CumCasesByDate,824485
11/03/2022,Wales,CumCasesByDate,826010
11/03/2022,England,CumCasesByDate,16481364
11/03/2022,Scotland,CumCasesByDate,1574047
11/03/2022,Northern Ireland,CumCasesByDate,649064
12/03/2022,Northern Ireland,CumCasesByDate,649064
12/03/2022,Wales,CumCasesByDate,826010
12/03/2022,England,CumCasesByDate,16481364
12/03/2022,Scotland,CumCasesByDate,1574047
13/03/2022,Scotland,CumCasesByDate,1574047
13/03/2022,Northern Ireland,CumCasesByDate,649064
13/03/2022,Wales,CumCasesByDate,826010
13/03/2022,England,CumCasesByDate,16481364
14/03/2022,England,CumCasesByDate,16644795
14/03/2022,Wales,CumCasesByDate,827518
14/03/2022,Scotland,CumCasesByDate,1574047
14/03/2022,Northern Ireland,CumCasesByDate,654592
15/03/2022,Northern Ireland,CumCasesByDate,657197
15/03/2022,England,CumCasesByDate,16709007
15/03/2022,Wales,CumCasesByDate,831632
15/03/2022,Scotland,CumCasesByDate,1622345
16/03/2022,Scotland,CumCasesByDate,1632909
16/03/2022,Northern Ireland,CumCasesByDate,659588
16/03/2022,Wales,CumCasesByDate,833509
16/03/2022,England,CumCasesByDate,16785149
17/03/2022,England,CumCasesByDate,16860551
17/03/2022,Wales,CumCasesByDate,835770
17/03/2022,Scotland,CumCasesByDate,1643664
17/03/2022,Northern Ireland,CumCasesByDate,661642
18/03/2022,Northern Ireland,CumCasesByDate,663440
18/03/2022,England,CumCasesByDate,16928787
18/03/2022,Wales,CumCasesByDate,837705
18/03/2022,Scotland,CumCasesByDate,1663830
19/03/2022,Scotland,CumCasesByDate,1663830
19/03/2022,Northern Ireland,CumCasesByDate,663440
19/03/2022,Wales,CumCasesByDate,837705
19/03/2022,England,CumCasesByDate,16928787
20/03/2022,England,CumCasesByDate,16928787
20/03/2022,Wales,CumCasesByDate,837705
20/03/2022,Scotland,CumCasesByDate,1663830
20/03/2022,Northern Ireland,CumCasesByDate,663440
21/03/2022,Northern Ireland,CumCasesByDate,668795
21/03/2022,Wales,CumCasesByDate,840270
21/03/2022,England,CumCasesByDate,17117061
21/03/2022,Scotland,CumCasesByDate,1693308
22/03/2022,Scotland,CumCasesByDate,1705109
22/03/2022,Northern Ireland,CumCasesByDate,671694
22/03/2022,Wales,CumCasesByDate,845179
22/03/2022,England,CumCasesByDate,17191749
23/03/2022,England,CumCasesByDate,17277446
23/03/2022,Wales,CumCasesByDate,847055
23/03/2022,Scotland,CumCasesByDate,1717534
23/03/2022,Northern Ireland,CumCasesByDate,673963
24/03/2022,Northern Ireland,CumCasesByDate,676487
24/03/2022,England,CumCasesByDate,17356644
24/03/2022,Wales,CumCasesByDate,849797
24/03/2022,Scotland,CumCasesByDate,1730889
25/03/2022,Scotland,CumCasesByDate,1740857
25/03/2022,Northern Ireland,CumCasesByDate,678397
25/03/2022,Wales,CumCasesByDate,851925
25/03/2022,England,CumCasesByDate,17419944
26/03/2022,England,CumCasesByDate,17419944
26/03/2022,Wales,CumCasesByDate,851925
26/03/2022,Scotland,CumCasesByDate,1740857
26/03/2022,Northern Ireland,CumCasesByDate,678397
27/03/2022,Northern Ireland,CumCasesByDate,678397
27/03/2022,Wales,CumCasesByDate,851925
27/03/2022,England,CumCasesByDate,17419944
27/03/2022,Scotland,CumCasesByDate,1740857
28/03/2022,Scotland,CumCasesByDate,1766147
28/03/2022,Northern Ireland,CumCasesByDate,682238
28/03/2022,England,CumCasesByDate,17603000
28/03/2022,Wales,CumCasesByDate,854130
29/03/2022,Wales,CumCasesByDate,858983
29/03/2022,England,CumCasesByDate,17667861
29/03/2022,Scotland,CumCasesByDate,1775358
29/03/2022,Northern Ireland,CumCasesByDate,683969
30/03/2022,Northern Ireland,CumCasesByDate,685383
30/03/2022,Wales,CumCasesByDate,860727
30/03/2022,England,CumCasesByDate,17742075
30/03/2022,Scotland,CumCasesByDate,1784824
31/03/2022,Scotland,CumCasesByDate,1793771
31/03/2022,Northern Ireland,CumCasesByDate,686844
31/03/2022,Wales,CumCasesByDate,862106
31/03/2022,England,CumCasesByDate,17804704
01/04/2022,Wales,CumCasesByDate,863544
01/04/2022,England,CumCasesByDate,17864687
01/04/2022,Scotland,CumCasesByDate,1800581
01/04/2022,Northern Ireland,CumCasesByDate,688062
02/04/2022,Northern Ireland,CumCasesByDate,688062
02/04/2022,England,CumCasesByDate,17864687
02/04/2022,Wales,CumCasesByDate,863544
02/04/2022,Scotland,CumCasesByDate,1800581
03/04/2022,Scotland,CumCasesByDate,1800581
03/04/2022,Northern Ireland,CumCasesByDate,688062
03/04/2022,England,CumCasesByDate,17864687
03/04/2022,Wales,CumCasesByDate,863544
04/04/2022,England,CumCasesByDate,17986241
04/04/2022,Wales,CumCasesByDate,865029
04/04/2022,Scotland,CumCasesByDate,1817661
04/04/2022,Northern Ireland,CumCasesByDate,690750
05/04/2022,Northern Ireland,CumCasesByDate,692137
05/04/2022,Wales,CumCasesByDate,866863
05/04/2022,England,CumCasesByDate,18027644
05/04/2022,Scotland,CumCasesByDate,1823661
06/04/2022,Scotland,CumCasesByDate,1831010
06/04/2022,Northern Ireland,CumCasesByDate,693292
06/04/2022,England,CumCasesByDate,18070000
06/04/2022,Wales,CumCasesByDate,867254
07/04/2022,England,CumCasesByDate,18108626
07/04/2022,Wales,CumCasesByDate,867791
07/04/2022,Scotland,CumCasesByDate,1837704
07/04/2022,Northern Ireland,CumCasesByDate,694425
08/04/2022,Northern Ireland,CumCasesByDate,695408
08/04/2022,Wales,CumCasesByDate,868195
08/04/2022,England,CumCasesByDate,18142371
08/04/2022,Scotland,CumCasesByDate,1843856
09/04/2022,Scotland,CumCasesByDate,1843856
09/04/2022,Northern Ireland,CumCasesByDate,695408
09/04/2022,Wales,CumCasesByDate,868195
09/04/2022,England,CumCasesByDate,18142371
10/04/2022,Wales,CumCasesByDate,868195
10/04/2022,England,CumCasesByDate,18142371
10/04/2022,Scotland,CumCasesByDate,1843856
10/04/2022,Northern Ireland,CumCasesByDate,695408
11/04/2022,Northern Ireland,CumCasesByDate,697281
11/04/2022,England,CumCasesByDate,18217512
11/04/2022,Wales,CumCasesByDate,868568
11/04/2022,Scotland,CumCasesByDate,1857540
12/04/2022,Scotland,CumCasesByDate,1863120
12/04/2022,Northern Ireland,CumCasesByDate,698208
12/04/2022,Wales,CumCasesByDate,869272
12/04/2022,England,CumCasesByDate,18248680
13/04/2022,England,CumCasesByDate,18277995
13/04/2022,Wales,CumCasesByDate,869580
13/04/2022,Scotland,CumCasesByDate,1868563
13/04/2022,Northern Ireland,CumCasesByDate,698978
14/04/2022,Northern Ireland,CumCasesByDate,699769
14/04/2022,England,CumCasesByDate,18305250
14/04/2022,Wales,CumCasesByDate,869917
14/04/2022,Scotland,CumCasesByDate,1872702
15/04/2022,Scotland,CumCasesByDate,1872702
15/04/2022,Northern Ireland,CumCasesByDate,699769
15/04/2022,England,CumCasesByDate,18305250
15/04/2022,Wales,CumCasesByDate,869917
16/04/2022,England,CumCasesByDate,18305250
16/04/2022,Wales,CumCasesByDate,869917
16/04/2022,Scotland,CumCasesByDate,1872702
16/04/2022,Northern Ireland,CumCasesByDate,699769
17/04/2022,Northern Ireland,CumCasesByDate,699769
17/04/2022,England,CumCasesByDate,18305250
17/04/2022,Wales,CumCasesByDate,869917
17/04/2022,Scotland,CumCasesByDate,1872702
18/04/2022,Scotland,CumCasesByDate,1872702
18/04/2022,Northern Ireland,CumCasesByDate,699769
18/04/2022,England,CumCasesByDate,18305250
18/04/2022,Wales,CumCasesByDate,869917
19/04/2022,Wales,CumCasesByDate,870189
19/04/2022,England,CumCasesByDate,18398440
19/04/2022,Scotland,CumCasesByDate,1892851
19/04/2022,Northern Ireland,CumCasesByDate,702464
20/04/2022,Northern Ireland,CumCasesByDate,703052
20/04/2022,England,CumCasesByDate,18419203
20/04/2022,Wales,CumCasesByDate,871005
20/04/2022,Scotland,CumCasesByDate,1896777
21/04/2022,Scotland,CumCasesByDate,1900751
21/04/2022,Northern Ireland,CumCasesByDate,703804
21/04/2022,Wales,CumCasesByDate,871260
21/04/2022,England,CumCasesByDate,18437668
22/04/2022,Wales,CumCasesByDate,871423
22/04/2022,England,CumCasesByDate,18453469
22/04/2022,Scotland,CumCasesByDate,1903803
22/04/2022,Northern Ireland,CumCasesByDate,704511
23/04/2022,Northern Ireland,CumCasesByDate,704511
23/04/2022,Wales,CumCasesByDate,871423
23/04/2022,England,CumCasesByDate,18453469
23/04/2022,Scotland,CumCasesByDate,1903803
24/04/2022,Scotland,CumCasesByDate,1903803
24/04/2022,Northern Ireland,CumCasesByDate,704511
24/04/2022,Wales,CumCasesByDate,871423
24/04/2022,England,CumCasesByDate,18453469
25/04/2022,Wales,CumCasesByDate,871581
25/04/2022,England,CumCasesByDate,18489342
25/04/2022,Scotland,CumCasesByDate,1911485
25/04/2022,Northern Ireland,CumCasesByDate,705790
26/04/2022,Northern Ireland,CumCasesByDate,706270
26/04/2022,Wales,CumCasesByDate,871924
26/04/2022,England,CumCasesByDate,18502386
26/04/2022,Scotland,CumCasesByDate,1914229
27/04/2022,Scotland,CumCasesByDate,1917330
27/04/2022,Northern Ireland,CumCasesByDate,706635
27/04/2022,England,CumCasesByDate,18515847
27/04/2022,Wales,CumCasesByDate,872108
28/04/2022,Wales,CumCasesByDate,872251
28/04/2022,England,CumCasesByDate,18526781
28/04/2022,Scotland,CumCasesByDate,1919903
28/04/2022,Northern Ireland,CumCasesByDate,706990
29/04/2022,Northern Ireland,CumCasesByDate,707319
29/04/2022,Wales,CumCasesByDate,872384
29/04/2022,England,CumCasesByDate,18536477
29/04/2022,Scotland,CumCasesByDate,1922160
30/04/2022,Scotland,CumCasesByDate,1922160
30/04/2022,Northern Ireland,CumCasesByDate,707319
30/04/2022,England,CumCasesByDate,18536477
30/04/2022,Wales,CumCasesByDate,872384
01/05/2022,England,CumCasesByDate,18536477
01/05/2022,Wales,CumCasesByDate,872384
01/05/2022,Scotland,CumCasesByDate,1922160
01/05/2022,Northern Ireland,CumCasesByDate,707319
02/05/2022,Northern Ireland,CumCasesByDate,707319
02/05/2022,Wales,CumCasesByDate,872384
02/05/2022,England,CumCasesByDate,18536477
02/05/2022,Scotland,CumCasesByDate,1922160
03/05/2022,Scotland,CumCasesByDate,1927583
03/05/2022,Northern Ireland,CumCasesByDate,708321
03/05/2022,Wales,CumCasesByDate,872498
03/05/2022,England,CumCasesByDate,18565456
04/05/2022,England,CumCasesByDate,18580049
04/05/2022,Wales,CumCasesByDate,872824
04/05/2022,Scotland,CumCasesByDate,1928951
04/05/2022,Northern Ireland,CumCasesByDate,708699
05/05/2022,Northern Ireland,CumCasesByDate,709061
05/05/2022,Wales,CumCasesByDate,872975
05/05/2022,England,CumCasesByDate,18590347
05/05/2022,Scotland,CumCasesByDate,1930600
06/05/2022,Scotland,CumCasesByDate,1931816
06/05/2022,Northern Ireland,CumCasesByDate,709377
06/05/2022,England,CumCasesByDate,18599739
06/05/2022,Wales,CumCasesByDate,873102
07/05/2022,England,CumCasesByDate,18599739
07/05/2022,Wales,CumCasesByDate,873102
07/05/2022,Scotland,CumCasesByDate,1931816
07/05/2022,Northern Ireland,CumCasesByDate,709377
08/05/2022,Northern Ireland,CumCasesByDate,709377
08/05/2022,England,CumCasesByDate,18599739
08/05/2022,Wales,CumCasesByDate,873102
08/05/2022,Scotland,CumCasesByDate,1931816
09/05/2022,Scotland,CumCasesByDate,1935488
09/05/2022,Northern Ireland,CumCasesByDate,710173
09/05/2022,Wales,CumCasesByDate,873202
09/05/2022,England,CumCasesByDate,18621424
10/05/2022,Wales,CumCasesByDate,873470
10/05/2022,England,CumCasesByDate,18631175
10/05/2022,Scotland,CumCasesByDate,1935488
10/05/2022,Northern Ireland,CumCasesByDate,710567
11/05/2022,Northern Ireland,CumCasesByDate,710567
11/05/2022,Wales,CumCasesByDate,873569
11/05/2022,England,CumCasesByDate,18639196
11/05/2022,Scotland,CumCasesByDate,1935488
12/05/2022,Scotland,CumCasesByDate,1939321
12/05/2022,Northern Ireland,CumCasesByDate,710567
12/05/2022,Wales,CumCasesByDate,873670
12/05/2022,England,CumCasesByDate,18650062
13/05/2022,Wales,CumCasesByDate,873751
13/05/2022,England,CumCasesByDate,18656568
13/05/2022,Scotland,CumCasesByDate,1939321
13/05/2022,Northern Ireland,CumCasesByDate,710567
14/05/2022,Northern Ireland,CumCasesByDate,711649
14/05/2022,Wales,CumCasesByDate,873751
14/05/2022,England,CumCasesByDate,18656568
14/05/2022,Scotland,CumCasesByDate,1939321
15/05/2022,Scotland,CumCasesByDate,1939321
15/05/2022,Northern Ireland,CumCasesByDate,711822
15/05/2022,Wales,CumCasesByDate,873751
15/05/2022,England,CumCasesByDate,18656568
16/05/2022,Wales,CumCasesByDate,873825
16/05/2022,England,CumCasesByDate,18673471
16/05/2022,Scotland,CumCasesByDate,1944429
16/05/2022,Northern Ireland,CumCasesByDate,712074
17/05/2022,Northern Ireland,CumCasesByDate,712437
17/05/2022,Wales,CumCasesByDate,873963
17/05/2022,England,CumCasesByDate,18681566
17/05/2022,Scotland,CumCasesByDate,1944429
18/05/2022,Scotland,CumCasesByDate,1944429
18/05/2022,Northern Ireland,CumCasesByDate,712769
18/05/2022,Wales,CumCasesByDate,874034
18/05/2022,England,CumCasesByDate,18688946
19/05/2022,Wales,CumCasesByDate,874105
19/05/2022,England,CumCasesByDate,18695641
19/05/2022,Scotland,CumCasesByDate,1949599
19/05/2022,Northern Ireland,CumCasesByDate,713032
20/05/2022,Northern Ireland,CumCasesByDate,713294
20/05/2022,England,CumCasesByDate,18701642
20/05/2022,Wales,CumCasesByDate,874178
20/05/2022,Scotland,CumCasesByDate,1949599
21/05/2022,Scotland,CumCasesByDate,1949599
21/05/2022,England,CumCasesByDate,18701642
21/05/2022,Wales,CumCasesByDate,874178
22/05/2022,England,CumCasesByDate,18701642
22/05/2022,Wales,CumCasesByDate,874178
22/05/2022,Scotland,CumCasesByDate,1949599
23/05/2022,Scotland,CumCasesByDate,1960940
23/05/2022,Wales,CumCasesByDate,874232
23/05/2022,England,CumCasesByDate,18716214
24/05/2022,Wales,CumCasesByDate,874322
24/05/2022,England,CumCasesByDate,18722566
24/05/2022,Scotland,CumCasesByDate,1960940
25/05/2022,Scotland,CumCasesByDate,1960940
25/05/2022,England,CumCasesByDate,18728368
25/05/2022,Wales,CumCasesByDate,874373
26/05/2022,England,CumCasesByDate,18733650
26/05/2022,Wales,CumCasesByDate,874425
26/05/2022,Scotland,CumCasesByDate,1951671
27/05/2022,Scotland,CumCasesByDate,1951671
27/05/2022,Wales,CumCasesByDate,874425
27/05/2022,England,CumCasesByDate,18738306
28/05/2022,England,CumCasesByDate,18738306
28/05/2022,Wales,CumCasesByDate,874425
28/05/2022,Scotland,CumCasesByDate,1951671
29/05/2022,Scotland,CumCasesByDate,1951671
29/05/2022,Wales,CumCasesByDate,874425
29/05/2022,England,CumCasesByDate,18738306
30/05/2022,Wales,CumCasesByDate,874425
30/05/2022,England,CumCasesByDate,18751882
30/05/2022,Scotland,CumCasesByDate,1955185
31/05/2022,Scotland,CumCasesByDate,1955185
31/05/2022,Wales,CumCasesByDate,874425
31/05/2022,England,CumCasesByDate,18757683
01/06/2022,England,CumCasesByDate,18762989
01/06/2022,Wales,CumCasesByDate,874425
01/06/2022,Scotland,CumCasesByDate,1955185
02/06/2022,Scotland,CumCasesByDate,1958838
02/06/2022,Wales,CumCasesByDate,874686
02/06/2022,England,CumCasesByDate,18762989
03/06/2022,Wales,CumCasesByDate,874686
03/06/2022,England,CumCasesByDate,18762989
03/06/2022,Scotland,CumCasesByDate,1958838
04/06/2022,Scotland,CumCasesByDate,1958838
04/06/2022,Wales,CumCasesByDate,874686
04/06/2022,England,CumCasesByDate,18762989
05/06/2022,Wales,CumCasesByDate,874686
05/06/2022,England,CumCasesByDate,18762989
05/06/2022,Scotland,CumCasesByDate,1958838
06/06/2022,Scotland,CumCasesByDate,1958838
06/06/2022,Wales,CumCasesByDate,874686
06/06/2022,England,CumCasesByDate,18792128
07/06/2022,England,CumCasesByDate,18802365
07/06/2022,Wales,CumCasesByDate,874686
07/06/2022,Scotland,CumCasesByDate,1958838
08/06/2022,Scotland,CumCasesByDate,1963426
08/06/2022,England,CumCasesByDate,18811661
08/06/2022,Wales,CumCasesByDate,874686
09/06/2022,Wales,CumCasesByDate,875029
09/06/2022,England,CumCasesByDate,18821397
09/06/2022,Scotland,CumCasesByDate,1963426
10/06/2022,Scotland,CumCasesByDate,1963426
10/06/2022,England,CumCasesByDate,18830603
10/06/2022,Wales,CumCasesByDate,875029
11/06/2022,Wales,CumCasesByDate,875029
11/06/2022,England,CumCasesByDate,18830603
11/06/2022,Scotland,CumCasesByDate,1963426
12/06/2022,Scotland,CumCasesByDate,1963426
12/06/2022,Wales,CumCasesByDate,875029
12/06/2022,England,CumCasesByDate,18830603
13/06/2022,England,CumCasesByDate,18858834
13/06/2022,Wales,CumCasesByDate,875029
13/06/2022,Scotland,CumCasesByDate,1963426
14/06/2022,Scotland,CumCasesByDate,1963426
14/06/2022,Wales,CumCasesByDate,875029
14/06/2022,England,CumCasesByDate,18870862
15/06/2022,England,CumCasesByDate,18884257
15/06/2022,Wales,CumCasesByDate,875029
15/06/2022,Scotland,CumCasesByDate,1975331
16/06/2022,Scotland,CumCasesByDate,1975331
16/06/2022,England,CumCasesByDate,18896327
16/06/2022,Wales,CumCasesByDate,875497
17/06/2022,England,CumCasesByDate,18908381
17/06/2022,Wales,CumCasesByDate,875497
17/06/2022,Scotland,CumCasesByDate,1975331
18/06/2022,Scotland,CumCasesByDate,1975331
18/06/2022,Wales,CumCasesByDate,875497
18/06/2022,England,CumCasesByDate,18908381
19/06/2022,England,CumCasesByDate,18908381
19/06/2022,Wales,CumCasesByDate,875497
19/06/2022,Scotland,CumCasesByDate,1975331
20/06/2022,Scotland,CumCasesByDate,1975331
20/06/2022,England,CumCasesByDate,18944806
20/06/2022,Wales,CumCasesByDate,875497
21/06/2022,Wales,CumCasesByDate,875497
21/06/2022,England,CumCasesByDate,18961236
21/06/2022,Scotland,CumCasesByDate,1975331
22/06/2022,Scotland,CumCasesByDate,1990859
22/06/2022,England,CumCasesByDate,18978435
22/06/2022,Wales,CumCasesByDate,875497
23/06/2022,Wales,CumCasesByDate,876295
23/06/2022,England,CumCasesByDate,18995906
23/06/2022,Scotland,CumCasesByDate,1990859
24/06/2022,Scotland,CumCasesByDate,1990859
24/06/2022,Wales,CumCasesByDate,877490
24/06/2022,England,CumCasesByDate,19012379
25/06/2022,England,CumCasesByDate,19012379
25/06/2022,Wales,CumCasesByDate,877490
25/06/2022,Scotland,CumCasesByDate,1990859
26/06/2022,Scotland,CumCasesByDate,1990859
26/06/2022,Wales,CumCasesByDate,877490
26/06/2022,England,CumCasesByDate,19012379
27/06/2022,Wales,CumCasesByDate,877490
27/06/2022,England,CumCasesByDate,19059682
27/06/2022,Scotland,CumCasesByDate,1990859
28/06/2022,Scotland,CumCasesByDate,1990859
28/06/2022,Wales,CumCasesByDate,877490
28/06/2022,England,CumCasesByDate,19081094
29/06/2022,Wales,CumCasesByDate,877490
29/06/2022,England,CumCasesByDate,19102513
29/06/2022,Scotland,CumCasesByDate,2005335
30/06/2022,Scotland,CumCasesByDate,2005335
30/06/2022,England,CumCasesByDate,19124226
30/06/2022,Wales,CumCasesByDate,877490
01/07/2022,Wales,CumCasesByDate,877490
01/07/2022,England,CumCasesByDate,19144946
01/07/2022,Scotland,CumCasesByDate,2005335
02/07/2022,Scotland,CumCasesByDate,2005335
02/07/2022,England,CumCasesByDate,19144946
02/07/2022,Wales,CumCasesByDate,877490
03/07/2022,Wales,CumCasesByDate,877490
03/07/2022,England,CumCasesByDate,19144946
03/07/2022,Scotland,CumCasesByDate,2005335
04/07/2022,Scotland,CumCasesByDate,2005335
04/07/2022,England,CumCasesByDate,19144946
04/07/2022,Wales,CumCasesByDate,877490
05/07/2022,Wales,CumCasesByDate,877490
05/07/2022,England,CumCasesByDate,19144946
05/07/2022,Scotland,CumCasesByDate,2005335
06/07/2022,Scotland,CumCasesByDate,2028133
06/07/2022,Wales,CumCasesByDate,877490
06/07/2022,England,CumCasesByDate,19265078
07/07/2022,England,CumCasesByDate,19265078
07/07/2022,Wales,CumCasesByDate,878929
07/07/2022,Scotland,CumCasesByDate,2028133
08/07/2022,Scotland,CumCasesByDate,2028133
08/07/2022,Wales,CumCasesByDate,878929
08/07/2022,England,CumCasesByDate,19265078
09/07/2022,Wales,CumCasesByDate,878929
09/07/2022,England,CumCasesByDate,19265078
09/07/2022,Scotland,CumCasesByDate,2028133
10/07/2022,Scotland,CumCasesByDate,2028133
10/07/2022,England,CumCasesByDate,19265078
10/07/2022,Wales,CumCasesByDate,878929
11/07/2022,England,CumCasesByDate,19265078
11/07/2022,Wales,CumCasesByDate,878929
11/07/2022,Scotland,CumCasesByDate,2028133
12/07/2022,Scotland,CumCasesByDate,2028133
12/07/2022,Wales,CumCasesByDate,878929
12/07/2022,England,CumCasesByDate,19265078
13/07/2022,England,CumCasesByDate,19436864
13/07/2022,Wales,CumCasesByDate,878929
13/07/2022,Scotland,CumCasesByDate,2045821
14/07/2022,Scotland,CumCasesByDate,2045821
14/07/2022,Wales,CumCasesByDate,880358
14/07/2022,England,CumCasesByDate,19436864
15/07/2022,Wales,CumCasesByDate,880358
15/07/2022,England,CumCasesByDate,19436864
15/07/2022,Scotland,CumCasesByDate,2045821
16/07/2022,Scotland,CumCasesByDate,2045821
16/07/2022,Wales,CumCasesByDate,880358
16/07/2022,England,CumCasesByDate,19436864
17/07/2022,England,CumCasesByDate,19436864
17/07/2022,Wales,CumCasesByDate,880358
17/07/2022,Scotland,CumCasesByDate,2045821
18/07/2022,Scotland,CumCasesByDate,2045821
18/07/2022,England,CumCasesByDate,19436864
18/07/2022,Wales,CumCasesByDate,880358
19/07/2022,England,CumCasesByDate,19436864
19/07/2022,Wales,CumCasesByDate,880358
19/07/2022,Scotland,CumCasesByDate,2045821
20/07/2022,Scotland,CumCasesByDate,2058616
20/07/2022,Wales,CumCasesByDate,880358
20/07/2022,England,CumCasesByDate,19560297
21/07/2022,England,CumCasesByDate,19560297
21/07/2022,Wales,CumCasesByDate,881293
21/07/2022,Scotland,CumCasesByDate,2058616
22/07/2022,Scotland,CumCasesByDate,2058616
22/07/2022,England,CumCasesByDate,19560297
22/07/2022,Wales,CumCasesByDate,881293
23/07/2022,England,CumCasesByDate,19560297
23/07/2022,Wales,CumCasesByDate,881293
23/07/2022,Scotland,CumCasesByDate,2058616
24/07/2022,Scotland,CumCasesByDate,2058616
24/07/2022,Wales,CumCasesByDate,881293
24/07/2022,England,CumCasesByDate,19560297
25/07/2022,Wales,CumCasesByDate,881293
25/07/2022,England,CumCasesByDate,19560297
25/07/2022,Scotland,CumCasesByDate,2058616
26/07/2022,Scotland,CumCasesByDate,2058616
26/07/2022,England,CumCasesByDate,19560297
26/07/2022,Wales,CumCasesByDate,881293
27/07/2022,Wales,CumCasesByDate,881293
27/07/2022,England,CumCasesByDate,19642180
27/07/2022,Scotland,CumCasesByDate,2067712
28/07/2022,Scotland,CumCasesByDate,2067712
28/07/2022,England,CumCasesByDate,19642180
28/07/2022,Wales,CumCasesByDate,882004
29/07/2022,England,CumCasesByDate,19642180
29/07/2022,Wales,CumCasesByDate,882004
29/07/2022,Scotland,CumCasesByDate,2067712
30/07/2022,Scotland,CumCasesByDate,2067712
30/07/2022,Wales,CumCasesByDate,882004
30/07/2022,England,CumCasesByDate,19642180
31/07/2022,Wales,CumCasesByDate,882004
31/07/2022,England,CumCasesByDate,19642180
31/07/2022,Scotland,CumCasesByDate,2067712
01/08/2022,Scotland,CumCasesByDate,2067712
01/08/2022,England,CumCasesByDate,19642180
01/08/2022,Wales,CumCasesByDate,882004
02/08/2022,England,CumCasesByDate,19642180
02/08/2022,Wales,CumCasesByDate,882004
02/08/2022,Scotland,CumCasesByDate,2067712
03/08/2022,England,CumCasesByDate,19699384
03/08/2022,Wales,CumCasesByDate,882004
03/08/2022,Scotland,CumCasesByDate,2074217
04/08/2022,Scotland,CumCasesByDate,2074217
04/08/2022,Wales,CumCasesByDate,882554
04/08/2022,England,CumCasesByDate,19699384
05/08/2022,Wales,CumCasesByDate,882554
05/08/2022,England,CumCasesByDate,19699384
05/08/2022,Scotland,CumCasesByDate,2074217
06/08/2022,Scotland,CumCasesByDate,2074217
06/08/2022,England,CumCasesByDate,19699384
06/08/2022,Wales,CumCasesByDate,882554
07/08/2022,Wales,CumCasesByDate,882554
07/08/2022,England,CumCasesByDate,19699384
07/08/2022,Scotland,CumCasesByDate,2074217
08/08/2022,Scotland,CumCasesByDate,2074217
08/08/2022,Wales,CumCasesByDate,882554
08/08/2022,England,CumCasesByDate,19699384
09/08/2022,England,CumCasesByDate,19699384
09/08/2022,Wales,CumCasesByDate,882554
09/08/2022,Scotland,CumCasesByDate,2074217
10/08/2022,Scotland,CumCasesByDate,2079366
10/08/2022,England,CumCasesByDate,19745612
10/08/2022,Wales,CumCasesByDate,882554
11/08/2022,Wales,CumCasesByDate,883018
11/08/2022,England,CumCasesByDate,19745612
11/08/2022,Scotland,CumCasesByDate,2079366
12/08/2022,Scotland,CumCasesByDate,2079366
12/08/2022,England,CumCasesByDate,19745612
12/08/2022,Wales,CumCasesByDate,883018
13/08/2022,England,CumCasesByDate,19745612
13/08/2022,Wales,CumCasesByDate,883018
13/08/2022,Scotland,CumCasesByDate,2079366
14/08/2022,Scotland,CumCasesByDate,2079366
14/08/2022,Wales,CumCasesByDate,883018
14/08/2022,England,CumCasesByDate,19745612
15/08/2022,Wales,CumCasesByDate,883018
15/08/2022,England,CumCasesByDate,19745612
15/08/2022,Scotland,CumCasesByDate,2079366
16/08/2022,Scotland,CumCasesByDate,2079366
16/08/2022,England,CumCasesByDate,19745612
16/08/2022,Wales,CumCasesByDate,883018
17/08/2022,Wales,CumCasesByDate,883018
17/08/2022,England,CumCasesByDate,19780734
17/08/2022,Scotland,CumCasesByDate,2083741
18/08/2022,Scotland,CumCasesByDate,2083741
18/08/2022,Wales,CumCasesByDate,883539
18/08/2022,England,CumCasesByDate,19780734
19/08/2022,England,CumCasesByDate,19780734
19/08/2022,Wales,CumCasesByDate,883539
19/08/2022,Scotland,CumCasesByDate,2083741
20/08/2022,Scotland,CumCasesByDate,2083741
20/08/2022,England,CumCasesByDate,19780734
20/08/2022,Wales,CumCasesByDate,883539
21/08/2022,Wales,CumCasesByDate,883539
21/08/2022,England,CumCasesByDate,19780734
21/08/2022,Scotland,CumCasesByDate,2083741
22/08/2022,Scotland,CumCasesByDate,2083741
22/08/2022,Wales,CumCasesByDate,883539
22/08/2022,England,CumCasesByDate,19780734
23/08/2022,England,CumCasesByDate,19780734
23/08/2022,Wales,CumCasesByDate,883539
23/08/2022,Scotland,CumCasesByDate,2083741
24/08/2022,Scotland,CumCasesByDate,2087616
24/08/2022,England,CumCasesByDate,19808426
24/08/2022,Wales,CumCasesByDate,883539
25/08/2022,Wales,CumCasesByDate,883871
25/08/2022,England,CumCasesByDate,19808426
25/08/2022,Scotland,CumCasesByDate,2087616
26/08/2022,Scotland,CumCasesByDate,2087616
26/08/2022,England,CumCasesByDate,19808426
26/08/2022,Wales,CumCasesByDate,883871
27/08/2022,Wales,CumCasesByDate,883871
27/08/2022,England,CumCasesByDate,19808426
27/08/2022,Scotland,CumCasesByDate,2087616
28/08/2022,Scotland,CumCasesByDate,2087616
28/08/2022,England,CumCasesByDate,19808426
28/08/2022,Wales,CumCasesByDate,883871
29/08/2022,England,CumCasesByDate,19808426
29/08/2022,Wales,CumCasesByDate,883871
29/08/2022,Scotland,CumCasesByDate,2087616
30/08/2022,England,CumCasesByDate,19808426
30/08/2022,Scotland,CumCasesByDate,2087616
30/08/2022,Wales,CumCasesByDate,883871
31/08/2022,Wales,CumCasesByDate,883871
31/08/2022,Scotland,CumCasesByDate,2091313
31/08/2022,England,CumCasesByDate,19833314
01/09/2022,Scotland,CumCasesByDate,2091313
01/09/2022,England,CumCasesByDate,19833314
01/09/2022,Wales,CumCasesByDate,884142
02/09/2022,Wales,CumCasesByDate,884142
02/09/2022,Scotland,CumCasesByDate,2091313
02/09/2022,England,CumCasesByDate,19833314
03/09/2022,Scotland,CumCasesByDate,2091313
03/09/2022,England,CumCasesByDate,19833314
03/09/2022,Wales,CumCasesByDate,884142
04/09/2022,Wales,CumCasesByDate,884142
04/09/2022,England,CumCasesByDate,19833314
04/09/2022,Scotland,CumCasesByDate,2091313
05/09/2022,England,CumCasesByDate,19833314
05/09/2022,Scotland,CumCasesByDate,2091313
05/09/2022,Wales,CumCasesByDate,884142
06/09/2022,Wales,CumCasesByDate,884142
06/09/2022,Scotland,CumCasesByDate,2091313
06/09/2022,England,CumCasesByDate,19833314
07/09/2022,Scotland,CumCasesByDate,2095171
07/09/2022,England,CumCasesByDate,19833314
07/09/2022,Wales,CumCasesByDate,884142
08/09/2022,Wales,CumCasesByDate,884498
08/09/2022,England,CumCasesByDate,19861556
08/09/2022,Scotland,CumCasesByDate,2095171
09/09/2022,England,CumCasesByDate,19861556
09/09/2022,Scotland,CumCasesByDate,2095171
09/09/2022,Wales,CumCasesByDate,884498
10/09/2022,Wales,CumCasesByDate,884498
10/09/2022,Scotland,CumCasesByDate,2095171
10/09/2022,England,CumCasesByDate,19861556
11/09/2022,Scotland,CumCasesByDate,2095171
11/09/2022,England,CumCasesByDate,19861556
11/09/2022,Wales,CumCasesByDate,884498
12/09/2022,Wales,CumCasesByDate,884498
12/09/2022,England,CumCasesByDate,19861556
12/09/2022,Scotland,CumCasesByDate,2095171
13/09/2022,Scotland,CumCasesByDate,2095171
13/09/2022,England,CumCasesByDate,19861556
13/09/2022,Wales,CumCasesByDate,884498
14/09/2022,Wales,CumCasesByDate,884498
14/09/2022,England,CumCasesByDate,19861556
14/09/2022,Scotland,CumCasesByDate,2098635
15/09/2022,Scotland,CumCasesByDate,2098635
15/09/2022,England,CumCasesByDate,19888584
15/09/2022,Wales,CumCasesByDate,884792
16/09/2022,Wales,CumCasesByDate,884792
16/09/2022,Scotland,CumCasesByDate,2098635
16/09/2022,England,CumCasesByDate,19888584
17/09/2022,England,CumCasesByDate,19888584
17/09/2022,Scotland,CumCasesByDate,2098635
17/09/2022,Wales,CumCasesByDate,884792
18/09/2022,Wales,CumCasesByDate,884792
18/09/2022,England,CumCasesByDate,19888584
18/09/2022,Scotland,CumCasesByDate,2098635
19/09/2022,England,CumCasesByDate,19888584
19/09/2022,Scotland,CumCasesByDate,2098635
19/09/2022,Wales,CumCasesByDate,884792
20/09/2022,Wales,CumCasesByDate,884792
20/09/2022,England,CumCasesByDate,19888584
20/09/2022,Scotland,CumCasesByDate,2098635
21/09/2022,Scotland,CumCasesByDate,2098635
21/09/2022,England,CumCasesByDate,19888584
21/09/2022,Wales,CumCasesByDate,884792
22/09/2022,Wales,CumCasesByDate,885103
22/09/2022,Scotland,CumCasesByDate,2101498
22/09/2022,England,CumCasesByDate,19922057
23/09/2022,Scotland,CumCasesByDate,2101498
23/09/2022,England,CumCasesByDate,19922057
23/09/2022,Wales,CumCasesByDate,885103
24/09/2022,Wales,CumCasesByDate,885103
24/09/2022,England,CumCasesByDate,19922057
24/09/2022,Scotland,CumCasesByDate,2101498
25/09/2022,Scotland,CumCasesByDate,2101498
25/09/2022,England,CumCasesByDate,19922057
25/09/2022,Wales,CumCasesByDate,885103
26/09/2022,Wales,CumCasesByDate,885103
26/09/2022,England,CumCasesByDate,19922057
26/09/2022,Scotland,CumCasesByDate,2101498
27/09/2022,England,CumCasesByDate,19922057
27/09/2022,Scotland,CumCasesByDate,2101498
27/09/2022,Wales,CumCasesByDate,885103
28/09/2022,Wales,CumCasesByDate,885103
28/09/2022,Scotland,CumCasesByDate,2105010
28/09/2022,England,CumCasesByDate,19922057
29/09/2022,England,CumCasesByDate,19968866
29/09/2022,Scotland,CumCasesByDate,2105010
29/09/2022,Wales,CumCasesByDate,885682
30/09/2022,Wales,CumCasesByDate,885682
30/09/2022,Scotland,CumCasesByDate,2105010
30/09/2022,England,CumCasesByDate,19968866
01/10/2022,England,CumCasesByDate,19968866
01/10/2022,Scotland,CumCasesByDate,2105010
01/10/2022,Wales,CumCasesByDate,885682
02/10/2022,Wales,CumCasesByDate,885682
02/10/2022,England,CumCasesByDate,19968866
02/10/2022,Scotland,CumCasesByDate,2105010
03/10/2022,Scotland,CumCasesByDate,2105010
03/10/2022,England,CumCasesByDate,19968866
03/10/2022,Wales,CumCasesByDate,885682
04/10/2022,Wales,CumCasesByDate,885682
04/10/2022,England,CumCasesByDate,19968866
04/10/2022,Scotland,CumCasesByDate,2105010
05/10/2022,Scotland,CumCasesByDate,2107886
05/10/2022,England,CumCasesByDate,19968866
05/10/2022,Wales,CumCasesByDate,885682
06/10/2022,Wales,CumCasesByDate,886426
06/10/2022,England,CumCasesByDate,20027667
06/10/2022,Scotland,CumCasesByDate,2107886
07/10/2022,England,CumCasesByDate,20027667
07/10/2022,Scotland,CumCasesByDate,2107886
07/10/2022,Wales,CumCasesByDate,886426
08/10/2022,Wales,CumCasesByDate,886426
08/10/2022,England,CumCasesByDate,20027667
08/10/2022,Scotland,CumCasesByDate,2107886
09/10/2022,England,CumCasesByDate,20027667
09/10/2022,Scotland,CumCasesByDate,2107886
09/10/2022,Wales,CumCasesByDate,886426
10/10/2022,Wales,CumCasesByDate,886426
10/10/2022,England,CumCasesByDate,20027667
10/10/2022,Scotland,CumCasesByDate,2107886
11/10/2022,Scotland,CumCasesByDate,2107886
11/10/2022,England,CumCasesByDate,20027667
11/10/2022,Wales,CumCasesByDate,886426
12/10/2022,Wales,CumCasesByDate,886426
12/10/2022,Scotland,CumCasesByDate,2111605
12/10/2022,England,CumCasesByDate,20027667
13/10/2022,Scotland,CumCasesByDate,2111605
13/10/2022,England,CumCasesByDate,20086702
13/10/2022,Wales,CumCasesByDate,887192
14/10/2022,Wales,CumCasesByDate,887192
14/10/2022,Scotland,CumCasesByDate,2111605
14/10/2022,England,CumCasesByDate,20086702
15/10/2022,England,CumCasesByDate,20086702
15/10/2022,Scotland,CumCasesByDate,2111605
15/10/2022,Wales,CumCasesByDate,887192
16/10/2022,Wales,CumCasesByDate,887192
16/10/2022,Scotland,CumCasesByDate,2111605
16/10/2022,England,CumCasesByDate,20086702
17/10/2022,Scotland,CumCasesByDate,2111605
17/10/2022,England,CumCasesByDate,20086702
17/10/2022,Wales,CumCasesByDate,887192
18/10/2022,Wales,CumCasesByDate,887192
18/10/2022,Scotland,CumCasesByDate,2111605
18/10/2022,England,CumCasesByDate,20086702
19/10/2022,Scotland,CumCasesByDate,2114972
19/10/2022,England,CumCasesByDate,20086702
19/10/2022,Wales,CumCasesByDate,887192
20/10/2022,Wales,CumCasesByDate,887935
20/10/2022,Scotland,CumCasesByDate,2114972
20/10/2022,England,CumCasesByDate,20139321
21/10/2022,Scotland,CumCasesByDate,2114972
21/10/2022,England,CumCasesByDate,20139321
21/10/2022,Wales,CumCasesByDate,887935
22/10/2022,Wales,CumCasesByDate,887935
22/10/2022,England,CumCasesByDate,20139321
22/10/2022,Scotland,CumCasesByDate,2114972
23/10/2022,England,CumCasesByDate,20139321
23/10/2022,Scotland,CumCasesByDate,2114972
23/10/2022,Wales,CumCasesByDate,887935
24/10/2022,Wales,CumCasesByDate,887935
24/10/2022,Scotland,CumCasesByDate,2114972
24/10/2022,England,CumCasesByDate,20139321
25/10/2022,Scotland,CumCasesByDate,2114972
25/10/2022,England,CumCasesByDate,20139321
25/10/2022,Wales,CumCasesByDate,887935
26/10/2022,Wales,CumCasesByDate,887935
26/10/2022,England,CumCasesByDate,20139321
26/10/2022,Scotland,CumCasesByDate,2118188
27/10/2022,Scotland,CumCasesByDate,2118188
27/10/2022,England,CumCasesByDate,20178456
27/10/2022,Wales,CumCasesByDate,888547
28/10/2022,Wales,CumCasesByDate,888547
28/10/2022,Scotland,CumCasesByDate,2118188
28/10/2022,England,CumCasesByDate,20178456
29/10/2022,England,CumCasesByDate,20178456
29/10/2022,Scotland,CumCasesByDate,2118188
29/10/2022,Wales,CumCasesByDate,888547
30/10/2022,Wales,CumCasesByDate,888547
30/10/2022,Scotland,CumCasesByDate,2118188
30/10/2022,England,CumCasesByDate,20178456
31/10/2022,Scotland,CumCasesByDate,2118188
31/10/2022,England,CumCasesByDate,20178456
31/10/2022,Wales,CumCasesByDate,888547
01/11/2022,Wales,CumCasesByDate,888547
01/11/2022,England,CumCasesByDate,20178456
01/11/2022,Scotland,CumCasesByDate,2118188
02/11/2022,England,CumCasesByDate,20178456
02/11/2022,Scotland,CumCasesByDate,2121084
02/11/2022,Wales,CumCasesByDate,888547
03/11/2022,Wales,CumCasesByDate,889022
03/11/2022,England,CumCasesByDate,20206637
03/11/2022,Scotland,CumCasesByDate,2121084
04/11/2022,Scotland,CumCasesByDate,2121084
04/11/2022,England,CumCasesByDate,20206637
04/11/2022,Wales,CumCasesByDate,889022
05/11/2022,Wales,CumCasesByDate,889022
05/11/2022,Scotland,CumCasesByDate,2121084
05/11/2022,England,CumCasesByDate,20206637
06/11/2022,Scotland,CumCasesByDate,2121084
06/11/2022,England,CumCasesByDate,20206637
06/11/2022,Wales,CumCasesByDate,889022
07/11/2022,Wales,CumCasesByDate,889022
07/11/2022,Scotland,CumCasesByDate,2121084
07/11/2022,England,CumCasesByDate,20206637
08/11/2022,England,CumCasesByDate,20206637
08/11/2022,Scotland,CumCasesByDate,2121084
08/11/2022,Wales,CumCasesByDate,889022
09/11/2022,Wales,CumCasesByDate,889022
09/11/2022,Scotland,CumCasesByDate,2123527
09/11/2022,England,CumCasesByDate,20206637
10/11/2022,England,CumCasesByDate,20228010
10/11/2022,Scotland,CumCasesByDate,2123527
10/11/2022,Wales,CumCasesByDate,889361
11/11/2022,Wales,CumCasesByDate,889361
11/11/2022,England,CumCasesByDate,20228010
11/11/2022,Scotland,CumCasesByDate,2123527
12/11/2022,England,CumCasesByDate,20228010
12/11/2022,Scotland,CumCasesByDate,2123527
12/11/2022,Wales,CumCasesByDate,889361
13/11/2022,Wales,CumCasesByDate,889361
13/11/2022,England,CumCasesByDate,20228010
13/11/2022,Scotland,CumCasesByDate,2123527
14/11/2022,Scotland,CumCasesByDate,2123527
14/11/2022,England,CumCasesByDate,20228010
14/11/2022,Wales,CumCasesByDate,889361
15/11/2022,Wales,CumCasesByDate,889361
15/11/2022,England,CumCasesByDate,20228010
15/11/2022,Scotland,CumCasesByDate,2123527
16/11/2022,England,CumCasesByDate,20228010
16/11/2022,Scotland,CumCasesByDate,2125838
16/11/2022,Wales,CumCasesByDate,889361
17/11/2022,Wales,CumCasesByDate,889641
17/11/2022,England,CumCasesByDate,20248860
17/11/2022,Scotland,CumCasesByDate,2125838
18/11/2022,Scotland,CumCasesByDate,2125838
18/11/2022,England,CumCasesByDate,20248860
18/11/2022,Wales,CumCasesByDate,889641
19/11/2022,Wales,CumCasesByDate,889641
19/11/2022,England,CumCasesByDate,20248860
19/11/2022,Scotland,CumCasesByDate,2125838
20/11/2022,Scotland,CumCasesByDate,2125838
20/11/2022,England,CumCasesByDate,20248860
20/11/2022,Wales,CumCasesByDate,889641
21/11/2022,Wales,CumCasesByDate,889641
21/11/2022,England,CumCasesByDate,20248860
21/11/2022,Scotland,CumCasesByDate,2125838
22/11/2022,Scotland,CumCasesByDate,2125838
22/11/2022,England,CumCasesByDate,20248860
22/11/2022,Wales,CumCasesByDate,889641
23/11/2022,Wales,CumCasesByDate,889641
23/11/2022,Scotland,CumCasesByDate,2127767
23/11/2022,England,CumCasesByDate,20248860
24/11/2022,England,CumCasesByDate,20269112
24/11/2022,Scotland,CumCasesByDate,2127767
24/11/2022,Wales,CumCasesByDate,889924
25/11/2022,Wales,CumCasesByDate,889924
25/11/2022,England,CumCasesByDate,20269112
25/11/2022,Scotland,CumCasesByDate,2127767
26/11/2022,Scotland,CumCasesByDate,2127767
26/11/2022,England,CumCasesByDate,20269112
26/11/2022,Wales,CumCasesByDate,889924
27/11/2022,Wales,CumCasesByDate,889924
27/11/2022,England,CumCasesByDate,20269112
27/11/2022,Scotland,CumCasesByDate,2127767
28/11/2022,England,CumCasesByDate,20269112
28/11/2022,Scotland,CumCasesByDate,2127767
28/11/2022,Wales,CumCasesByDate,889924
29/11/2022,Wales,CumCasesByDate,889924
29/11/2022,England,CumCasesByDate,20269112
29/11/2022,Scotland,CumCasesByDate,2127767
30/11/2022,Scotland,CumCasesByDate,2129682
30/11/2022,England,CumCasesByDate,20269112
30/11/2022,Wales,CumCasesByDate,889924
01/12/2022,Wales,CumCasesByDate,890293
01/12/2022,Scotland,CumCasesByDate,2129682
01/12/2022,England,CumCasesByDate,20291473
02/12/2022,England,CumCasesByDate,20291473
02/12/2022,Scotland,CumCasesByDate,2129682
02/12/2022,Wales,CumCasesByDate,890293
03/12/2022,Wales,CumCasesByDate,890293
03/12/2022,England,CumCasesByDate,20291473
03/12/2022,Scotland,CumCasesByDate,2129682
04/12/2022,England,CumCasesByDate,20291473
04/12/2022,Scotland,CumCasesByDate,2129682
04/12/2022,Wales,CumCasesByDate,890293
05/12/2022,Wales,CumCasesByDate,890293
05/12/2022,Scotland,CumCasesByDate,2129682
05/12/2022,England,CumCasesByDate,20291473
06/12/2022,England,CumCasesByDate,20291473
06/12/2022,Scotland,CumCasesByDate,2129682
06/12/2022,Wales,CumCasesByDate,890293
07/12/2022,Wales,CumCasesByDate,890293
07/12/2022,England,CumCasesByDate,20291473
07/12/2022,Scotland,CumCasesByDate,2131615
08/12/2022,Scotland,CumCasesByDate,2131615
08/12/2022,England,CumCasesByDate,20317848
08/12/2022,Wales,CumCasesByDate,890815
09/12/2022,Wales,CumCasesByDate,890815
09/12/2022,England,CumCasesByDate,20317848
09/12/2022,Scotland,CumCasesByDate,2131615
10/12/2022,England,CumCasesByDate,20317848
10/12/2022,Scotland,CumCasesByDate,2131615
10/12/2022,Wales,CumCasesByDate,890815
11/12/2022,Wales,CumCasesByDate,890815
11/12/2022,England,CumCasesByDate,20317848
11/12/2022,Scotland,CumCasesByDate,2131615
12/12/2022,Scotland,CumCasesByDate,2131615
12/12/2022,England,CumCasesByDate,20317848
12/12/2022,Wales,CumCasesByDate,890815
13/12/2022,Wales,CumCasesByDate,890815
13/12/2022,England,CumCasesByDate,20317848
13/12/2022,Scotland,CumCasesByDate,2131615
14/12/2022,Scotland,CumCasesByDate,2133905
14/12/2022,England,CumCasesByDate,20317848
14/12/2022,Wales,CumCasesByDate,890815
15/12/2022,Wales,CumCasesByDate,891613
15/12/2022,Scotland,CumCasesByDate,2133905
15/12/2022,England,CumCasesByDate,20350226
16/12/2022,England,CumCasesByDate,20350226
16/12/2022,Scotland,CumCasesByDate,2133905
16/12/2022,Wales,CumCasesByDate,891613
17/12/2022,Wales,CumCasesByDate,891613
17/12/2022,Scotland,CumCasesByDate,2133905
17/12/2022,England,CumCasesByDate,20350226
18/12/2022,Scotland,CumCasesByDate,2133905
18/12/2022,England,CumCasesByDate,20350226
18/12/2022,Wales,CumCasesByDate,891613
19/12/2022,Wales,CumCasesByDate,891613
19/12/2022,England,CumCasesByDate,20350226
19/12/2022,Scotland,CumCasesByDate,2133905
20/12/2022,England,CumCasesByDate,20350226
20/12/2022,Scotland,CumCasesByDate,2133905
20/12/2022,Wales,CumCasesByDate,891613
21/12/2022,Wales,CumCasesByDate,891613
21/12/2022,Scotland,CumCasesByDate,2136695
21/12/2022,England,CumCasesByDate,20350226
22/12/2022,England,CumCasesByDate,20392339
22/12/2022,Scotland,CumCasesByDate,2136695
22/12/2022,Wales,CumCasesByDate,892752
23/12/2022,Wales,CumCasesByDate,892752
23/12/2022,Scotland,CumCasesByDate,2136695
23/12/2022,England,CumCasesByDate,20392339
24/12/2022,England,CumCasesByDate,20392339
24/12/2022,Scotland,CumCasesByDate,2136695
24/12/2022,Wales,CumCasesByDate,892752
25/12/2022,Wales,CumCasesByDate,892752
25/12/2022,Scotland,CumCasesByDate,2136695
25/12/2022,England,CumCasesByDate,20392339
26/12/2022,Scotland,CumCasesByDate,2136695
26/12/2022,England,CumCasesByDate,20392339
26/12/2022,Wales,CumCasesByDate,892752
27/12/2022,Wales,CumCasesByDate,892752
27/12/2022,Scotland,CumCasesByDate,2136695
27/12/2022,England,CumCasesByDate,20392339
28/12/2022,Scotland,CumCasesByDate,2136695
28/12/2022,England,CumCasesByDate,20392339
28/12/2022,Wales,CumCasesByDate,892752
29/12/2022,Wales,CumCasesByDate,893617
29/12/2022,England,CumCasesByDate,20429062
29/12/2022,Scotland,CumCasesByDate,2136695
30/12/2022,England,CumCasesByDate,20429062
30/12/2022,Scotland,CumCasesByDate,2136695
30/12/2022,Wales,CumCasesByDate,893617
31/12/2022,Wales,CumCasesByDate,893617
31/12/2022,Scotland,CumCasesByDate,2136695
31/12/2022,England,CumCasesByDate,20429062
01/01/2023,England,CumCasesByDate,20429062
01/01/2023,Scotland,CumCasesByDate,2136695
01/01/2023,Wales,CumCasesByDate,893617
02/01/2023,Wales,CumCasesByDate,893617
02/01/2023,Scotland,CumCasesByDate,2136695
02/01/2023,England,CumCasesByDate,20429062
03/01/2023,Scotland,CumCasesByDate,2136695
03/01/2023,England,CumCasesByDate,20429062
03/01/2023,Wales,CumCasesByDate,893617
04/01/2023,Wales,CumCasesByDate,893617
04/01/2023,Scotland,CumCasesByDate,2136695
04/01/2023,England,CumCasesByDate,20429062
05/01/2023,Scotland,CumCasesByDate,2136695
05/01/2023,England,CumCasesByDate,20465614
05/01/2023,Wales,CumCasesByDate,894524
06/01/2023,Wales,CumCasesByDate,894524
06/01/2023,England,CumCasesByDate,20465614
06/01/2023,Scotland,CumCasesByDate,2142883
07/01/2023,Scotland,CumCasesByDate,2142883
07/01/2023,England,CumCasesByDate,20465614
07/01/2023,Wales,CumCasesByDate,894524
08/01/2023,Wales,CumCasesByDate,894524
08/01/2023,Scotland,CumCasesByDate,2142883
08/01/2023,England,CumCasesByDate,20465614
09/01/2023,Scotland,CumCasesByDate,2142883
09/01/2023,England,CumCasesByDate,20465614
09/01/2023,Wales,CumCasesByDate,894524
10/01/2023,Wales,CumCasesByDate,894524
10/01/2023,England,CumCasesByDate,20465614
10/01/2023,Scotland,CumCasesByDate,2142883
11/01/2023,England,CumCasesByDate,20465614
11/01/2023,Scotland,CumCasesByDate,2145484
11/01/2023,Wales,CumCasesByDate,894524
12/01/2023,Wales,CumCasesByDate,895053
12/01/2023,Scotland,CumCasesByDate,2145484
12/01/2023,England,CumCasesByDate,20489558
13/01/2023,Scotland,CumCasesByDate,2145484
13/01/2023,England,CumCasesByDate,20489558
13/01/2023,Wales,CumCasesByDate,895053
14/01/2023,Wales,CumCasesByDate,895053
14/01/2023,Scotland,CumCasesByDate,2145484
14/01/2023,England,CumCasesByDate,20489558
15/01/2023,England,CumCasesByDate,20489558
15/01/2023,Scotland,CumCasesByDate,2145484
15/01/2023,Wales,CumCasesByDate,895053
16/01/2023,Wales,CumCasesByDate,895053
16/01/2023,Scotland,CumCasesByDate,2145484
16/01/2023,England,CumCasesByDate,20489558
17/01/2023,England,CumCasesByDate,20489558
17/01/2023,Scotland,CumCasesByDate,2145484
17/01/2023,Wales,CumCasesByDate,895053
18/01/2023,Wales,CumCasesByDate,895053
18/01/2023,Scotland,CumCasesByDate,2147103
18/01/2023,England,CumCasesByDate,20489558
19/01/2023,Scotland,CumCasesByDate,2147103
19/01/2023,England,CumCasesByDate,20503511
19/01/2023,Wales,CumCasesByDate,895328
20/01/2023,Wales,CumCasesByDate,895328
20/01/2023,Scotland,CumCasesByDate,2147103
20/01/2023,England,CumCasesByDate,20503511
21/01/2023,England,CumCasesByDate,20503511
21/01/2023,Scotland,CumCasesByDate,2147103
21/01/2023,Wales,CumCasesByDate,895328
22/01/2023,Wales,CumCasesByDate,895328
22/01/2023,Scotland,CumCasesByDate,2147103
22/01/2023,England,CumCasesByDate,20503511
23/01/2023,England,CumCasesByDate,20503511
23/01/2023,Scotland,CumCasesByDate,2147103
23/01/2023,Wales,CumCasesByDate,895328
24/01/2023,Wales,CumCasesByDate,895328
24/01/2023,England,CumCasesByDate,20503511
24/01/2023,Scotland,CumCasesByDate,2147103
25/01/2023,Scotland,CumCasesByDate,2148273
25/01/2023,England,CumCasesByDate,20503511
25/01/2023,Wales,CumCasesByDate,895328
26/01/2023,Wales,CumCasesByDate,895597
26/01/2023,England,CumCasesByDate,20517193
26/01/2023,Scotland,CumCasesByDate,2148273
27/01/2023,Scotland,CumCasesByDate,2148273
27/01/2023,England,CumCasesByDate,20517193
27/01/2023,Wales,CumCasesByDate,895597
28/01/2023,Wales,CumCasesByDate,895597
28/01/2023,Scotland,CumCasesByDate,2148273
28/01/2023,England,CumCasesByDate,20517193
29/01/2023,England,CumCasesByDate,20517193
29/01/2023,Scotland,CumCasesByDate,2148273
29/01/2023,Wales,CumCasesByDate,895597
30/01/2023,Wales,CumCasesByDate,895597
30/01/2023,Scotland,CumCasesByDate,2148273
30/01/2023,England,CumCasesByDate,20517193
31/01/2023,England,CumCasesByDate,20517193
31/01/2023,Scotland,CumCasesByDate,2148273
31/01/2023,Wales,CumCasesByDate,895597
01/02/2023,Wales,CumCasesByDate,895597
01/02/2023,Scotland,CumCasesByDate,2149502
01/02/2023,England,CumCasesByDate,20517193
02/02/2023,Scotland,CumCasesByDate,2149502
02/02/2023,England,CumCasesByDate,20535061
02/02/2023,Wales,CumCasesByDate,895891
03/02/2023,Wales,CumCasesByDate,895891
03/02/2023,England,CumCasesByDate,20535061
03/02/2023,Scotland,CumCasesByDate,2149502
04/02/2023,Scotland,CumCasesByDate,2149502
04/02/2023,England,CumCasesByDate,20535061
04/02/2023,Wales,CumCasesByDate,895891
05/02/2023,Wales,CumCasesByDate,895891
05/02/2023,Scotland,CumCasesByDate,2149502
05/02/2023,England,CumCasesByDate,20535061
06/02/2023,England,CumCasesByDate,20535061
06/02/2023,Scotland,CumCasesByDate,2149502
06/02/2023,Wales,CumCasesByDate,895891
07/02/2023,Wales,CumCasesByDate,895891
07/02/2023,Scotland,CumCasesByDate,2149502
07/02/2023,England,CumCasesByDate,20535061
08/02/2023,Scotland,CumCasesByDate,2150820
08/02/2023,England,CumCasesByDate,20535061
08/02/2023,Wales,CumCasesByDate,895891
09/02/2023,Wales,CumCasesByDate,896264
09/02/2023,England,CumCasesByDate,20555601
09/02/2023,Scotland,CumCasesByDate,2150820
10/02/2023,Scotland,CumCasesByDate,2150820
10/02/2023,England,CumCasesByDate,20555601
10/02/2023,Wales,CumCasesByDate,896264
11/02/2023,Wales,CumCasesByDate,896264
11/02/2023,England,CumCasesByDate,20555601
11/02/2023,Scotland,CumCasesByDate,2150820
12/02/2023,Scotland,CumCasesByDate,2150820
12/02/2023,England,CumCasesByDate,20555601
12/02/2023,Wales,CumCasesByDate,896264
13/02/2023,Wales,CumCasesByDate,896264
13/02/2023,Scotland,CumCasesByDate,2150820
13/02/2023,England,CumCasesByDate,20555601
14/02/2023,Scotland,CumCasesByDate,2150820
14/02/2023,England,CumCasesByDate,20555601
14/02/2023,Wales,CumCasesByDate,896264
15/02/2023,Wales,CumCasesByDate,896264
15/02/2023,England,CumCasesByDate,20555601
15/02/2023,Scotland,CumCasesByDate,2150820
16/02/2023,England,CumCasesByDate,20579255
16/02/2023,Scotland,CumCasesByDate,2152426
16/02/2023,Wales,CumCasesByDate,896636
17/02/2023,Wales,CumCasesByDate,896636
17/02/2023,England,CumCasesByDate,20579255
17/02/2023,Scotland,CumCasesByDate,2152426
18/02/2023,England,CumCasesByDate,20579255
18/02/2023,Scotland,CumCasesByDate,2152426
18/02/2023,Wales,CumCasesByDate,896636
19/02/2023,Wales,CumCasesByDate,896636
19/02/2023,England,CumCasesByDate,20579255
19/02/2023,Scotland,CumCasesByDate,2152426
20/02/2023,Scotland,CumCasesByDate,2152426
20/02/2023,England,CumCasesByDate,20579255
20/02/2023,Wales,CumCasesByDate,896636
21/02/2023,Wales,CumCasesByDate,896636
21/02/2023,Scotland,CumCasesByDate,2152426
21/02/2023,England,CumCasesByDate,20579255
22/02/2023,Scotland,CumCasesByDate,2152426
22/02/2023,England,CumCasesByDate,20579255
22/02/2023,Wales,CumCasesByDate,896636
23/02/2023,Wales,CumCasesByDate,897113
23/02/2023,Scotland,CumCasesByDate,2154070
23/02/2023,England,CumCasesByDate,20605673
24/02/2023,England,CumCasesByDate,20605673
24/02/2023,Scotland,CumCasesByDate,2154070
24/02/2023,Wales,CumCasesByDate,897113
25/02/2023,Wales,CumCasesByDate,897113
25/02/2023,England,CumCasesByDate,20605673
25/02/2023,Scotland,CumCasesByDate,2154070
26/02/2023,Scotland,CumCasesByDate,2154070
26/02/2023,England,CumCasesByDate,20605673
26/02/2023,Wales,CumCasesByDate,897113
27/02/2023,Wales,CumCasesByDate,897113
27/02/2023,Scotland,CumCasesByDate,2154070
27/02/2023,England,CumCasesByDate,20605673
28/02/2023,Scotland,CumCasesByDate,2154070
28/02/2023,England,CumCasesByDate,20605673
28/02/2023,Wales,CumCasesByDate,897113
01/03/2023,Wales,CumCasesByDate,897113
01/03/2023,Scotland,CumCasesByDate,2154070
01/03/2023,England,CumCasesByDate,20605673
02/03/2023,England,CumCasesByDate,20629892
02/03/2023,Scotland,CumCasesByDate,2155803
02/03/2023,Wales,CumCasesByDate,897541
03/03/2023,Wales,CumCasesByDate,897541
03/03/2023,Scotland,CumCasesByDate,2155803
03/03/2023,England,CumCasesByDate,20629892
04/03/2023,Scotland,CumCasesByDate,2155803
04/03/2023,England,CumCasesByDate,20629892
04/03/2023,Wales,CumCasesByDate,897541
05/03/2023,Wales,CumCasesByDate,897541
05/03/2023,England,CumCasesByDate,20629892
05/03/2023,Scotland,CumCasesByDate,2155803
06/03/2023,Scotland,CumCasesByDate,2155803
06/03/2023,England,CumCasesByDate,20629892
06/03/2023,Wales,CumCasesByDate,897541
07/03/2023,Wales,CumCasesByDate,897541
07/03/2023,England,CumCasesByDate,20629892
07/03/2023,Scotland,CumCasesByDate,2155803
08/03/2023,Scotland,CumCasesByDate,2155803
08/03/2023,England,CumCasesByDate,20629892
08/03/2023,Wales,CumCasesByDate,897541
09/03/2023,Wales,CumCasesByDate,898118
09/03/2023,England,CumCasesByDate,20656177
09/03/2023,Scotland,CumCasesByDate,2157720
10/03/2023,England,CumCasesByDate,20656177
10/03/2023,Scotland,CumCasesByDate,2157720
10/03/2023,Wales,CumCasesByDate,898118
11/03/2023,Wales,CumCasesByDate,898118
11/03/2023,England,CumCasesByDate,20656177
11/03/2023,Scotland,CumCasesByDate,2157720
12/03/2023,England,CumCasesByDate,20656177
12/03/2023,Scotland,CumCasesByDate,2157720
12/03/2023,Wales,CumCasesByDate,898118
13/03/2023,Wales,CumCasesByDate,898118
13/03/2023,England,CumCasesByDate,20656177
13/03/2023,Scotland,CumCasesByDate,2157720
14/03/2023,Scotland,CumCasesByDate,2157720
14/03/2023,England,CumCasesByDate,20656177
14/03/2023,Wales,CumCasesByDate,898118
15/03/2023,Wales,CumCasesByDate,898118
15/03/2023,Scotland,CumCasesByDate,2157720
15/03/2023,England,CumCasesByDate,20656177
16/03/2023,England,CumCasesByDate,20680806
16/03/2023,Scotland,CumCasesByDate,2157720
16/03/2023,Wales,CumCasesByDate,898822
17/03/2023,Wales,CumCasesByDate,898822
17/03/2023,England,CumCasesByDate,20680806
17/03/2023,Scotland,CumCasesByDate,2157720
18/03/2023,England,CumCasesByDate,20680806
18/03/2023,Scotland,CumCasesByDate,2157720
18/03/2023,Wales,CumCasesByDate,898822
19/03/2023,Wales,CumCasesByDate,898822
19/03/2023,England,CumCasesByDate,20680806
19/03/2023,Scotland,CumCasesByDate,2157720
20/03/2023,England,CumCasesByDate,20680806
20/03/2023,Scotland,CumCasesByDate,2157720
20/03/2023,Wales,CumCasesByDate,898822
21/03/2023,Wales,CumCasesByDate,898822
21/03/2023,England,CumCasesByDate,20680806
21/03/2023,Scotland,CumCasesByDate,2157720
22/03/2023,Scotland,CumCasesByDate,2157720
22/03/2023,England,CumCasesByDate,20680806
22/03/2023,Wales,CumCasesByDate,898822
23/03/2023,Wales,CumCasesByDate,899407
23/03/2023,Scotland,CumCasesByDate,2157720
23/03/2023,England,CumCasesByDate,20714868
24/03/2023,Scotland,CumCasesByDate,2157720
24/03/2023,England,CumCasesByDate,20714868
24/03/2023,Wales,CumCasesByDate,899407
25/03/2023,Wales,CumCasesByDate,899407
25/03/2023,Scotland,CumCasesByDate,2160103
25/03/2023,England,CumCasesByDate,20714868
26/03/2023,England,CumCasesByDate,20714868
26/03/2023,Scotland,CumCasesByDate,2160103
26/03/2023,Wales,CumCasesByDate,899407
27/03/2023,Wales,CumCasesByDate,899407
27/03/2023,Scotland,CumCasesByDate,2160103
27/03/2023,England,CumCasesByDate,20714868
28/03/2023,England,CumCasesByDate,20714868
28/03/2023,Scotland,CumCasesByDate,2160103
28/03/2023,Wales,CumCasesByDate,899407
29/03/2023,Wales,CumCasesByDate,899407
29/03/2023,England,CumCasesByDate,20714868
29/03/2023,Scotland,CumCasesByDate,2160103
30/03/2023,England,CumCasesByDate,20739915
30/03/2023,Scotland,CumCasesByDate,2165660
30/03/2023,Wales,CumCasesByDate,899882
31/03/2023,Wales,CumCasesByDate,899882
31/03/2023,England,CumCasesByDate,20739915
31/03/2023,Scotland,CumCasesByDate,2165660
01/04/2023,Scotland,CumCasesByDate,2165660
01/04/2023,England,CumCasesByDate,20739915
01/04/2023,Wales,CumCasesByDate,899882
02/04/2023,Wales,CumCasesByDate,899882
02/04/2023,Scotland,CumCasesByDate,2165660
02/04/2023,England,CumCasesByDate,20739915
03/04/2023,Scotland,CumCasesByDate,2165660
03/04/2023,England,CumCasesByDate,20739915
03/04/2023,Wales,CumCasesByDate,899882
04/04/2023,Wales,CumCasesByDate,899882
04/04/2023,Scotland,CumCasesByDate,2165660
04/04/2023,England,CumCasesByDate,20739915
05/04/2023,England,CumCasesByDate,20739915
05/04/2023,Scotland,CumCasesByDate,2165660
05/04/2023,Wales,CumCasesByDate,899882
06/04/2023,Wales,CumCasesByDate,900317
06/04/2023,England,CumCasesByDate,20757926
06/04/2023,Scotland,CumCasesByDate,2167871
07/04/2023,England,CumCasesByDate,20757926
07/04/2023,Scotland,CumCasesByDate,2167871
07/04/2023,Wales,CumCasesByDate,900317
08/04/2023,Wales,CumCasesByDate,900317
08/04/2023,England,CumCasesByDate,20757926
08/04/2023,Scotland,CumCasesByDate,2167871
09/04/2023,England,CumCasesByDate,20757926
09/04/2023,Scotland,CumCasesByDate,2167871
09/04/2023,Wales,CumCasesByDate,900317
10/04/2023,Wales,CumCasesByDate,900317
10/04/2023,England,CumCasesByDate,20757926
10/04/2023,Scotland,CumCasesByDate,2167871
11/04/2023,Scotland,CumCasesByDate,2167871
11/04/2023,England,CumCasesByDate,20757926
11/04/2023,Wales,CumCasesByDate,900317
12/04/2023,Wales,CumCasesByDate,900317
12/04/2023,England,CumCasesByDate,20757926
12/04/2023,Scotland,CumCasesByDate,2167871
13/04/2023,England,CumCasesByDate,20772220
13/04/2023,Scotland,CumCasesByDate,2169464
13/04/2023,Wales,CumCasesByDate,900647
14/04/2023,Wales,CumCasesByDate,900647
14/04/2023,Scotland,CumCasesByDate,2169464
14/04/2023,England,CumCasesByDate,20772220
15/04/2023,Scotland,CumCasesByDate,2169464
15/04/2023,England,CumCasesByDate,20772220
15/04/2023,Wales,CumCasesByDate,900647
16/04/2023,Wales,CumCasesByDate,900647
16/04/2023,Scotland,CumCasesByDate,2169464
16/04/2023,England,CumCasesByDate,20772220
17/04/2023,England,CumCasesByDate,20772220
17/04/2023,Scotland,CumCasesByDate,2169464
17/04/2023,Wales,CumCasesByDate,900647
18/04/2023,Wales,CumCasesByDate,900647
18/04/2023,England,CumCasesByDate,20772220
18/04/2023,Scotland,CumCasesByDate,2169464
19/04/2023,Scotland,CumCasesByDate,2169464
19/04/2023,England,CumCasesByDate,20772220
19/04/2023,Wales,CumCasesByDate,900647
20/04/2023,Wales,CumCasesByDate,900922
20/04/2023,England,CumCasesByDate,20784719
20/04/2023,Scotland,CumCasesByDate,2170956
21/04/2023,Scotland,CumCasesByDate,2170956
21/04/2023,England,CumCasesByDate,20784719
21/04/2023,Wales,CumCasesByDate,900922
22/04/2023,Wales,CumCasesByDate,900922
22/04/2023,England,CumCasesByDate,20784719
22/04/2023,Scotland,CumCasesByDate,2170956
23/04/2023,Scotland,CumCasesByDate,2170956
23/04/2023,England,CumCasesByDate,20784719
23/04/2023,Wales,CumCasesByDate,900922
24/04/2023,Wales,CumCasesByDate,900922
24/04/2023,Scotland,CumCasesByDate,2170956
24/04/2023,England,CumCasesByDate,20784719
25/04/2023,England,CumCasesByDate,20784719
25/04/2023,Scotland,CumCasesByDate,2170956
25/04/2023,Wales,CumCasesByDate,900922
26/04/2023,Wales,CumCasesByDate,900922
26/04/2023,England,CumCasesByDate,20784719
26/04/2023,Scotland,CumCasesByDate,2170956
27/04/2023,Scotland,CumCasesByDate,2170956
27/04/2023,England,CumCasesByDate,20795205
27/04/2023,Wales,CumCasesByDate,901173
28/04/2023,Wales,CumCasesByDate,901173
28/04/2023,England,CumCasesByDate,20795205
28/04/2023,Scotland,CumCasesByDate,2172051
29/04/2023,Scotland,CumCasesByDate,2172051
29/04/2023,England,CumCasesByDate,20795205
29/04/2023,Wales,CumCasesByDate,901173
30/04/2023,Wales,CumCasesByDate,901173
30/04/2023,England,CumCasesByDate,20795205
30/04/2023,Scotland,CumCasesByDate,2172051
01/05/2023,Scotland,CumCasesByDate,2172051
01/05/2023,England,CumCasesByDate,20795205
01/05/2023,Wales,CumCasesByDate,901173
02/05/2023,Wales,CumCasesByDate,901173
02/05/2023,England,CumCasesByDate,20795205
02/05/2023,Scotland,CumCasesByDate,2172051
03/05/2023,England,CumCasesByDate,20795205
03/05/2023,Scotland,CumCasesByDate,2172051
03/05/2023,Wales,CumCasesByDate,901173
04/05/2023,Wales,CumCasesByDate,901398
04/05/2023,Scotland,CumCasesByDate,2172700
04/05/2023,England,CumCasesByDate,20805557
05/05/2023,England,CumCasesByDate,20805557
05/05/2023,Scotland,CumCasesByDate,2172700
05/05/2023,Wales,CumCasesByDate,901398
06/05/2023,Wales,CumCasesByDate,901398
06/05/2023,England,CumCasesByDate,20805557
06/05/2023,Scotland,CumCasesByDate,2172700
07/05/2023,England,CumCasesByDate,20805557
07/05/2023,Scotland,CumCasesByDate,2172700
07/05/2023,Wales,CumCasesByDate,901398
08/05/2023,Wales,CumCasesByDate,901398
08/05/2023,England,CumCasesByDate,20805557
08/05/2023,Scotland,CumCasesByDate,2172700
09/05/2023,England,CumCasesByDate,20805557
09/05/2023,Scotland,CumCasesByDate,2172700
09/05/2023,Wales,CumCasesByDate,901398
10/05/2023,Wales,CumCasesByDate,901398
10/05/2023,England,CumCasesByDate,20805557
10/05/2023,Scotland,CumCasesByDate,2172700
11/05/2023,England,CumCasesByDate,20814571
11/05/2023,Scotland,CumCasesByDate,2173650
11/05/2023,Wales,CumCasesByDate,901557
12/05/2023,Wales,CumCasesByDate,901557
12/05/2023,England,CumCasesByDate,20814571
12/05/2023,Scotland,CumCasesByDate,2173650
13/05/2023,Scotland,CumCasesByDate,2173650
13/05/2023,England,CumCasesByDate,20814571
13/05/2023,Wales,CumCasesByDate,901557
14/05/2023,Wales,CumCasesByDate,901557
14/05/2023,Scotland,CumCasesByDate,2173650
14/05/2023,England,CumCasesByDate,20814571
15/05/2023,England,CumCasesByDate,20814571
15/05/2023,Scotland,CumCasesByDate,2173650
15/05/2023,Wales,CumCasesByDate,901557
16/05/2023,Wales,CumCasesByDate,901557
16/05/2023,England,CumCasesByDate,20814571
16/05/2023,Scotland,CumCasesByDate,2173650
17/05/2023,England,CumCasesByDate,20814571
17/05/2023,Scotland,CumCasesByDate,2173650
17/05/2023,Wales,CumCasesByDate,901557
18/05/2023,Wales,CumCasesByDate,901674
18/05/2023,England,CumCasesByDate,20821829
18/05/2023,Scotland,CumCasesByDate,2174265
19/05/2023,England,CumCasesByDate,20821829
19/05/2023,Scotland,CumCasesByDate,2174265
19/05/2023,Wales,CumCasesByDate,901674
20/05/2023,Wales,CumCasesByDate,901674
20/05/2023,England,CumCasesByDate,20821829
20/05/2023,Scotland,CumCasesByDate,2174265
21/05/2023,Scotland,CumCasesByDate,2174265
21/05/2023,England,CumCasesByDate,20821829
21/05/2023,Wales,CumCasesByDate,901674
22/05/2023,Wales,CumCasesByDate,901674
22/05/2023,England,CumCasesByDate,20821829
22/05/2023,Scotland,CumCasesByDate,2174265
23/05/2023,England,CumCasesByDate,20821829
23/05/2023,Scotland,CumCasesByDate,2174265
23/05/2023,Wales,CumCasesByDate,901674
24/05/2023,Wales,CumCasesByDate,901674
24/05/2023,England,CumCasesByDate,20821829
24/05/2023,Scotland,CumCasesByDate,2174265
25/05/2023,Scotland,CumCasesByDate,2174772
25/05/2023,England,CumCasesByDate,20828577
25/05/2023,Wales,CumCasesByDate,901789
26/05/2023,Wales,CumCasesByDate,901789
26/05/2023,England,CumCasesByDate,20828577
26/05/2023,Scotland,CumCasesByDate,2174772
27/05/2023,England,CumCasesByDate,20828577
27/05/2023,Scotland,CumCasesByDate,2174772
27/05/2023,Wales,CumCasesByDate,901789
28/05/2023,Wales,CumCasesByDate,901789
28/05/2023,England,CumCasesByDate,20828577
28/05/2023,Scotland,CumCasesByDate,2174772
29/05/2023,Scotland,CumCasesByDate,2174772
29/05/2023,England,CumCasesByDate,20828577
29/05/2023,Wales,CumCasesByDate,901789
30/05/2023,Wales,CumCasesByDate,901789
30/05/2023,England,CumCasesByDate,20828577
30/05/2023,Scotland,CumCasesByDate,2174772
31/05/2023,Scotland,CumCasesByDate,2174772
31/05/2023,England,CumCasesByDate,20828577
31/05/2023,Wales,CumCasesByDate,901789
01/06/2023,Wales,CumCasesByDate,901895
01/06/2023,England,CumCasesByDate,20833518
01/06/2023,Scotland,CumCasesByDate,2175204
02/06/2023,England,CumCasesByDate,20833518
02/06/2023,Scotland,CumCasesByDate,2175204
02/06/2023,Wales,CumCasesByDate,901895
03/06/2023,Wales,CumCasesByDate,901895
03/06/2023,England,CumCasesByDate,20833518
03/06/2023,Scotland,CumCasesByDate,2175204
04/06/2023,England,CumCasesByDate,20833518
04/06/2023,Scotland,CumCasesByDate,2175204
04/06/2023,Wales,CumCasesByDate,901895
05/06/2023,Wales,CumCasesByDate,901895
05/06/2023,Scotland,CumCasesByDate,2175204
05/06/2023,England,CumCasesByDate,20833518
06/06/2023,Scotland,CumCasesByDate,2175204
06/06/2023,England,CumCasesByDate,20833518
06/06/2023,Wales,CumCasesByDate,901895
07/06/2023,Wales,CumCasesByDate,901895
07/06/2023,England,CumCasesByDate,20833518
07/06/2023,Scotland,CumCasesByDate,2175204
08/06/2023,England,CumCasesByDate,20838246
08/06/2023,Scotland,CumCasesByDate,2175605
08/06/2023,Wales,CumCasesByDate,901998
09/06/2023,Wales,CumCasesByDate,901998
09/06/2023,Scotland,CumCasesByDate,2175605
09/06/2023,England,CumCasesByDate,20838246
10/06/2023,England,CumCasesByDate,20838246
10/06/2023,Scotland,CumCasesByDate,2175605
10/06/2023,Wales,CumCasesByDate,901998
11/06/2023,Wales,CumCasesByDate,901998
11/06/2023,Scotland,CumCasesByDate,2175605
11/06/2023,England,CumCasesByDate,20838246
12/06/2023,Scotland,CumCasesByDate,2175605
12/06/2023,England,CumCasesByDate,20838246
12/06/2023,Wales,CumCasesByDate,901998
13/06/2023,Wales,CumCasesByDate,901998
13/06/2023,England,CumCasesByDate,20838246
13/06/2023,Scotland,CumCasesByDate,2175605
14/06/2023,Scotland,CumCasesByDate,2175605
14/06/2023,England,CumCasesByDate,20838246
14/06/2023,Wales,CumCasesByDate,901998
15/06/2023,Wales,CumCasesByDate,902099
15/06/2023,England,CumCasesByDate,20842461
15/06/2023,Scotland,CumCasesByDate,2176001
16/06/2023,Scotland,CumCasesByDate,2176001
16/06/2023,England,CumCasesByDate,20842461
16/06/2023,Wales,CumCasesByDate,902099
17/06/2023,Wales,CumCasesByDate,902099
17/06/2023,England,CumCasesByDate,20842461
17/06/2023,Scotland,CumCasesByDate,2176001
18/06/2023,England,CumCasesByDate,20842461
18/06/2023,Scotland,CumCasesByDate,2176001
18/06/2023,Wales,CumCasesByDate,902099
19/06/2023,Wales,CumCasesByDate,902099
19/06/2023,Scotland,CumCasesByDate,2176001
19/06/2023,England,CumCasesByDate,20842461
20/06/2023,England,CumCasesByDate,20842461
20/06/2023,Scotland,CumCasesByDate,2176001
20/06/2023,Wales,CumCasesByDate,902099
21/06/2023,Wales,CumCasesByDate,902099
21/06/2023,England,CumCasesByDate,20842461
21/06/2023,Scotland,CumCasesByDate,2176001
22/06/2023,Scotland,CumCasesByDate,2176350
22/06/2023,England,CumCasesByDate,20844829
22/06/2023,Wales,CumCasesByDate,902160
23/06/2023,Wales,CumCasesByDate,902160
23/06/2023,England,CumCasesByDate,20844829
23/06/2023,Scotland,CumCasesByDate,2176350
24/06/2023,Scotland,CumCasesByDate,2176350
24/06/2023,England,CumCasesByDate,20844829
24/06/2023,Wales,CumCasesByDate,902160
25/06/2023,Wales,CumCasesByDate,902160
25/06/2023,England,CumCasesByDate,20844829
25/06/2023,Scotland,CumCasesByDate,2176350
26/06/2023,Scotland,CumCasesByDate,2176350
26/06/2023,England,CumCasesByDate,20844829
26/06/2023,Wales,CumCasesByDate,902160
27/06/2023,Wales,CumCasesByDate,902160
27/06/2023,Scotland,CumCasesByDate,2176350
27/06/2023,England,CumCasesByDate,20844829
28/06/2023,Scotland,CumCasesByDate,2176350
28/06/2023,England,CumCasesByDate,20844829
28/06/2023,Wales,CumCasesByDate,902160
29/06/2023,Wales,CumCasesByDate,902234
29/06/2023,England,CumCasesByDate,20847020
29/06/2023,Scotland,CumCasesByDate,2176608
30/06/2023,England,CumCasesByDate,20847020
30/06/2023,Scotland,CumCasesByDate,2176608
30/06/2023,Wales,CumCasesByDate,902234
01/07/2023,Wales,CumCasesByDate,902234
01/07/2023,England,CumCasesByDate,20847020
01/07/2023,Scotland,CumCasesByDate,2176608
02/07/2023,England,CumCasesByDate,20847020
02/07/2023,Scotland,CumCasesByDate,2176608
02/07/2023,Wales,CumCasesByDate,902234
03/07/2023,Wales,CumCasesByDate,902234
03/07/2023,England,CumCasesByDate,20847020
03/07/2023,Scotland,CumCasesByDate,2176608
04/07/2023,England,CumCasesByDate,20847020
04/07/2023,Scotland,CumCasesByDate,2176608
04/07/2023,Wales,CumCasesByDate,902234
05/07/2023,Wales,CumCasesByDate,902234
05/07/2023,England,CumCasesByDate,20847020
05/07/2023,Scotland,CumCasesByDate,2176608
06/07/2023,England,CumCasesByDate,20848962
06/07/2023,Scotland,CumCasesByDate,2176791
06/07/2023,Wales,CumCasesByDate,902297
07/07/2023,Wales,CumCasesByDate,902297
07/07/2023,England,CumCasesByDate,20848962
07/07/2023,Scotland,CumCasesByDate,2176791
08/07/2023,Scotland,CumCasesByDate,2176791
08/07/2023,England,CumCasesByDate,20848962
08/07/2023,Wales,CumCasesByDate,902297
09/07/2023,Wales,CumCasesByDate,902297
09/07/2023,England,CumCasesByDate,20848962
09/07/2023,Scotland,CumCasesByDate,2176791
10/07/2023,England,CumCasesByDate,20848962
10/07/2023,Scotland,CumCasesByDate,2176791
10/07/2023,Wales,CumCasesByDate,902297
11/07/2023,Wales,CumCasesByDate,902297
11/07/2023,England,CumCasesByDate,20848962
11/07/2023,Scotland,CumCasesByDate,2176791
12/07/2023,England,CumCasesByDate,20848962
12/07/2023,Scotland,CumCasesByDate,2176791
12/07/2023,Wales,CumCasesByDate,902297
13/07/2023,Wales,CumCasesByDate,902365
13/07/2023,England,CumCasesByDate,20851942
13/07/2023,Scotland,CumCasesByDate,2177039
14/07/2023,England,CumCasesByDate,20851942
14/07/2023,Scotland,CumCasesByDate,2177039
14/07/2023,Wales,CumCasesByDate,902365
15/07/2023,Wales,CumCasesByDate,902365
15/07/2023,Scotland,CumCasesByDate,2177039
15/07/2023,England,CumCasesByDate,20851942
16/07/2023,England,CumCasesByDate,20851942
16/07/2023,Scotland,CumCasesByDate,2177039
16/07/2023,Wales,CumCasesByDate,902365
17/07/2023,Wales,CumCasesByDate,902365
17/07/2023,England,CumCasesByDate,20851942
17/07/2023,Scotland,CumCasesByDate,2177039
18/07/2023,England,CumCasesByDate,20851942
18/07/2023,Scotland,CumCasesByDate,2177039
18/07/2023,Wales,CumCasesByDate,902365
19/07/2023,Wales,CumCasesByDate,902365
19/07/2023,Scotland,CumCasesByDate,2177039
19/07/2023,England,CumCasesByDate,20851942
20/07/2023,England,CumCasesByDate,20854358
20/07/2023,Scotland,CumCasesByDate,2177321
20/07/2023,Wales,CumCasesByDate,902454
21/07/2023,Wales,CumCasesByDate,902454
21/07/2023,England,CumCasesByDate,20854358
21/07/2023,Scotland,CumCasesByDate,2177321
22/07/2023,Scotland,CumCasesByDate,2177321
22/07/2023,England,CumCasesByDate,20854358
22/07/2023,Wales,CumCasesByDate,902454
23/07/2023,Wales,CumCasesByDate,902454
23/07/2023,Scotland,CumCasesByDate,2177321
23/07/2023,England,CumCasesByDate,20854358
24/07/2023,England,CumCasesByDate,20854358
24/07/2023,Scotland,CumCasesByDate,2177321
24/07/2023,Wales,CumCasesByDate,902454
25/07/2023,Wales,CumCasesByDate,902454
25/07/2023,England,CumCasesByDate,20854358
25/07/2023,Scotland,CumCasesByDate,2177321
26/07/2023,Scotland,CumCasesByDate,2177321
26/07/2023,England,CumCasesByDate,20854358
26/07/2023,Wales,CumCasesByDate,902454
27/07/2023,Wales,CumCasesByDate,902581
27/07/2023,England,CumCasesByDate,20857797
27/07/2023,Scotland,CumCasesByDate,2177699
28/07/2023,England,CumCasesByDate,20857797
28/07/2023,Scotland,CumCasesByDate,2177699
28/07/2023,Wales,CumCasesByDate,902581
29/07/2023,Wales,CumCasesByDate,902581
29/07/2023,Scotland,CumCasesByDate,2177699
29/07/2023,England,CumCasesByDate,20857797
30/07/2023,Scotland,CumCasesByDate,2177699
30/07/2023,England,CumCasesByDate,20857797
30/07/2023,Wales,CumCasesByDate,902581
31/07/2023,Wales,CumCasesByDate,902581
31/07/2023,Scotland,CumCasesByDate,2177699
31/07/2023,England,CumCasesByDate,20857797
01/08/2023,England,CumCasesByDate,20857797
01/08/2023,Scotland,CumCasesByDate,2177699
01/08/2023,Wales,CumCasesByDate,902581
02/08/2023,Wales,CumCasesByDate,902581
02/08/2023,England,CumCasesByDate,20857797
02/08/2023,Scotland,CumCasesByDate,2177699
03/08/2023,Scotland,CumCasesByDate,2178222
03/08/2023,England,CumCasesByDate,20862612
03/08/2023,Wales,CumCasesByDate,902782
04/08/2023,Wales,CumCasesByDate,902782
04/08/2023,England,CumCasesByDate,20862612
04/08/2023,Scotland,CumCasesByDate,2178222
05/08/2023,England,CumCasesByDate,20862612
05/08/2023,Scotland,CumCasesByDate,2178222
05/08/2023,Wales,CumCasesByDate,902782
06/08/2023,Wales,CumCasesByDate,902782
06/08/2023,Scotland,CumCasesByDate,2178222
06/08/2023,England,CumCasesByDate,20862612
07/08/2023,England,CumCasesByDate,20862612
07/08/2023,Scotland,CumCasesByDate,2178222
07/08/2023,Wales,CumCasesByDate,902782
08/08/2023,Wales,CumCasesByDate,902782
08/08/2023,England,CumCasesByDate,20862612
08/08/2023,Scotland,CumCasesByDate,2178222
09/08/2023,England,CumCasesByDate,20862612
09/08/2023,Scotland,CumCasesByDate,2178222
09/08/2023,Wales,CumCasesByDate,902782
10/08/2023,Wales,CumCasesByDate,903031
10/08/2023,England,CumCasesByDate,20868384
10/08/2023,Scotland,CumCasesByDate,2178899
11/08/2023,Scotland,CumCasesByDate,2178899
11/08/2023,England,CumCasesByDate,20868384
11/08/2023,Wales,CumCasesByDate,903031
12/08/2023,Wales,CumCasesByDate,903031
12/08/2023,Scotland,CumCasesByDate,2178899
12/08/2023,England,CumCasesByDate,20868384
13/08/2023,England,CumCasesByDate,20868384
13/08/2023,Scotland,CumCasesByDate,2178899
13/08/2023,Wales,CumCasesByDate,903031
14/08/2023,Wales,CumCasesByDate,903031
14/08/2023,Scotland,CumCasesByDate,2178899
14/08/2023,England,CumCasesByDate,20868384
15/08/2023,England,CumCasesByDate,20868384
15/08/2023,Scotland,CumCasesByDate,2178899
15/08/2023,Wales,CumCasesByDate,903031
16/08/2023,Wales,CumCasesByDate,903031
16/08/2023,England,CumCasesByDate,20868384
16/08/2023,Scotland,CumCasesByDate,2178899
17/08/2023,England,CumCasesByDate,20874990
17/08/2023,Scotland,CumCasesByDate,2179854
17/08/2023,Wales,CumCasesByDate,903350
18/08/2023,Wales,CumCasesByDate,903350
18/08/2023,England,CumCasesByDate,20874990
18/08/2023,Scotland,CumCasesByDate,2179854
19/08/2023,England,CumCasesByDate,20874990
19/08/2023,Scotland,CumCasesByDate,2179854
19/08/2023,Wales,CumCasesByDate,903350
20/08/2023,Wales,CumCasesByDate,903350
20/08/2023,Scotland,CumCasesByDate,2179854
20/08/2023,England,CumCasesByDate,20874990
21/08/2023,England,CumCasesByDate,20874990
21/08/2023,Scotland,CumCasesByDate,2179854
21/08/2023,Wales,CumCasesByDate,903350
22/08/2023,Wales,CumCasesByDate,903350
22/08/2023,Scotland,CumCasesByDate,2179854
22/08/2023,England,CumCasesByDate,20874990
23/08/2023,England,CumCasesByDate,20874990
23/08/2023,Scotland,CumCasesByDate,2179854
23/08/2023,Wales,CumCasesByDate,903350
24/08/2023,Wales,CumCasesByDate,903613
24/08/2023,Scotland,CumCasesByDate,2181060
24/08/2023,England,CumCasesByDate,20882595
25/08/2023,Scotland,CumCasesByDate,2181060
25/08/2023,England,CumCasesByDate,20882595
25/08/2023,Wales,CumCasesByDate,903613
26/08/2023,Wales,CumCasesByDate,903613
26/08/2023,Scotland,CumCasesByDate,2181060
26/08/2023,England,CumCasesByDate,20882595
27/08/2023,England,CumCasesByDate,20882595
27/08/2023,Scotland,CumCasesByDate,2181060
27/08/2023,Wales,CumCasesByDate,903613
28/08/2023,Wales,CumCasesByDate,903613
28/08/2023,Scotland,CumCasesByDate,2181060
28/08/2023,England,CumCasesByDate,20882595
29/08/2023,England,CumCasesByDate,20882595
29/08/2023,Scotland,CumCasesByDate,2181060
29/08/2023,Wales,CumCasesByDate,903613
30/08/2023,Wales,CumCasesByDate,903613
30/08/2023,Scotland,CumCasesByDate,2181060
30/08/2023,England,CumCasesByDate,20882595
31/08/2023,England,CumCasesByDate,20888470
31/08/2023,Scotland,CumCasesByDate,2182420
31/08/2023,Wales,CumCasesByDate,903886
01/09/2023,Wales,CumCasesByDate,903886
01/09/2023,England,CumCasesByDate,20888470
01/09/2023,Scotland,CumCasesByDate,2182420
02/09/2023,England,CumCasesByDate,20888470
02/09/2023,Scotland,CumCasesByDate,2182420
02/09/2023,Wales,CumCasesByDate,903886
03/09/2023,Wales,CumCasesByDate,903886
03/09/2023,England,CumCasesByDate,20888470
03/09/2023,Scotland,CumCasesByDate,2182420
04/09/2023,Scotland,CumCasesByDate,2182420
04/09/2023,England,CumCasesByDate,20888470
04/09/2023,Wales,CumCasesByDate,903886
05/09/2023,Wales,CumCasesByDate,903886
05/09/2023,England,CumCasesByDate,20888470
05/09/2023,Scotland,CumCasesByDate,2182420
06/09/2023,England,CumCasesByDate,20888470
06/09/2023,Scotland,CumCasesByDate,2182420
06/09/2023,Wales,CumCasesByDate,903886
07/09/2023,Wales,CumCasesByDate,904202
07/09/2023,England,CumCasesByDate,20902550
07/09/2023,Scotland,CumCasesByDate,2184063
08/09/2023,Scotland,CumCasesByDate,2184063
08/09/2023,England,CumCasesByDate,20902550
08/09/2023,Wales,CumCasesByDate,904202
09/09/2023,Wales,CumCasesByDate,904202
09/09/2023,England,CumCasesByDate,20902550
09/09/2023,Scotland,CumCasesByDate,2184063
10/09/2023,England,CumCasesByDate,20902550
10/09/2023,Scotland,CumCasesByDate,2184063
10/09/2023,Wales,CumCasesByDate,904202
11/09/2023,Wales,CumCasesByDate,904202
11/09/2023,England,CumCasesByDate,20902550
11/09/2023,Scotland,CumCasesByDate,2184063
12/09/2023,Scotland,CumCasesByDate,2184063
12/09/2023,England,CumCasesByDate,20902550
12/09/2023,Wales,CumCasesByDate,904202
13/09/2023,Wales,CumCasesByDate,904202
13/09/2023,England,CumCasesByDate,20902550
13/09/2023,Scotland,CumCasesByDate,2184063
14/09/2023,England,CumCasesByDate,20912434
14/09/2023,Scotland,CumCasesByDate,2185614
14/09/2023,Wales,CumCasesByDate,904513
15/09/2023,Wales,CumCasesByDate,904513
15/09/2023,England,CumCasesByDate,20912434
15/09/2023,Scotland,CumCasesByDate,2185614
16/09/2023,England,CumCasesByDate,20912434
16/09/2023,Scotland,CumCasesByDate,2185614
16/09/2023,Wales,CumCasesByDate,904513
17/09/2023,Wales,CumCasesByDate,904513
17/09/2023,Scotland,CumCasesByDate,2185614
17/09/2023,England,CumCasesByDate,20912434
18/09/2023,Scotland,CumCasesByDate,2185614
18/09/2023,England,CumCasesByDate,20912434
18/09/2023,Wales,CumCasesByDate,904513
19/09/2023,Wales,CumCasesByDate,904513
19/09/2023,England,CumCasesByDate,20912434
19/09/2023,Scotland,CumCasesByDate,2185614
20/09/2023,England,CumCasesByDate,20912434
20/09/2023,Scotland,CumCasesByDate,2185614
20/09/2023,Wales,CumCasesByDate,904513
21/09/2023,Wales,CumCasesByDate,904789
21/09/2023,England,CumCasesByDate,20919689
21/09/2023,Scotland,CumCasesByDate,2186684
22/09/2023,England,CumCasesByDate,20919689
22/09/2023,Scotland,CumCasesByDate,2186684
22/09/2023,Wales,CumCasesByDate,904789
23/09/2023,Wales,CumCasesByDate,904789
23/09/2023,England,CumCasesByDate,20919689
23/09/2023,Scotland,CumCasesByDate,2186684
24/09/2023,England,CumCasesByDate,20919689
24/09/2023,Scotland,CumCasesByDate,2186684
24/09/2023,Wales,CumCasesByDate,904789
25/09/2023,Wales,CumCasesByDate,904789
25/09/2023,Scotland,CumCasesByDate,2186684
25/09/2023,England,CumCasesByDate,20919689
26/09/2023,England,CumCasesByDate,20919689
26/09/2023,Scotland,CumCasesByDate,2186684
26/09/2023,Wales,CumCasesByDate,904789
27/09/2023,Wales,CumCasesByDate,904789
27/09/2023,England,CumCasesByDate,20919689
27/09/2023,Scotland,CumCasesByDate,2186684
28/09/2023,England,CumCasesByDate,20937582
28/09/2023,Scotland,CumCasesByDate,2187819
28/09/2023,Wales,CumCasesByDate,905088
29/09/2023,Wales,CumCasesByDate,905088
29/09/2023,Scotland,CumCasesByDate,2187819
29/09/2023,England,CumCasesByDate,20937582
30/09/2023,England,CumCasesByDate,20937582
30/09/2023,Scotland,CumCasesByDate,2187819
30/09/2023,Wales,CumCasesByDate,905088
01/10/2023,Wales,CumCasesByDate,905088
01/10/2023,Scotland,CumCasesByDate,2187819
01/10/2023,England,CumCasesByDate,20937582
02/10/2023,England,CumCasesByDate,20937582
02/10/2023,Scotland,CumCasesByDate,2187819
02/10/2023,Wales,CumCasesByDate,905088
03/10/2023,Wales,CumCasesByDate,905088
03/10/2023,Scotland,CumCasesByDate,2187819
03/10/2023,England,CumCasesByDate,20937582
04/10/2023,England,CumCasesByDate,20937582
04/10/2023,Scotland,CumCasesByDate,2187819
04/10/2023,Wales,CumCasesByDate,905088
05/10/2023,Wales,CumCasesByDate,905478
05/10/2023,Scotland,CumCasesByDate,2189008
05/10/2023,England,CumCasesByDate,20954127
06/10/2023,England,CumCasesByDate,20954127
06/10/2023,Scotland,CumCasesByDate,2189008
06/10/2023,Wales,CumCasesByDate,905478
07/10/2023,Wales,CumCasesByDate,905478
07/10/2023,Scotland,CumCasesByDate,2189008
07/10/2023,England,CumCasesByDate,20954127
08/10/2023,Scotland,CumCasesByDate,2189008
08/10/2023,England,CumCasesByDate,20954127
08/10/2023,Wales,CumCasesByDate,905478
09/10/2023,Wales,CumCasesByDate,905478
09/10/2023,Scotland,CumCasesByDate,2189008
09/10/2023,England,CumCasesByDate,20954127
10/10/2023,England,CumCasesByDate,20954127
10/10/2023,Scotland,CumCasesByDate,2189008
10/10/2023,Wales,CumCasesByDate,905478
11/10/2023,Wales,CumCasesByDate,905478
11/10/2023,England,CumCasesByDate,20954127
11/10/2023,Scotland,CumCasesByDate,2189008
12/10/2023,Scotland,CumCasesByDate,2190187
12/10/2023,England,CumCasesByDate,20970982
12/10/2023,Wales,CumCasesByDate,905862
13/10/2023,Wales,CumCasesByDate,905862
13/10/2023,Scotland,CumCasesByDate,2190187
13/10/2023,England,CumCasesByDate,20970982
14/10/2023,Scotland,CumCasesByDate,2190187
14/10/2023,England,CumCasesByDate,20970982
14/10/2023,Wales,CumCasesByDate,905862
15/10/2023,Wales,CumCasesByDate,905862
15/10/2023,England,CumCasesByDate,20970982
15/10/2023,Scotland,CumCasesByDate,2190187
16/10/2023,Scotland,CumCasesByDate,2190187
16/10/2023,England,CumCasesByDate,20970982
16/10/2023,Wales,CumCasesByDate,905862
17/10/2023,Wales,CumCasesByDate,905862
17/10/2023,England,CumCasesByDate,20970982
17/10/2023,Scotland,CumCasesByDate,2190187
18/10/2023,Scotland,CumCasesByDate,2190187
18/10/2023,England,CumCasesByDate,20970982
18/10/2023,Wales,CumCasesByDate,905862
19/10/2023,Wales,CumCasesByDate,906157
19/10/2023,Scotland,CumCasesByDate,2190187
19/10/2023,England,CumCasesByDate,20981025
20/10/2023,England,CumCasesByDate,20981025
20/10/2023,Scotland,CumCasesByDate,0
20/10/2023,Wales,CumCasesByDate,906157
21/10/2023,Wales,CumCasesByDate,906157
21/10/2023,England,CumCasesByDate,20981025
21/10/2023,Scotland,CumCasesByDate,0
22/10/2023,England,CumCasesByDate,20981025
22/10/2023,Scotland,CumCasesByDate,0
22/10/2023,Wales,CumCasesByDate,906157
23/10/2023,Wales,CumCasesByDate,906157
23/10/2023,England,CumCasesByDate,20981025
23/10/2023,Scotland,CumCasesByDate,0
24/10/2023,England,CumCasesByDate,20981025
24/10/2023,Scotland,CumCasesByDate,0
24/10/2023,Wales,CumCasesByDate,906157
25/10/2023,Wales,CumCasesByDate,906157
25/10/2023,Scotland,CumCasesByDate,0
25/10/2023,England,CumCasesByDate,20981025
26/10/2023,Scotland,CumCasesByDate,0
26/10/2023,England,CumCasesByDate,20987719
26/10/2023,Wales,CumCasesByDate,906383
27/10/2023,Wales,CumCasesByDate,906383
27/10/2023,Scotland,CumCasesByDate,0
27/10/2023,England,CumCasesByDate,20987719
28/10/2023,Scotland,CumCasesByDate,0
28/10/2023,England,CumCasesByDate,20987719
28/10/2023,Wales,CumCasesByDate,906383
29/10/2023,Wales,CumCasesByDate,906383
29/10/2023,England,CumCasesByDate,20987719
29/10/2023,Scotland,CumCasesByDate,0
30/10/2023,Scotland,CumCasesByDate,0
30/10/2023,England,CumCasesByDate,20987719
30/10/2023,Wales,CumCasesByDate,906383
31/10/2023,Wales,CumCasesByDate,906383
31/10/2023,Scotland,CumCasesByDate,0
31/10/2023,England,CumCasesByDate,20987719
01/11/2023,Scotland,CumCasesByDate,0
01/11/2023,England,CumCasesByDate,20987719
01/11/2023,Wales,CumCasesByDate,906383
02/11/2023,Wales,CumCasesByDate,906624
02/11/2023,England,CumCasesByDate,20995313
02/11/2023,Scotland,CumCasesByDate,0
03/11/2023,England,CumCasesByDate,20995313
03/11/2023,Scotland,CumCasesByDate,0
03/11/2023,Wales,CumCasesByDate,906624
04/11/2023,Wales,CumCasesByDate,906624
04/11/2023,England,CumCasesByDate,20995313
04/11/2023,Scotland,CumCasesByDate,0
05/11/2023,England,CumCasesByDate,20995313
05/11/2023,Scotland,CumCasesByDate,0
05/11/2023,Wales,CumCasesByDate,906624
06/11/2023,Wales,CumCasesByDate,906624
06/11/2023,England,CumCasesByDate,20995313
06/11/2023,Scotland,CumCasesByDate,0
07/11/2023,Scotland,CumCasesByDate,0
07/11/2023,England,CumCasesByDate,20995313
07/11/2023,Wales,CumCasesByDate,906624
08/11/2023,Wales,CumCasesByDate,906624
08/11/2023,England,CumCasesByDate,20995313
08/11/2023,Scotland,CumCasesByDate,0
09/11/2023,England,CumCasesByDate,21000649
09/11/2023,Scotland,CumCasesByDate,0
09/11/2023,Wales,CumCasesByDate,906787
10/11/2023,Wales,CumCasesByDate,906787
10/11/2023,England,CumCasesByDate,21000649
10/11/2023,Scotland,CumCasesByDate,0
11/11/2023,England,CumCasesByDate,21000649
11/11/2023,Scotland,CumCasesByDate,0
11/11/2023,Wales,CumCasesByDate,906787
12/11/2023,Wales,CumCasesByDate,906787
12/11/2023,Scotland,CumCasesByDate,0
12/11/2023,England,CumCasesByDate,21000649
13/11/2023,Scotland,CumCasesByDate,0
13/11/2023,England,CumCasesByDate,21000649
13/11/2023,Wales,CumCasesByDate,906787
14/11/2023,Wales,CumCasesByDate,906787
14/11/2023,Scotland,CumCasesByDate,0
14/11/2023,England,CumCasesByDate,21000649
15/11/2023,England,CumCasesByDate,21000649
15/11/2023,Scotland,CumCasesByDate,0
15/11/2023,Wales,CumCasesByDate,906787
16/11/2023,Wales,CumCasesByDate,906936
16/11/2023,Scotland,CumCasesByDate,0
16/11/2023,England,CumCasesByDate,21003340
17/11/2023,England,CumCasesByDate,21003340
17/11/2023,Scotland,CumCasesByDate,0
17/11/2023,Wales,CumCasesByDate,906936
18/11/2023,Wales,CumCasesByDate,906936
18/11/2023,Scotland,CumCasesByDate,0
18/11/2023,England,CumCasesByDate,21003340
19/11/2023,England,CumCasesByDate,21003340
19/11/2023,Scotland,CumCasesByDate,0
19/11/2023,Wales,CumCasesByDate,906936
20/11/2023,Wales,CumCasesByDate,906936
20/11/2023,England,CumCasesByDate,21003340
20/11/2023,Scotland,CumCasesByDate,0
21/11/2023,England,CumCasesByDate,21003340
21/11/2023,Scotland,CumCasesByDate,0
21/11/2023,Wales,CumCasesByDate,906936
22/11/2023,Wales,CumCasesByDate,906936
22/11/2023,Scotland,CumCasesByDate,0
22/11/2023,England,CumCasesByDate,21003340
23/11/2023,England,CumCasesByDate,21007757
23/11/2023,Wales,CumCasesByDate,907905
24/11/2023,Wales,CumCasesByDate,907905
24/11/2023,England,CumCasesByDate,21007757
25/11/2023,England,CumCasesByDate,21007757
25/11/2023,Wales,CumCasesByDate,907905
26/11/2023,Wales,CumCasesByDate,907905
26/11/2023,England,CumCasesByDate,21007757
27/11/2023,England,CumCasesByDate,21007757
27/11/2023,Wales,CumCasesByDate,907905
28/11/2023,Wales,CumCasesByDate,907905
28/11/2023,England,CumCasesByDate,21007757
29/11/2023,England,CumCasesByDate,21007757
29/11/2023,Wales,CumCasesByDate,907905
30/11/2023,Wales,CumCasesByDate,907213
30/11/2023,England,CumCasesByDate,21011798
01/12/2023,England,CumCasesByDate,21011798
01/12/2023,Wales,CumCasesByDate,907213
02/12/2023,Wales,CumCasesByDate,907213
02/12/2023,England,CumCasesByDate,21011798
03/12/2023,England,CumCasesByDate,21011798
03/12/2023,Wales,CumCasesByDate,907213
04/12/2023,Wales,CumCasesByDate,907213
04/12/2023,England,CumCasesByDate,21011798
05/12/2023,England,CumCasesByDate,21011798
05/12/2023,Wales,CumCasesByDate,907213
06/12/2023,Wales,CumCasesByDate,907213
06/12/2023,England,CumCasesByDate,21011798
07/12/2023,England,CumCasesByDate,21017576
07/12/2023,Wales,CumCasesByDate,907359
08/12/2023,Wales,CumCasesByDate,907359
08/12/2023,England,CumCasesByDate,21017576
09/12/2023,England,CumCasesByDate,21017576
09/12/2023,Wales,CumCasesByDate,907359
10/12/2023,Wales,CumCasesByDate,907359
10/12/2023,England,CumCasesByDate,21017576
11/12/2023,England,CumCasesByDate,21017576
11/12/2023,Wales,CumCasesByDate,907359
12/12/2023,Wales,CumCasesByDate,907359
12/12/2023,England,CumCasesByDate,21017576
13/12/2023,England,CumCasesByDate,21017576
13/12/2023,Wales,CumCasesByDate,907359
14/12/2023,Wales,CumCasesByDate,907613
14/12/2023,England,CumCasesByDate,21023641
