Date,Nation,Metric,Deaths
30/01/2020,England,DeathsByDate,1
31/01/2020,England,DeathsByDate,0
01/02/2020,England,DeathsByDate,0
02/02/2020,England,DeathsByDate,1
03/02/2020,England,DeathsByDate,0
04/02/2020,England,DeathsByDate,0
05/02/2020,England,DeathsByDate,0
06/02/2020,England,DeathsByDate,0
07/02/2020,England,DeathsByDate,0
08/02/2020,England,DeathsByDate,0
09/02/2020,England,DeathsByDate,0
10/02/2020,England,DeathsByDate,0
11/02/2020,England,DeathsByDate,0
12/02/2020,England,DeathsByDate,0
13/02/2020,England,DeathsByDate,0
14/02/2020,England,DeathsByDate,0
15/02/2020,England,DeathsByDate,0
16/02/2020,England,DeathsByDate,0
17/02/2020,England,DeathsByDate,0
18/02/2020,England,DeathsByDate,0
19/02/2020,England,DeathsByDate,0
20/02/2020,England,DeathsByDate,0
21/02/2020,England,DeathsByDate,0
22/02/2020,England,DeathsByDate,1
23/02/2020,England,DeathsByDate,0
24/02/2020,England,DeathsByDate,0
25/02/2020,England,DeathsByDate,0
26/02/2020,England,DeathsByDate,0
27/02/2020,England,DeathsByDate,0
28/02/2020,England,DeathsByDate,0
29/02/2020,England,DeathsByDate,0
01/03/2020,England,DeathsByDate,0
02/03/2020,England,DeathsByDate,1
03/03/2020,England,DeathsByDate,0
04/03/2020,England,DeathsByDate,1
05/03/2020,England,DeathsByDate,2
06/03/2020,England,DeathsByDate,2
07/03/2020,England,DeathsByDate,0
08/03/2020,England,DeathsByDate,2
09/03/2020,England,DeathsByDate,5
10/03/2020,England,DeathsByDate,3
11/03/2020,England,DeathsByDate,7
12/03/2020,Scotland,DeathsByDate,2
12/03/2020,England,DeathsByDate,11
13/03/2020,England,DeathsByDate,16
13/03/2020,Scotland,DeathsByDate,0
14/03/2020,England,DeathsByDate,19
14/03/2020,Scotland,DeathsByDate,2
15/03/2020,Scotland,DeathsByDate,1
15/03/2020,England,DeathsByDate,28
15/03/2020,Wales,DeathsByDate,1
16/03/2020,England,DeathsByDate,44
16/03/2020,Scotland,DeathsByDate,3
16/03/2020,Wales,DeathsByDate,3
17/03/2020,England,DeathsByDate,54
17/03/2020,Wales,DeathsByDate,1
17/03/2020,Scotland,DeathsByDate,3
18/03/2020,England,DeathsByDate,66
18/03/2020,Wales,DeathsByDate,2
18/03/2020,Scotland,DeathsByDate,4
18/03/2020,Northern Ireland,DeathsByDate,1
19/03/2020,Northern Ireland,DeathsByDate,0
19/03/2020,Scotland,DeathsByDate,4
19/03/2020,England,DeathsByDate,71
19/03/2020,Wales,DeathsByDate,4
20/03/2020,England,DeathsByDate,109
20/03/2020,Wales,DeathsByDate,4
20/03/2020,Scotland,DeathsByDate,5
20/03/2020,Northern Ireland,DeathsByDate,0
21/03/2020,Northern Ireland,DeathsByDate,1
21/03/2020,England,DeathsByDate,126
21/03/2020,Wales,DeathsByDate,9
21/03/2020,Scotland,DeathsByDate,7
22/03/2020,Scotland,DeathsByDate,6
22/03/2020,England,DeathsByDate,172
22/03/2020,Wales,DeathsByDate,4
22/03/2020,Northern Ireland,DeathsByDate,1
23/03/2020,Northern Ireland,DeathsByDate,4
23/03/2020,England,DeathsByDate,188
23/03/2020,Scotland,DeathsByDate,7
23/03/2020,Wales,DeathsByDate,7
24/03/2020,Wales,DeathsByDate,11
24/03/2020,Scotland,DeathsByDate,12
24/03/2020,England,DeathsByDate,237
24/03/2020,Northern Ireland,DeathsByDate,3
25/03/2020,Northern Ireland,DeathsByDate,4
25/03/2020,England,DeathsByDate,299
25/03/2020,Scotland,DeathsByDate,22
25/03/2020,Wales,DeathsByDate,12
26/03/2020,Wales,DeathsByDate,12
26/03/2020,England,DeathsByDate,370
26/03/2020,Scotland,DeathsByDate,24
26/03/2020,Northern Ireland,DeathsByDate,4
27/03/2020,Northern Ireland,DeathsByDate,6
27/03/2020,Wales,DeathsByDate,18
27/03/2020,England,DeathsByDate,416
27/03/2020,Scotland,DeathsByDate,23
28/03/2020,Scotland,DeathsByDate,37
28/03/2020,Wales,DeathsByDate,21
28/03/2020,England,DeathsByDate,449
28/03/2020,Northern Ireland,DeathsByDate,9
29/03/2020,Northern Ireland,DeathsByDate,4
29/03/2020,Scotland,DeathsByDate,27
29/03/2020,England,DeathsByDate,531
29/03/2020,Wales,DeathsByDate,23
30/03/2020,England,DeathsByDate,631
30/03/2020,Wales,DeathsByDate,21
30/03/2020,Scotland,DeathsByDate,51
30/03/2020,Northern Ireland,DeathsByDate,7
31/03/2020,Northern Ireland,DeathsByDate,8
31/03/2020,Scotland,DeathsByDate,57
31/03/2020,England,DeathsByDate,741
31/03/2020,Wales,DeathsByDate,21
01/04/2020,England,DeathsByDate,826
01/04/2020,Wales,DeathsByDate,24
01/04/2020,Scotland,DeathsByDate,65
01/04/2020,Northern Ireland,DeathsByDate,7
02/04/2020,Northern Ireland,DeathsByDate,14
02/04/2020,Wales,DeathsByDate,39
02/04/2020,England,DeathsByDate,892
02/04/2020,Scotland,DeathsByDate,61
03/04/2020,England,DeathsByDate,927
03/04/2020,Wales,DeathsByDate,41
03/04/2020,Scotland,DeathsByDate,75
03/04/2020,Northern Ireland,DeathsByDate,13
04/04/2020,Northern Ireland,DeathsByDate,14
04/04/2020,England,DeathsByDate,1023
04/04/2020,Wales,DeathsByDate,53
04/04/2020,Scotland,DeathsByDate,56
05/04/2020,Wales,DeathsByDate,54
05/04/2020,England,DeathsByDate,1063
05/04/2020,Scotland,DeathsByDate,86
05/04/2020,Northern Ireland,DeathsByDate,16
06/04/2020,Northern Ireland,DeathsByDate,7
06/04/2020,Wales,DeathsByDate,45
06/04/2020,England,DeathsByDate,1025
06/04/2020,Scotland,DeathsByDate,91
07/04/2020,Scotland,DeathsByDate,85
07/04/2020,England,DeathsByDate,1145
07/04/2020,Wales,DeathsByDate,53
07/04/2020,Northern Ireland,DeathsByDate,9
08/04/2020,Northern Ireland,DeathsByDate,9
08/04/2020,Wales,DeathsByDate,72
08/04/2020,Scotland,DeathsByDate,92
08/04/2020,England,DeathsByDate,1286
09/04/2020,England,DeathsByDate,1177
09/04/2020,Wales,DeathsByDate,61
09/04/2020,Scotland,DeathsByDate,108
09/04/2020,Northern Ireland,DeathsByDate,25
10/04/2020,Northern Ireland,DeathsByDate,9
10/04/2020,Scotland,DeathsByDate,98
10/04/2020,England,DeathsByDate,1163
10/04/2020,Wales,DeathsByDate,49
11/04/2020,Wales,DeathsByDate,50
11/04/2020,England,DeathsByDate,1203
11/04/2020,Scotland,DeathsByDate,94
11/04/2020,Northern Ireland,DeathsByDate,15
12/04/2020,Northern Ireland,DeathsByDate,20
12/04/2020,Scotland,DeathsByDate,75
12/04/2020,England,DeathsByDate,1208
12/04/2020,Wales,DeathsByDate,73
13/04/2020,Scotland,DeathsByDate,81
13/04/2020,England,DeathsByDate,1076
13/04/2020,Wales,DeathsByDate,57
13/04/2020,Northern Ireland,DeathsByDate,16
14/04/2020,Northern Ireland,DeathsByDate,16
14/04/2020,Wales,DeathsByDate,56
14/04/2020,Scotland,DeathsByDate,100
14/04/2020,England,DeathsByDate,1080
15/04/2020,Wales,DeathsByDate,60
15/04/2020,England,DeathsByDate,1100
15/04/2020,Scotland,DeathsByDate,94
15/04/2020,Northern Ireland,DeathsByDate,21
16/04/2020,Northern Ireland,DeathsByDate,16
16/04/2020,England,DeathsByDate,1147
16/04/2020,Wales,DeathsByDate,56
16/04/2020,Scotland,DeathsByDate,101
17/04/2020,England,DeathsByDate,1107
17/04/2020,Wales,DeathsByDate,62
17/04/2020,Scotland,DeathsByDate,84
17/04/2020,Northern Ireland,DeathsByDate,14
18/04/2020,Northern Ireland,DeathsByDate,10
18/04/2020,Scotland,DeathsByDate,95
18/04/2020,England,DeathsByDate,1030
18/04/2020,Wales,DeathsByDate,53
19/04/2020,Wales,DeathsByDate,49
19/04/2020,Scotland,DeathsByDate,90
19/04/2020,England,DeathsByDate,967
19/04/2020,Northern Ireland,DeathsByDate,16
20/04/2020,Northern Ireland,DeathsByDate,15
20/04/2020,Wales,DeathsByDate,47
20/04/2020,Scotland,DeathsByDate,105
20/04/2020,England,DeathsByDate,992
21/04/2020,England,DeathsByDate,916
21/04/2020,Scotland,DeathsByDate,96
21/04/2020,Wales,DeathsByDate,54
21/04/2020,Northern Ireland,DeathsByDate,16
22/04/2020,Northern Ireland,DeathsByDate,25
22/04/2020,Scotland,DeathsByDate,88
22/04/2020,Wales,DeathsByDate,49
22/04/2020,England,DeathsByDate,939
23/04/2020,Scotland,DeathsByDate,72
23/04/2020,Wales,DeathsByDate,50
23/04/2020,England,DeathsByDate,893
23/04/2020,Northern Ireland,DeathsByDate,22
24/04/2020,Northern Ireland,DeathsByDate,11
24/04/2020,Wales,DeathsByDate,43
24/04/2020,Scotland,DeathsByDate,76
24/04/2020,England,DeathsByDate,874
25/04/2020,Scotland,DeathsByDate,79
25/04/2020,England,DeathsByDate,771
25/04/2020,Wales,DeathsByDate,48
25/04/2020,Northern Ireland,DeathsByDate,20
26/04/2020,Northern Ireland,DeathsByDate,17
26/04/2020,Wales,DeathsByDate,36
26/04/2020,England,DeathsByDate,763
26/04/2020,Scotland,DeathsByDate,78
27/04/2020,Wales,DeathsByDate,35
27/04/2020,England,DeathsByDate,724
27/04/2020,Scotland,DeathsByDate,85
27/04/2020,Northern Ireland,DeathsByDate,22
28/04/2020,Northern Ireland,DeathsByDate,10
28/04/2020,Wales,DeathsByDate,30
28/04/2020,England,DeathsByDate,701
28/04/2020,Scotland,DeathsByDate,59
29/04/2020,Scotland,DeathsByDate,69
29/04/2020,Wales,DeathsByDate,34
29/04/2020,England,DeathsByDate,699
29/04/2020,Northern Ireland,DeathsByDate,15
30/04/2020,Northern Ireland,DeathsByDate,13
30/04/2020,England,DeathsByDate,660
30/04/2020,Scotland,DeathsByDate,68
30/04/2020,Wales,DeathsByDate,39
01/05/2020,Scotland,DeathsByDate,67
01/05/2020,England,DeathsByDate,661
01/05/2020,Wales,DeathsByDate,35
01/05/2020,Northern Ireland,DeathsByDate,22
02/05/2020,Northern Ireland,DeathsByDate,20
02/05/2020,England,DeathsByDate,590
02/05/2020,Wales,DeathsByDate,35
02/05/2020,Scotland,DeathsByDate,60
03/05/2020,Scotland,DeathsByDate,60
03/05/2020,Wales,DeathsByDate,27
03/05/2020,England,DeathsByDate,556
03/05/2020,Northern Ireland,DeathsByDate,18
04/05/2020,Northern Ireland,DeathsByDate,14
04/05/2020,Scotland,DeathsByDate,62
04/05/2020,Wales,DeathsByDate,38
04/05/2020,England,DeathsByDate,562
05/05/2020,Scotland,DeathsByDate,67
05/05/2020,England,DeathsByDate,537
05/05/2020,Wales,DeathsByDate,31
05/05/2020,Northern Ireland,DeathsByDate,7
06/05/2020,Northern Ireland,DeathsByDate,7
06/05/2020,England,DeathsByDate,524
06/05/2020,Scotland,DeathsByDate,59
06/05/2020,Wales,DeathsByDate,37
07/05/2020,Wales,DeathsByDate,26
07/05/2020,Scotland,DeathsByDate,61
07/05/2020,England,DeathsByDate,535
07/05/2020,Northern Ireland,DeathsByDate,7
08/05/2020,Northern Ireland,DeathsByDate,9
08/05/2020,England,DeathsByDate,482
08/05/2020,Scotland,DeathsByDate,58
08/05/2020,Wales,DeathsByDate,19
09/05/2020,England,DeathsByDate,463
09/05/2020,Wales,DeathsByDate,17
09/05/2020,Scotland,DeathsByDate,50
09/05/2020,Northern Ireland,DeathsByDate,9
10/05/2020,Northern Ireland,DeathsByDate,13
10/05/2020,Scotland,DeathsByDate,38
10/05/2020,Wales,DeathsByDate,19
10/05/2020,England,DeathsByDate,423
11/05/2020,Scotland,DeathsByDate,45
11/05/2020,England,DeathsByDate,355
11/05/2020,Wales,DeathsByDate,21
11/05/2020,Northern Ireland,DeathsByDate,6
12/05/2020,Northern Ireland,DeathsByDate,7
12/05/2020,Wales,DeathsByDate,19
12/05/2020,Scotland,DeathsByDate,35
12/05/2020,England,DeathsByDate,380
13/05/2020,England,DeathsByDate,373
13/05/2020,Wales,DeathsByDate,22
13/05/2020,Scotland,DeathsByDate,53
13/05/2020,Northern Ireland,DeathsByDate,6
14/05/2020,Northern Ireland,DeathsByDate,15
14/05/2020,England,DeathsByDate,373
14/05/2020,Scotland,DeathsByDate,50
14/05/2020,Wales,DeathsByDate,27
15/05/2020,Wales,DeathsByDate,19
15/05/2020,Scotland,DeathsByDate,34
15/05/2020,England,DeathsByDate,359
15/05/2020,Northern Ireland,DeathsByDate,9
16/05/2020,Northern Ireland,DeathsByDate,4
16/05/2020,Wales,DeathsByDate,27
16/05/2020,England,DeathsByDate,351
16/05/2020,Scotland,DeathsByDate,37
17/05/2020,Wales,DeathsByDate,17
17/05/2020,England,DeathsByDate,316
17/05/2020,Scotland,DeathsByDate,34
17/05/2020,Northern Ireland,DeathsByDate,10
18/05/2020,Northern Ireland,DeathsByDate,10
18/05/2020,Wales,DeathsByDate,19
18/05/2020,England,DeathsByDate,344
18/05/2020,Scotland,DeathsByDate,34
19/05/2020,England,DeathsByDate,316
19/05/2020,Scotland,DeathsByDate,31
19/05/2020,Wales,DeathsByDate,15
19/05/2020,Northern Ireland,DeathsByDate,9
20/05/2020,Northern Ireland,DeathsByDate,8
20/05/2020,Scotland,DeathsByDate,29
20/05/2020,England,DeathsByDate,303
20/05/2020,Wales,DeathsByDate,13
21/05/2020,England,DeathsByDate,286
21/05/2020,Scotland,DeathsByDate,34
21/05/2020,Wales,DeathsByDate,16
21/05/2020,Northern Ireland,DeathsByDate,6
22/05/2020,Northern Ireland,DeathsByDate,6
22/05/2020,Scotland,DeathsByDate,19
22/05/2020,Wales,DeathsByDate,19
22/05/2020,England,DeathsByDate,256
23/05/2020,Wales,DeathsByDate,10
23/05/2020,England,DeathsByDate,255
23/05/2020,Scotland,DeathsByDate,15
23/05/2020,Northern Ireland,DeathsByDate,4
24/05/2020,Northern Ireland,DeathsByDate,12
24/05/2020,England,DeathsByDate,234
24/05/2020,Wales,DeathsByDate,21
24/05/2020,Scotland,DeathsByDate,14
25/05/2020,England,DeathsByDate,240
25/05/2020,Scotland,DeathsByDate,22
25/05/2020,Wales,DeathsByDate,14
25/05/2020,Northern Ireland,DeathsByDate,3
26/05/2020,Northern Ireland,DeathsByDate,2
26/05/2020,England,DeathsByDate,260
26/05/2020,Scotland,DeathsByDate,21
26/05/2020,Wales,DeathsByDate,16
27/05/2020,Scotland,DeathsByDate,23
27/05/2020,Wales,DeathsByDate,18
27/05/2020,England,DeathsByDate,233
27/05/2020,Northern Ireland,DeathsByDate,7
28/05/2020,Northern Ireland,DeathsByDate,5
28/05/2020,Wales,DeathsByDate,20
28/05/2020,Scotland,DeathsByDate,22
28/05/2020,England,DeathsByDate,241
29/05/2020,England,DeathsByDate,216
29/05/2020,Wales,DeathsByDate,14
29/05/2020,Scotland,DeathsByDate,19
29/05/2020,Northern Ireland,DeathsByDate,5
30/05/2020,Northern Ireland,DeathsByDate,2
30/05/2020,Scotland,DeathsByDate,12
30/05/2020,Wales,DeathsByDate,17
30/05/2020,England,DeathsByDate,188
31/05/2020,England,DeathsByDate,175
31/05/2020,Wales,DeathsByDate,6
31/05/2020,Scotland,DeathsByDate,11
31/05/2020,Northern Ireland,DeathsByDate,3
01/06/2020,Northern Ireland,DeathsByDate,3
01/06/2020,Wales,DeathsByDate,11
01/06/2020,England,DeathsByDate,179
01/06/2020,Scotland,DeathsByDate,6
02/06/2020,Wales,DeathsByDate,8
02/06/2020,England,DeathsByDate,204
02/06/2020,Scotland,DeathsByDate,14
02/06/2020,Northern Ireland,DeathsByDate,7
03/06/2020,Northern Ireland,DeathsByDate,3
03/06/2020,Scotland,DeathsByDate,12
03/06/2020,England,DeathsByDate,179
03/06/2020,Wales,DeathsByDate,9
04/06/2020,Scotland,DeathsByDate,5
04/06/2020,England,DeathsByDate,163
04/06/2020,Wales,DeathsByDate,12
04/06/2020,Northern Ireland,DeathsByDate,3
05/06/2020,Northern Ireland,DeathsByDate,1
05/06/2020,England,DeathsByDate,160
05/06/2020,Scotland,DeathsByDate,15
05/06/2020,Wales,DeathsByDate,8
06/06/2020,Scotland,DeathsByDate,8
06/06/2020,England,DeathsByDate,129
06/06/2020,Wales,DeathsByDate,10
06/06/2020,Northern Ireland,DeathsByDate,4
07/06/2020,Northern Ireland,DeathsByDate,3
07/06/2020,Wales,DeathsByDate,13
07/06/2020,England,DeathsByDate,137
07/06/2020,Scotland,DeathsByDate,10
08/06/2020,England,DeathsByDate,142
08/06/2020,Scotland,DeathsByDate,9
08/06/2020,Wales,DeathsByDate,9
08/06/2020,Northern Ireland,DeathsByDate,1
09/06/2020,Wales,DeathsByDate,3
09/06/2020,Northern Ireland,DeathsByDate,2
09/06/2020,Scotland,DeathsByDate,5
09/06/2020,England,DeathsByDate,127
10/06/2020,Scotland,DeathsByDate,12
10/06/2020,England,DeathsByDate,142
10/06/2020,Wales,DeathsByDate,9
10/06/2020,Northern Ireland,DeathsByDate,3
11/06/2020,Wales,DeathsByDate,5
11/06/2020,Northern Ireland,DeathsByDate,4
11/06/2020,Scotland,DeathsByDate,4
11/06/2020,England,DeathsByDate,108
12/06/2020,England,DeathsByDate,122
12/06/2020,Scotland,DeathsByDate,4
12/06/2020,Wales,DeathsByDate,4
12/06/2020,Northern Ireland,DeathsByDate,5
13/06/2020,Wales,DeathsByDate,7
13/06/2020,Northern Ireland,DeathsByDate,3
13/06/2020,Scotland,DeathsByDate,6
13/06/2020,England,DeathsByDate,85
14/06/2020,Scotland,DeathsByDate,7
14/06/2020,England,DeathsByDate,119
14/06/2020,Northern Ireland,DeathsByDate,2
14/06/2020,Wales,DeathsByDate,8
15/06/2020,Northern Ireland,DeathsByDate,1
15/06/2020,Wales,DeathsByDate,5
15/06/2020,England,DeathsByDate,92
15/06/2020,Scotland,DeathsByDate,9
16/06/2020,Scotland,DeathsByDate,8
16/06/2020,England,DeathsByDate,103
16/06/2020,Northern Ireland,DeathsByDate,1
16/06/2020,Wales,DeathsByDate,8
17/06/2020,Wales,DeathsByDate,3
17/06/2020,Northern Ireland,DeathsByDate,1
17/06/2020,England,DeathsByDate,91
17/06/2020,Scotland,DeathsByDate,10
18/06/2020,England,DeathsByDate,79
18/06/2020,Scotland,DeathsByDate,9
18/06/2020,Wales,DeathsByDate,0
18/06/2020,Northern Ireland,DeathsByDate,1
19/06/2020,Wales,DeathsByDate,7
19/06/2020,Northern Ireland,DeathsByDate,3
19/06/2020,England,DeathsByDate,76
19/06/2020,Scotland,DeathsByDate,2
20/06/2020,England,DeathsByDate,76
20/06/2020,Scotland,DeathsByDate,7
20/06/2020,Wales,DeathsByDate,3
20/06/2020,Northern Ireland,DeathsByDate,1
21/06/2020,Northern Ireland,DeathsByDate,1
21/06/2020,Wales,DeathsByDate,4
21/06/2020,Scotland,DeathsByDate,8
21/06/2020,England,DeathsByDate,67
22/06/2020,Scotland,DeathsByDate,6
22/06/2020,England,DeathsByDate,74
22/06/2020,Northern Ireland,DeathsByDate,1
22/06/2020,Wales,DeathsByDate,2
23/06/2020,Wales,DeathsByDate,4
23/06/2020,Northern Ireland,DeathsByDate,1
23/06/2020,Scotland,DeathsByDate,3
23/06/2020,England,DeathsByDate,89
24/06/2020,England,DeathsByDate,93
24/06/2020,Scotland,DeathsByDate,3
24/06/2020,Wales,DeathsByDate,2
24/06/2020,Northern Ireland,DeathsByDate,3
25/06/2020,Wales,DeathsByDate,8
25/06/2020,Northern Ireland,DeathsByDate,1
25/06/2020,Scotland,DeathsByDate,2
25/06/2020,England,DeathsByDate,97
26/06/2020,England,DeathsByDate,70
26/06/2020,Scotland,DeathsByDate,3
26/06/2020,Wales,DeathsByDate,4
26/06/2020,Northern Ireland,DeathsByDate,2
27/06/2020,Northern Ireland,DeathsByDate,1
27/06/2020,Wales,DeathsByDate,6
27/06/2020,Scotland,DeathsByDate,5
27/06/2020,England,DeathsByDate,61
28/06/2020,England,DeathsByDate,62
28/06/2020,Scotland,DeathsByDate,1
28/06/2020,Wales,DeathsByDate,4
28/06/2020,Northern Ireland,DeathsByDate,3
29/06/2020,Northern Ireland,DeathsByDate,1
29/06/2020,Wales,DeathsByDate,3
29/06/2020,England,DeathsByDate,63
29/06/2020,Scotland,DeathsByDate,2
30/06/2020,Scotland,DeathsByDate,2
30/06/2020,England,DeathsByDate,71
30/06/2020,Wales,DeathsByDate,6
30/06/2020,Northern Ireland,DeathsByDate,2
01/07/2020,Wales,DeathsByDate,4
01/07/2020,Northern Ireland,DeathsByDate,2
01/07/2020,Scotland,DeathsByDate,4
01/07/2020,England,DeathsByDate,44
02/07/2020,Scotland,DeathsByDate,1
02/07/2020,England,DeathsByDate,55
02/07/2020,Wales,DeathsByDate,5
02/07/2020,Northern Ireland,DeathsByDate,0
03/07/2020,Northern Ireland,DeathsByDate,2
03/07/2020,Wales,DeathsByDate,0
03/07/2020,Scotland,DeathsByDate,1
03/07/2020,England,DeathsByDate,45
04/07/2020,England,DeathsByDate,46
04/07/2020,Scotland,DeathsByDate,3
04/07/2020,Wales,DeathsByDate,3
04/07/2020,Northern Ireland,DeathsByDate,0
05/07/2020,Wales,DeathsByDate,5
05/07/2020,Northern Ireland,DeathsByDate,2
05/07/2020,Scotland,DeathsByDate,1
05/07/2020,England,DeathsByDate,44
06/07/2020,Scotland,DeathsByDate,3
06/07/2020,England,DeathsByDate,48
06/07/2020,Wales,DeathsByDate,3
06/07/2020,Northern Ireland,DeathsByDate,0
07/07/2020,Northern Ireland,DeathsByDate,0
07/07/2020,Wales,DeathsByDate,2
07/07/2020,Scotland,DeathsByDate,0
07/07/2020,England,DeathsByDate,41
08/07/2020,England,DeathsByDate,44
08/07/2020,Scotland,DeathsByDate,1
08/07/2020,Northern Ireland,DeathsByDate,0
08/07/2020,Wales,DeathsByDate,2
09/07/2020,Northern Ireland,DeathsByDate,1
09/07/2020,Wales,DeathsByDate,4
09/07/2020,England,DeathsByDate,56
09/07/2020,Scotland,DeathsByDate,0
10/07/2020,Scotland,DeathsByDate,0
10/07/2020,England,DeathsByDate,42
10/07/2020,Northern Ireland,DeathsByDate,1
10/07/2020,Wales,DeathsByDate,1
11/07/2020,Northern Ireland,DeathsByDate,1
11/07/2020,Wales,DeathsByDate,1
11/07/2020,England,DeathsByDate,33
11/07/2020,Scotland,DeathsByDate,3
12/07/2020,Scotland,DeathsByDate,0
12/07/2020,England,DeathsByDate,29
12/07/2020,Wales,DeathsByDate,2
12/07/2020,Northern Ireland,DeathsByDate,1
13/07/2020,Wales,DeathsByDate,2
13/07/2020,Northern Ireland,DeathsByDate,0
13/07/2020,Scotland,DeathsByDate,1
13/07/2020,England,DeathsByDate,42
14/07/2020,Scotland,DeathsByDate,3
14/07/2020,England,DeathsByDate,38
14/07/2020,Wales,DeathsByDate,1
14/07/2020,Northern Ireland,DeathsByDate,0
15/07/2020,Wales,DeathsByDate,0
15/07/2020,Northern Ireland,DeathsByDate,0
15/07/2020,England,DeathsByDate,39
15/07/2020,Scotland,DeathsByDate,2
16/07/2020,England,DeathsByDate,18
16/07/2020,Scotland,DeathsByDate,0
16/07/2020,Wales,DeathsByDate,2
16/07/2020,Northern Ireland,DeathsByDate,1
17/07/2020,Northern Ireland,DeathsByDate,2
17/07/2020,Wales,DeathsByDate,1
17/07/2020,Scotland,DeathsByDate,0
17/07/2020,England,DeathsByDate,31
18/07/2020,Scotland,DeathsByDate,2
18/07/2020,England,DeathsByDate,28
18/07/2020,Northern Ireland,DeathsByDate,1
18/07/2020,Wales,DeathsByDate,0
19/07/2020,Wales,DeathsByDate,0
19/07/2020,Northern Ireland,DeathsByDate,0
19/07/2020,England,DeathsByDate,22
19/07/2020,Scotland,DeathsByDate,2
20/07/2020,England,DeathsByDate,29
20/07/2020,Scotland,DeathsByDate,1
20/07/2020,Northern Ireland,DeathsByDate,1
20/07/2020,Wales,DeathsByDate,0
21/07/2020,Northern Ireland,DeathsByDate,0
21/07/2020,Wales,DeathsByDate,1
21/07/2020,Scotland,DeathsByDate,0
21/07/2020,England,DeathsByDate,30
22/07/2020,England,DeathsByDate,34
22/07/2020,Scotland,DeathsByDate,0
22/07/2020,Northern Ireland,DeathsByDate,0
22/07/2020,Wales,DeathsByDate,0
23/07/2020,Wales,DeathsByDate,1
23/07/2020,Northern Ireland,DeathsByDate,2
23/07/2020,England,DeathsByDate,33
23/07/2020,Scotland,DeathsByDate,0
24/07/2020,Scotland,DeathsByDate,1
24/07/2020,England,DeathsByDate,17
24/07/2020,Northern Ireland,DeathsByDate,0
24/07/2020,Wales,DeathsByDate,1
25/07/2020,Wales,DeathsByDate,2
25/07/2020,Northern Ireland,DeathsByDate,0
25/07/2020,Scotland,DeathsByDate,1
25/07/2020,England,DeathsByDate,20
26/07/2020,England,DeathsByDate,28
26/07/2020,Scotland,DeathsByDate,1
26/07/2020,Northern Ireland,DeathsByDate,1
26/07/2020,Wales,DeathsByDate,2
27/07/2020,Wales,DeathsByDate,2
27/07/2020,Northern Ireland,DeathsByDate,0
27/07/2020,England,DeathsByDate,16
27/07/2020,Scotland,DeathsByDate,0
28/07/2020,Scotland,DeathsByDate,4
28/07/2020,England,DeathsByDate,20
28/07/2020,Northern Ireland,DeathsByDate,0
28/07/2020,Wales,DeathsByDate,2
29/07/2020,Wales,DeathsByDate,5
29/07/2020,Northern Ireland,DeathsByDate,0
29/07/2020,England,DeathsByDate,21
29/07/2020,Scotland,DeathsByDate,2
30/07/2020,Scotland,DeathsByDate,0
30/07/2020,England,DeathsByDate,14
30/07/2020,Wales,DeathsByDate,3
30/07/2020,Northern Ireland,DeathsByDate,0
31/07/2020,Northern Ireland,DeathsByDate,0
31/07/2020,Wales,DeathsByDate,5
31/07/2020,England,DeathsByDate,26
31/07/2020,Scotland,DeathsByDate,0
01/08/2020,England,DeathsByDate,16
01/08/2020,Scotland,DeathsByDate,0
01/08/2020,Northern Ireland,DeathsByDate,0
01/08/2020,Wales,DeathsByDate,4
02/08/2020,Northern Ireland,DeathsByDate,0
02/08/2020,Wales,DeathsByDate,2
02/08/2020,England,DeathsByDate,15
02/08/2020,Scotland,DeathsByDate,0
03/08/2020,England,DeathsByDate,19
03/08/2020,Scotland,DeathsByDate,1
03/08/2020,Wales,DeathsByDate,3
03/08/2020,Northern Ireland,DeathsByDate,0
04/08/2020,Wales,DeathsByDate,4
04/08/2020,Northern Ireland,DeathsByDate,2
04/08/2020,Scotland,DeathsByDate,1
04/08/2020,England,DeathsByDate,20
05/08/2020,Scotland,DeathsByDate,2
05/08/2020,England,DeathsByDate,7
05/08/2020,Northern Ireland,DeathsByDate,1
05/08/2020,Wales,DeathsByDate,3
06/08/2020,Northern Ireland,DeathsByDate,1
06/08/2020,Wales,DeathsByDate,2
06/08/2020,Scotland,DeathsByDate,1
06/08/2020,England,DeathsByDate,17
07/08/2020,England,DeathsByDate,19
07/08/2020,Scotland,DeathsByDate,0
07/08/2020,Wales,DeathsByDate,5
07/08/2020,Northern Ireland,DeathsByDate,0
08/08/2020,Wales,DeathsByDate,2
08/08/2020,Northern Ireland,DeathsByDate,2
08/08/2020,England,DeathsByDate,18
08/08/2020,Scotland,DeathsByDate,0
09/08/2020,Scotland,DeathsByDate,0
09/08/2020,England,DeathsByDate,18
09/08/2020,Wales,DeathsByDate,0
09/08/2020,Northern Ireland,DeathsByDate,1
10/08/2020,Wales,DeathsByDate,2
10/08/2020,Northern Ireland,DeathsByDate,0
10/08/2020,England,DeathsByDate,23
10/08/2020,Scotland,DeathsByDate,0
11/08/2020,England,DeathsByDate,20
11/08/2020,Scotland,DeathsByDate,0
11/08/2020,Northern Ireland,DeathsByDate,0
11/08/2020,Wales,DeathsByDate,0
12/08/2020,Northern Ireland,DeathsByDate,2
12/08/2020,Wales,DeathsByDate,2
12/08/2020,England,DeathsByDate,20
12/08/2020,Scotland,DeathsByDate,0
13/08/2020,Scotland,DeathsByDate,1
13/08/2020,England,DeathsByDate,18
13/08/2020,Wales,DeathsByDate,2
13/08/2020,Northern Ireland,DeathsByDate,2
14/08/2020,Wales,DeathsByDate,2
14/08/2020,Northern Ireland,DeathsByDate,1
14/08/2020,England,DeathsByDate,15
14/08/2020,Scotland,DeathsByDate,0
15/08/2020,Scotland,DeathsByDate,1
15/08/2020,England,DeathsByDate,21
15/08/2020,Northern Ireland,DeathsByDate,1
15/08/2020,Wales,DeathsByDate,0
16/08/2020,Northern Ireland,DeathsByDate,1
16/08/2020,Wales,DeathsByDate,1
16/08/2020,England,DeathsByDate,12
16/08/2020,Scotland,DeathsByDate,1
17/08/2020,England,DeathsByDate,19
17/08/2020,Scotland,DeathsByDate,1
17/08/2020,Northern Ireland,DeathsByDate,0
17/08/2020,Wales,DeathsByDate,1
18/08/2020,Northern Ireland,DeathsByDate,1
18/08/2020,Wales,DeathsByDate,2
18/08/2020,England,DeathsByDate,11
18/08/2020,Scotland,DeathsByDate,1
19/08/2020,Scotland,DeathsByDate,2
19/08/2020,England,DeathsByDate,10
19/08/2020,Wales,DeathsByDate,1
19/08/2020,Northern Ireland,DeathsByDate,0
20/08/2020,Wales,DeathsByDate,0
20/08/2020,Northern Ireland,DeathsByDate,0
20/08/2020,Scotland,DeathsByDate,0
20/08/2020,England,DeathsByDate,16
21/08/2020,Scotland,DeathsByDate,0
21/08/2020,England,DeathsByDate,9
21/08/2020,Wales,DeathsByDate,1
21/08/2020,Northern Ireland,DeathsByDate,0
22/08/2020,Wales,DeathsByDate,0
22/08/2020,Northern Ireland,DeathsByDate,0
22/08/2020,England,DeathsByDate,11
22/08/2020,Scotland,DeathsByDate,1
23/08/2020,England,DeathsByDate,16
23/08/2020,Scotland,DeathsByDate,1
23/08/2020,Wales,DeathsByDate,0
23/08/2020,Northern Ireland,DeathsByDate,0
24/08/2020,Wales,DeathsByDate,0
24/08/2020,Northern Ireland,DeathsByDate,1
24/08/2020,Scotland,DeathsByDate,0
24/08/2020,England,DeathsByDate,8
25/08/2020,England,DeathsByDate,19
25/08/2020,Scotland,DeathsByDate,1
25/08/2020,Northern Ireland,DeathsByDate,1
25/08/2020,Wales,DeathsByDate,1
26/08/2020,Wales,DeathsByDate,0
26/08/2020,Northern Ireland,DeathsByDate,0
26/08/2020,England,DeathsByDate,15
26/08/2020,Scotland,DeathsByDate,1
27/08/2020,Scotland,DeathsByDate,1
27/08/2020,England,DeathsByDate,11
27/08/2020,Northern Ireland,DeathsByDate,0
27/08/2020,Wales,DeathsByDate,0
28/08/2020,Northern Ireland,DeathsByDate,0
28/08/2020,Wales,DeathsByDate,0
28/08/2020,Scotland,DeathsByDate,1
28/08/2020,England,DeathsByDate,11
29/08/2020,England,DeathsByDate,8
29/08/2020,Scotland,DeathsByDate,0
29/08/2020,Wales,DeathsByDate,0
29/08/2020,Northern Ireland,DeathsByDate,0
30/08/2020,Wales,DeathsByDate,1
30/08/2020,Northern Ireland,DeathsByDate,1
30/08/2020,England,DeathsByDate,8
30/08/2020,Scotland,DeathsByDate,1
31/08/2020,England,DeathsByDate,16
31/08/2020,Scotland,DeathsByDate,0
31/08/2020,Wales,DeathsByDate,1
31/08/2020,Northern Ireland,DeathsByDate,1
01/09/2020,Northern Ireland,DeathsByDate,1
01/09/2020,Wales,DeathsByDate,1
01/09/2020,England,DeathsByDate,9
01/09/2020,Scotland,DeathsByDate,0
02/09/2020,England,DeathsByDate,13
02/09/2020,Scotland,DeathsByDate,1
02/09/2020,Wales,DeathsByDate,0
02/09/2020,Northern Ireland,DeathsByDate,1
03/09/2020,Northern Ireland,DeathsByDate,2
03/09/2020,Wales,DeathsByDate,0
03/09/2020,Scotland,DeathsByDate,1
03/09/2020,England,DeathsByDate,6
04/09/2020,Scotland,DeathsByDate,1
04/09/2020,England,DeathsByDate,14
04/09/2020,Wales,DeathsByDate,0
04/09/2020,Northern Ireland,DeathsByDate,0
05/09/2020,Northern Ireland,DeathsByDate,1
05/09/2020,Wales,DeathsByDate,0
05/09/2020,Scotland,DeathsByDate,1
05/09/2020,England,DeathsByDate,12
06/09/2020,England,DeathsByDate,13
06/09/2020,Scotland,DeathsByDate,0
06/09/2020,Northern Ireland,DeathsByDate,0
06/09/2020,Wales,DeathsByDate,0
07/09/2020,Northern Ireland,DeathsByDate,3
07/09/2020,Wales,DeathsByDate,1
07/09/2020,Scotland,DeathsByDate,0
07/09/2020,England,DeathsByDate,20
08/09/2020,Scotland,DeathsByDate,0
08/09/2020,England,DeathsByDate,15
08/09/2020,Wales,DeathsByDate,0
08/09/2020,Northern Ireland,DeathsByDate,1
09/09/2020,Wales,DeathsByDate,1
09/09/2020,England,DeathsByDate,10
09/09/2020,Scotland,DeathsByDate,3
09/09/2020,Northern Ireland,DeathsByDate,0
10/09/2020,Northern Ireland,DeathsByDate,1
10/09/2020,Wales,DeathsByDate,0
10/09/2020,Scotland,DeathsByDate,0
10/09/2020,England,DeathsByDate,15
11/09/2020,England,DeathsByDate,15
11/09/2020,Scotland,DeathsByDate,1
11/09/2020,Northern Ireland,DeathsByDate,2
11/09/2020,Wales,DeathsByDate,1
12/09/2020,Wales,DeathsByDate,0
12/09/2020,England,DeathsByDate,21
12/09/2020,Scotland,DeathsByDate,2
12/09/2020,Northern Ireland,DeathsByDate,0
13/09/2020,Northern Ireland,DeathsByDate,0
13/09/2020,Wales,DeathsByDate,1
13/09/2020,England,DeathsByDate,18
13/09/2020,Scotland,DeathsByDate,1
14/09/2020,England,DeathsByDate,17
14/09/2020,Scotland,DeathsByDate,3
14/09/2020,Northern Ireland,DeathsByDate,1
14/09/2020,Wales,DeathsByDate,0
15/09/2020,Wales,DeathsByDate,2
15/09/2020,England,DeathsByDate,22
15/09/2020,Scotland,DeathsByDate,0
15/09/2020,Northern Ireland,DeathsByDate,2
16/09/2020,Northern Ireland,DeathsByDate,3
16/09/2020,Wales,DeathsByDate,3
16/09/2020,Scotland,DeathsByDate,0
16/09/2020,England,DeathsByDate,25
17/09/2020,England,DeathsByDate,34
17/09/2020,Scotland,DeathsByDate,1
17/09/2020,Northern Ireland,DeathsByDate,1
17/09/2020,Wales,DeathsByDate,2
18/09/2020,Wales,DeathsByDate,0
18/09/2020,Scotland,DeathsByDate,3
18/09/2020,England,DeathsByDate,25
18/09/2020,Northern Ireland,DeathsByDate,2
19/09/2020,Northern Ireland,DeathsByDate,3
19/09/2020,Wales,DeathsByDate,0
19/09/2020,England,DeathsByDate,22
19/09/2020,Scotland,DeathsByDate,0
20/09/2020,Scotland,DeathsByDate,4
20/09/2020,England,DeathsByDate,34
20/09/2020,Northern Ireland,DeathsByDate,0
20/09/2020,Wales,DeathsByDate,2
21/09/2020,Wales,DeathsByDate,2
21/09/2020,England,DeathsByDate,26
21/09/2020,Scotland,DeathsByDate,2
21/09/2020,Northern Ireland,DeathsByDate,0
22/09/2020,Northern Ireland,DeathsByDate,0
22/09/2020,Wales,DeathsByDate,4
22/09/2020,Scotland,DeathsByDate,3
22/09/2020,England,DeathsByDate,32
23/09/2020,Scotland,DeathsByDate,2
23/09/2020,England,DeathsByDate,52
23/09/2020,Northern Ireland,DeathsByDate,1
23/09/2020,Wales,DeathsByDate,3
24/09/2020,Scotland,DeathsByDate,1
24/09/2020,Wales,DeathsByDate,0
24/09/2020,England,DeathsByDate,33
24/09/2020,Northern Ireland,DeathsByDate,0
25/09/2020,Northern Ireland,DeathsByDate,2
25/09/2020,Wales,DeathsByDate,2
25/09/2020,Scotland,DeathsByDate,1
25/09/2020,England,DeathsByDate,35
26/09/2020,England,DeathsByDate,43
26/09/2020,Northern Ireland,DeathsByDate,0
26/09/2020,Wales,DeathsByDate,2
26/09/2020,Scotland,DeathsByDate,2
27/09/2020,Wales,DeathsByDate,4
27/09/2020,Scotland,DeathsByDate,3
27/09/2020,England,DeathsByDate,49
27/09/2020,Northern Ireland,DeathsByDate,0
28/09/2020,Northern Ireland,DeathsByDate,1
28/09/2020,Wales,DeathsByDate,4
28/09/2020,Scotland,DeathsByDate,3
28/09/2020,England,DeathsByDate,47
29/09/2020,England,DeathsByDate,42
29/09/2020,Northern Ireland,DeathsByDate,0
29/09/2020,Scotland,DeathsByDate,1
29/09/2020,Wales,DeathsByDate,5
30/09/2020,Wales,DeathsByDate,3
30/09/2020,Scotland,DeathsByDate,4
30/09/2020,England,DeathsByDate,53
30/09/2020,Northern Ireland,DeathsByDate,1
01/10/2020,Northern Ireland,DeathsByDate,2
01/10/2020,Wales,DeathsByDate,7
01/10/2020,Scotland,DeathsByDate,6
01/10/2020,England,DeathsByDate,56
02/10/2020,England,DeathsByDate,69
02/10/2020,Northern Ireland,DeathsByDate,2
02/10/2020,Wales,DeathsByDate,2
02/10/2020,Scotland,DeathsByDate,1
03/10/2020,Scotland,DeathsByDate,3
03/10/2020,Wales,DeathsByDate,9
03/10/2020,England,DeathsByDate,56
03/10/2020,Northern Ireland,DeathsByDate,2
04/10/2020,Northern Ireland,DeathsByDate,0
04/10/2020,Scotland,DeathsByDate,3
04/10/2020,Wales,DeathsByDate,5
04/10/2020,England,DeathsByDate,55
05/10/2020,England,DeathsByDate,54
05/10/2020,Northern Ireland,DeathsByDate,2
05/10/2020,Scotland,DeathsByDate,1
05/10/2020,Wales,DeathsByDate,11
06/10/2020,Wales,DeathsByDate,7
06/10/2020,Scotland,DeathsByDate,7
06/10/2020,England,DeathsByDate,69
06/10/2020,Northern Ireland,DeathsByDate,1
07/10/2020,Northern Ireland,DeathsByDate,2
07/10/2020,Wales,DeathsByDate,10
07/10/2020,Scotland,DeathsByDate,10
07/10/2020,England,DeathsByDate,88
08/10/2020,England,DeathsByDate,80
08/10/2020,Northern Ireland,DeathsByDate,0
08/10/2020,Wales,DeathsByDate,6
08/10/2020,Scotland,DeathsByDate,11
09/10/2020,Wales,DeathsByDate,7
09/10/2020,Scotland,DeathsByDate,7
09/10/2020,England,DeathsByDate,82
09/10/2020,Northern Ireland,DeathsByDate,0
10/10/2020,Northern Ireland,DeathsByDate,2
10/10/2020,Scotland,DeathsByDate,14
10/10/2020,Wales,DeathsByDate,4
10/10/2020,England,DeathsByDate,87
11/10/2020,England,DeathsByDate,106
11/10/2020,Northern Ireland,DeathsByDate,6
11/10/2020,Scotland,DeathsByDate,12
11/10/2020,Wales,DeathsByDate,4
12/10/2020,Wales,DeathsByDate,9
12/10/2020,Scotland,DeathsByDate,11
12/10/2020,England,DeathsByDate,94
12/10/2020,Northern Ireland,DeathsByDate,6
13/10/2020,Northern Ireland,DeathsByDate,5
13/10/2020,Scotland,DeathsByDate,14
13/10/2020,Wales,DeathsByDate,6
13/10/2020,England,DeathsByDate,94
14/10/2020,England,DeathsByDate,104
14/10/2020,Northern Ireland,DeathsByDate,4
14/10/2020,Scotland,DeathsByDate,6
14/10/2020,Wales,DeathsByDate,8
15/10/2020,Scotland,DeathsByDate,16
15/10/2020,Wales,DeathsByDate,10
15/10/2020,England,DeathsByDate,124
15/10/2020,Northern Ireland,DeathsByDate,2
16/10/2020,Northern Ireland,DeathsByDate,2
16/10/2020,Scotland,DeathsByDate,24
16/10/2020,Wales,DeathsByDate,11
16/10/2020,England,DeathsByDate,125
17/10/2020,England,DeathsByDate,168
17/10/2020,Northern Ireland,DeathsByDate,4
17/10/2020,Wales,DeathsByDate,4
17/10/2020,Scotland,DeathsByDate,10
18/10/2020,Scotland,DeathsByDate,21
18/10/2020,Wales,DeathsByDate,13
18/10/2020,England,DeathsByDate,124
18/10/2020,Northern Ireland,DeathsByDate,9
19/10/2020,Northern Ireland,DeathsByDate,8
19/10/2020,Scotland,DeathsByDate,18
19/10/2020,Wales,DeathsByDate,12
19/10/2020,England,DeathsByDate,155
20/10/2020,England,DeathsByDate,177
20/10/2020,Northern Ireland,DeathsByDate,5
20/10/2020,Scotland,DeathsByDate,19
20/10/2020,Wales,DeathsByDate,9
21/10/2020,Wales,DeathsByDate,14
21/10/2020,Scotland,DeathsByDate,15
21/10/2020,England,DeathsByDate,196
21/10/2020,Northern Ireland,DeathsByDate,7
22/10/2020,Northern Ireland,DeathsByDate,7
22/10/2020,Wales,DeathsByDate,29
22/10/2020,Scotland,DeathsByDate,20
22/10/2020,England,DeathsByDate,186
23/10/2020,England,DeathsByDate,183
23/10/2020,Northern Ireland,DeathsByDate,7
23/10/2020,Scotland,DeathsByDate,19
23/10/2020,Wales,DeathsByDate,16
24/10/2020,Wales,DeathsByDate,15
24/10/2020,Scotland,DeathsByDate,21
24/10/2020,England,DeathsByDate,174
24/10/2020,Northern Ireland,DeathsByDate,9
25/10/2020,Northern Ireland,DeathsByDate,8
25/10/2020,Scotland,DeathsByDate,22
25/10/2020,Wales,DeathsByDate,18
25/10/2020,England,DeathsByDate,207
26/10/2020,England,DeathsByDate,218
26/10/2020,Northern Ireland,DeathsByDate,14
26/10/2020,Wales,DeathsByDate,18
26/10/2020,Scotland,DeathsByDate,32
27/10/2020,Wales,DeathsByDate,26
27/10/2020,Scotland,DeathsByDate,21
27/10/2020,England,DeathsByDate,226
27/10/2020,Northern Ireland,DeathsByDate,12
28/10/2020,Northern Ireland,DeathsByDate,8
28/10/2020,Scotland,DeathsByDate,30
28/10/2020,Wales,DeathsByDate,15
28/10/2020,England,DeathsByDate,228
29/10/2020,England,DeathsByDate,253
29/10/2020,Northern Ireland,DeathsByDate,15
29/10/2020,Scotland,DeathsByDate,30
29/10/2020,Wales,DeathsByDate,22
30/10/2020,Scotland,DeathsByDate,36
30/10/2020,Wales,DeathsByDate,18
30/10/2020,England,DeathsByDate,284
30/10/2020,Northern Ireland,DeathsByDate,14
31/10/2020,Northern Ireland,DeathsByDate,10
31/10/2020,Scotland,DeathsByDate,27
31/10/2020,Wales,DeathsByDate,26
31/10/2020,England,DeathsByDate,277
01/11/2020,England,DeathsByDate,283
01/11/2020,Northern Ireland,DeathsByDate,12
01/11/2020,Scotland,DeathsByDate,38
01/11/2020,Wales,DeathsByDate,26
02/11/2020,Wales,DeathsByDate,23
02/11/2020,Scotland,DeathsByDate,29
02/11/2020,England,DeathsByDate,279
02/11/2020,Northern Ireland,DeathsByDate,7
03/11/2020,Northern Ireland,DeathsByDate,15
03/11/2020,Scotland,DeathsByDate,33
03/11/2020,Wales,DeathsByDate,25
03/11/2020,England,DeathsByDate,304
04/11/2020,England,DeathsByDate,283
04/11/2020,Northern Ireland,DeathsByDate,12
04/11/2020,Scotland,DeathsByDate,22
04/11/2020,Wales,DeathsByDate,23
05/11/2020,Scotland,DeathsByDate,45
05/11/2020,Wales,DeathsByDate,34
05/11/2020,England,DeathsByDate,300
05/11/2020,Northern Ireland,DeathsByDate,8
06/11/2020,Northern Ireland,DeathsByDate,21
06/11/2020,Wales,DeathsByDate,27
06/11/2020,Scotland,DeathsByDate,30
06/11/2020,England,DeathsByDate,339
07/11/2020,England,DeathsByDate,348
07/11/2020,Northern Ireland,DeathsByDate,12
07/11/2020,Scotland,DeathsByDate,38
07/11/2020,Wales,DeathsByDate,19
08/11/2020,Wales,DeathsByDate,32
08/11/2020,Scotland,DeathsByDate,40
08/11/2020,England,DeathsByDate,347
08/11/2020,Northern Ireland,DeathsByDate,13
09/11/2020,Northern Ireland,DeathsByDate,9
09/11/2020,Scotland,DeathsByDate,43
09/11/2020,Wales,DeathsByDate,35
09/11/2020,England,DeathsByDate,404
10/11/2020,England,DeathsByDate,329
10/11/2020,Northern Ireland,DeathsByDate,12
10/11/2020,Wales,DeathsByDate,28
10/11/2020,Scotland,DeathsByDate,41
11/11/2020,Wales,DeathsByDate,36
11/11/2020,Scotland,DeathsByDate,39
11/11/2020,England,DeathsByDate,317
11/11/2020,Northern Ireland,DeathsByDate,17
12/11/2020,Northern Ireland,DeathsByDate,9
12/11/2020,Wales,DeathsByDate,31
12/11/2020,Scotland,DeathsByDate,33
12/11/2020,England,DeathsByDate,357
13/11/2020,England,DeathsByDate,352
13/11/2020,Northern Ireland,DeathsByDate,20
13/11/2020,Scotland,DeathsByDate,41
13/11/2020,Wales,DeathsByDate,37
14/11/2020,Scotland,DeathsByDate,46
14/11/2020,Wales,DeathsByDate,30
14/11/2020,England,DeathsByDate,367
14/11/2020,Northern Ireland,DeathsByDate,16
15/11/2020,Northern Ireland,DeathsByDate,17
15/11/2020,Scotland,DeathsByDate,36
15/11/2020,Wales,DeathsByDate,28
15/11/2020,England,DeathsByDate,375
16/11/2020,England,DeathsByDate,362
16/11/2020,Northern Ireland,DeathsByDate,9
16/11/2020,Wales,DeathsByDate,26
16/11/2020,Scotland,DeathsByDate,34
17/11/2020,Wales,DeathsByDate,33
17/11/2020,Scotland,DeathsByDate,38
17/11/2020,England,DeathsByDate,378
17/11/2020,Northern Ireland,DeathsByDate,17
18/11/2020,Northern Ireland,DeathsByDate,14
18/11/2020,Scotland,DeathsByDate,28
18/11/2020,Wales,DeathsByDate,28
18/11/2020,England,DeathsByDate,444
19/11/2020,England,DeathsByDate,407
19/11/2020,Northern Ireland,DeathsByDate,16
19/11/2020,Wales,DeathsByDate,33
19/11/2020,Scotland,DeathsByDate,29
20/11/2020,Wales,DeathsByDate,28
20/11/2020,Scotland,DeathsByDate,33
20/11/2020,England,DeathsByDate,407
20/11/2020,Northern Ireland,DeathsByDate,17
21/11/2020,Northern Ireland,DeathsByDate,9
21/11/2020,Scotland,DeathsByDate,36
21/11/2020,Wales,DeathsByDate,40
21/11/2020,England,DeathsByDate,413
22/11/2020,England,DeathsByDate,420
22/11/2020,Northern Ireland,DeathsByDate,14
22/11/2020,Wales,DeathsByDate,36
22/11/2020,Scotland,DeathsByDate,42
23/11/2020,Wales,DeathsByDate,32
23/11/2020,Scotland,DeathsByDate,37
23/11/2020,England,DeathsByDate,429
23/11/2020,Northern Ireland,DeathsByDate,9
24/11/2020,Northern Ireland,DeathsByDate,10
24/11/2020,Scotland,DeathsByDate,33
24/11/2020,Wales,DeathsByDate,30
24/11/2020,England,DeathsByDate,423
25/11/2020,England,DeathsByDate,436
25/11/2020,Northern Ireland,DeathsByDate,6
25/11/2020,Wales,DeathsByDate,19
25/11/2020,Scotland,DeathsByDate,38
26/11/2020,Scotland,DeathsByDate,29
26/11/2020,Wales,DeathsByDate,38
26/11/2020,England,DeathsByDate,380
26/11/2020,Northern Ireland,DeathsByDate,14
27/11/2020,Northern Ireland,DeathsByDate,15
27/11/2020,Wales,DeathsByDate,27
27/11/2020,Scotland,DeathsByDate,30
27/11/2020,England,DeathsByDate,387
28/11/2020,England,DeathsByDate,389
28/11/2020,Northern Ireland,DeathsByDate,14
28/11/2020,Wales,DeathsByDate,38
28/11/2020,Scotland,DeathsByDate,43
29/11/2020,Scotland,DeathsByDate,31
29/11/2020,Wales,DeathsByDate,35
29/11/2020,England,DeathsByDate,423
29/11/2020,Northern Ireland,DeathsByDate,12
30/11/2020,Northern Ireland,DeathsByDate,15
30/11/2020,England,DeathsByDate,385
30/11/2020,Scotland,DeathsByDate,41
30/11/2020,Wales,DeathsByDate,24
01/12/2020,England,DeathsByDate,359
01/12/2020,Scotland,DeathsByDate,28
01/12/2020,Wales,DeathsByDate,26
01/12/2020,Northern Ireland,DeathsByDate,9
02/12/2020,Northern Ireland,DeathsByDate,12
02/12/2020,England,DeathsByDate,348
02/12/2020,Scotland,DeathsByDate,26
02/12/2020,Wales,DeathsByDate,28
03/12/2020,Scotland,DeathsByDate,40
03/12/2020,Wales,DeathsByDate,42
03/12/2020,England,DeathsByDate,410
03/12/2020,Northern Ireland,DeathsByDate,11
04/12/2020,Northern Ireland,DeathsByDate,11
04/12/2020,England,DeathsByDate,420
04/12/2020,Scotland,DeathsByDate,33
04/12/2020,Wales,DeathsByDate,34
05/12/2020,England,DeathsByDate,345
05/12/2020,Scotland,DeathsByDate,21
05/12/2020,Wales,DeathsByDate,27
05/12/2020,Northern Ireland,DeathsByDate,14
06/12/2020,Northern Ireland,DeathsByDate,15
06/12/2020,Scotland,DeathsByDate,29
06/12/2020,England,DeathsByDate,363
06/12/2020,Wales,DeathsByDate,29
07/12/2020,Wales,DeathsByDate,34
07/12/2020,England,DeathsByDate,379
07/12/2020,Scotland,DeathsByDate,34
07/12/2020,Northern Ireland,DeathsByDate,19
08/12/2020,Northern Ireland,DeathsByDate,10
08/12/2020,Wales,DeathsByDate,31
08/12/2020,England,DeathsByDate,398
08/12/2020,Scotland,DeathsByDate,33
09/12/2020,England,DeathsByDate,381
09/12/2020,Wales,DeathsByDate,29
09/12/2020,Scotland,DeathsByDate,27
09/12/2020,Northern Ireland,DeathsByDate,11
10/12/2020,Northern Ireland,DeathsByDate,16
10/12/2020,Wales,DeathsByDate,41
10/12/2020,Scotland,DeathsByDate,32
10/12/2020,England,DeathsByDate,407
11/12/2020,England,DeathsByDate,424
11/12/2020,Scotland,DeathsByDate,23
11/12/2020,Wales,DeathsByDate,30
11/12/2020,Northern Ireland,DeathsByDate,14
12/12/2020,Northern Ireland,DeathsByDate,8
12/12/2020,Scotland,DeathsByDate,26
12/12/2020,England,DeathsByDate,411
12/12/2020,Wales,DeathsByDate,43
13/12/2020,Wales,DeathsByDate,32
13/12/2020,Scotland,DeathsByDate,26
13/12/2020,England,DeathsByDate,410
13/12/2020,Northern Ireland,DeathsByDate,12
14/12/2020,Northern Ireland,DeathsByDate,11
14/12/2020,England,DeathsByDate,422
14/12/2020,Scotland,DeathsByDate,38
14/12/2020,Wales,DeathsByDate,35
15/12/2020,Scotland,DeathsByDate,38
15/12/2020,England,DeathsByDate,408
15/12/2020,Wales,DeathsByDate,51
15/12/2020,Northern Ireland,DeathsByDate,9
16/12/2020,Northern Ireland,DeathsByDate,14
16/12/2020,Wales,DeathsByDate,50
16/12/2020,England,DeathsByDate,386
16/12/2020,Scotland,DeathsByDate,34
17/12/2020,Wales,DeathsByDate,50
17/12/2020,England,DeathsByDate,463
17/12/2020,Scotland,DeathsByDate,39
17/12/2020,Northern Ireland,DeathsByDate,15
18/12/2020,Northern Ireland,DeathsByDate,17
18/12/2020,England,DeathsByDate,478
18/12/2020,Scotland,DeathsByDate,25
18/12/2020,Wales,DeathsByDate,66
19/12/2020,Scotland,DeathsByDate,31
19/12/2020,Wales,DeathsByDate,44
19/12/2020,England,DeathsByDate,457
19/12/2020,Northern Ireland,DeathsByDate,16
20/12/2020,Northern Ireland,DeathsByDate,20
20/12/2020,Wales,DeathsByDate,43
20/12/2020,Scotland,DeathsByDate,32
20/12/2020,England,DeathsByDate,455
21/12/2020,Scotland,DeathsByDate,30
21/12/2020,Wales,DeathsByDate,43
21/12/2020,England,DeathsByDate,506
21/12/2020,Northern Ireland,DeathsByDate,22
22/12/2020,Northern Ireland,DeathsByDate,13
22/12/2020,England,DeathsByDate,539
22/12/2020,Wales,DeathsByDate,45
22/12/2020,Scotland,DeathsByDate,31
23/12/2020,England,DeathsByDate,519
23/12/2020,Wales,DeathsByDate,51
23/12/2020,Scotland,DeathsByDate,36
23/12/2020,Northern Ireland,DeathsByDate,23
24/12/2020,Northern Ireland,DeathsByDate,17
24/12/2020,England,DeathsByDate,503
24/12/2020,Wales,DeathsByDate,54
24/12/2020,Scotland,DeathsByDate,42
25/12/2020,Scotland,DeathsByDate,42
25/12/2020,England,DeathsByDate,558
25/12/2020,Wales,DeathsByDate,45
25/12/2020,Northern Ireland,DeathsByDate,10
26/12/2020,Northern Ireland,DeathsByDate,14
26/12/2020,England,DeathsByDate,593
26/12/2020,Scotland,DeathsByDate,35
26/12/2020,Wales,DeathsByDate,49
27/12/2020,England,DeathsByDate,612
27/12/2020,Scotland,DeathsByDate,41
27/12/2020,Wales,DeathsByDate,48
27/12/2020,Northern Ireland,DeathsByDate,16
28/12/2020,Northern Ireland,DeathsByDate,14
28/12/2020,Scotland,DeathsByDate,32
28/12/2020,England,DeathsByDate,615
28/12/2020,Wales,DeathsByDate,61
29/12/2020,Wales,DeathsByDate,54
29/12/2020,Scotland,DeathsByDate,32
29/12/2020,England,DeathsByDate,614
29/12/2020,Northern Ireland,DeathsByDate,12
30/12/2020,Northern Ireland,DeathsByDate,14
30/12/2020,England,DeathsByDate,655
30/12/2020,Scotland,DeathsByDate,36
30/12/2020,Wales,DeathsByDate,55
31/12/2020,Scotland,DeathsByDate,42
31/12/2020,England,DeathsByDate,701
31/12/2020,Wales,DeathsByDate,63
31/12/2020,Northern Ireland,DeathsByDate,16
01/01/2021,Northern Ireland,DeathsByDate,17
01/01/2021,Scotland,DeathsByDate,37
01/01/2021,England,DeathsByDate,689
01/01/2021,Wales,DeathsByDate,64
02/01/2021,Scotland,DeathsByDate,49
02/01/2021,Wales,DeathsByDate,40
02/01/2021,England,DeathsByDate,726
02/01/2021,Northern Ireland,DeathsByDate,17
03/01/2021,Northern Ireland,DeathsByDate,15
03/01/2021,Scotland,DeathsByDate,48
03/01/2021,Wales,DeathsByDate,59
03/01/2021,England,DeathsByDate,684
04/01/2021,England,DeathsByDate,790
04/01/2021,Scotland,DeathsByDate,41
04/01/2021,Wales,DeathsByDate,51
04/01/2021,Northern Ireland,DeathsByDate,14
05/01/2021,Northern Ireland,DeathsByDate,16
05/01/2021,Wales,DeathsByDate,57
05/01/2021,England,DeathsByDate,856
05/01/2021,Scotland,DeathsByDate,44
06/01/2021,England,DeathsByDate,882
06/01/2021,Wales,DeathsByDate,64
06/01/2021,Scotland,DeathsByDate,55
06/01/2021,Northern Ireland,DeathsByDate,12
07/01/2021,Northern Ireland,DeathsByDate,28
07/01/2021,England,DeathsByDate,918
07/01/2021,Wales,DeathsByDate,59
07/01/2021,Scotland,DeathsByDate,48
08/01/2021,Wales,DeathsByDate,66
08/01/2021,Scotland,DeathsByDate,50
08/01/2021,England,DeathsByDate,922
08/01/2021,Northern Ireland,DeathsByDate,14
09/01/2021,Northern Ireland,DeathsByDate,22
09/01/2021,England,DeathsByDate,976
09/01/2021,Scotland,DeathsByDate,39
09/01/2021,Wales,DeathsByDate,54
10/01/2021,Wales,DeathsByDate,63
10/01/2021,Scotland,DeathsByDate,64
10/01/2021,England,DeathsByDate,1030
10/01/2021,Northern Ireland,DeathsByDate,15
11/01/2021,Northern Ireland,DeathsByDate,31
11/01/2021,Wales,DeathsByDate,83
11/01/2021,Scotland,DeathsByDate,54
11/01/2021,England,DeathsByDate,1076
12/01/2021,Scotland,DeathsByDate,57
12/01/2021,England,DeathsByDate,1173
12/01/2021,Wales,DeathsByDate,63
12/01/2021,Northern Ireland,DeathsByDate,25
13/01/2021,Northern Ireland,DeathsByDate,24
13/01/2021,England,DeathsByDate,1161
13/01/2021,Wales,DeathsByDate,68
13/01/2021,Scotland,DeathsByDate,53
14/01/2021,Scotland,DeathsByDate,64
14/01/2021,England,DeathsByDate,1167
14/01/2021,Wales,DeathsByDate,76
14/01/2021,Northern Ireland,DeathsByDate,34
15/01/2021,Northern Ireland,DeathsByDate,29
15/01/2021,Scotland,DeathsByDate,64
15/01/2021,England,DeathsByDate,1162
15/01/2021,Wales,DeathsByDate,67
16/01/2021,Scotland,DeathsByDate,77
16/01/2021,England,DeathsByDate,1241
16/01/2021,Wales,DeathsByDate,74
16/01/2021,Northern Ireland,DeathsByDate,23
17/01/2021,Northern Ireland,DeathsByDate,35
17/01/2021,Wales,DeathsByDate,46
17/01/2021,Scotland,DeathsByDate,50
17/01/2021,England,DeathsByDate,1229
18/01/2021,England,DeathsByDate,1242
18/01/2021,Wales,DeathsByDate,61
18/01/2021,Scotland,DeathsByDate,72
18/01/2021,Northern Ireland,DeathsByDate,23
19/01/2021,Northern Ireland,DeathsByDate,28
19/01/2021,Scotland,DeathsByDate,77
19/01/2021,Wales,DeathsByDate,54
19/01/2021,England,DeathsByDate,1328
20/01/2021,England,DeathsByDate,1237
20/01/2021,Scotland,DeathsByDate,68
20/01/2021,Wales,DeathsByDate,54
20/01/2021,Northern Ireland,DeathsByDate,23
21/01/2021,Northern Ireland,DeathsByDate,20
21/01/2021,Scotland,DeathsByDate,67
21/01/2021,Wales,DeathsByDate,56
21/01/2021,England,DeathsByDate,1204
22/01/2021,Scotland,DeathsByDate,77
22/01/2021,England,DeathsByDate,1189
22/01/2021,Wales,DeathsByDate,53
22/01/2021,Northern Ireland,DeathsByDate,15
23/01/2021,Northern Ireland,DeathsByDate,25
23/01/2021,Wales,DeathsByDate,57
23/01/2021,England,DeathsByDate,1148
23/01/2021,Scotland,DeathsByDate,57
24/01/2021,Wales,DeathsByDate,62
24/01/2021,England,DeathsByDate,1086
24/01/2021,Scotland,DeathsByDate,74
24/01/2021,Northern Ireland,DeathsByDate,17
25/01/2021,Northern Ireland,DeathsByDate,19
25/01/2021,England,DeathsByDate,1150
25/01/2021,Wales,DeathsByDate,37
25/01/2021,Scotland,DeathsByDate,56
26/01/2021,Scotland,DeathsByDate,54
26/01/2021,England,DeathsByDate,1046
26/01/2021,Wales,DeathsByDate,56
26/01/2021,Northern Ireland,DeathsByDate,16
27/01/2021,Northern Ireland,DeathsByDate,23
27/01/2021,Scotland,DeathsByDate,64
27/01/2021,England,DeathsByDate,1108
27/01/2021,Wales,DeathsByDate,37
28/01/2021,England,DeathsByDate,1110
28/01/2021,Scotland,DeathsByDate,51
28/01/2021,Wales,DeathsByDate,44
28/01/2021,Northern Ireland,DeathsByDate,19
29/01/2021,Northern Ireland,DeathsByDate,24
29/01/2021,Wales,DeathsByDate,62
29/01/2021,England,DeathsByDate,1008
29/01/2021,Scotland,DeathsByDate,62
30/01/2021,Scotland,DeathsByDate,50
30/01/2021,England,DeathsByDate,924
30/01/2021,Wales,DeathsByDate,38
30/01/2021,Northern Ireland,DeathsByDate,13
31/01/2021,Northern Ireland,DeathsByDate,17
31/01/2021,Wales,DeathsByDate,27
31/01/2021,England,DeathsByDate,899
31/01/2021,Scotland,DeathsByDate,51
01/02/2021,Scotland,DeathsByDate,49
01/02/2021,Wales,DeathsByDate,38
01/02/2021,England,DeathsByDate,893
01/02/2021,Northern Ireland,DeathsByDate,23
02/02/2021,Northern Ireland,DeathsByDate,17
02/02/2021,England,DeathsByDate,854
02/02/2021,Wales,DeathsByDate,40
02/02/2021,Scotland,DeathsByDate,51
03/02/2021,Scotland,DeathsByDate,52
03/02/2021,England,DeathsByDate,872
03/02/2021,Wales,DeathsByDate,44
03/02/2021,Northern Ireland,DeathsByDate,8
04/02/2021,Northern Ireland,DeathsByDate,17
04/02/2021,England,DeathsByDate,735
04/02/2021,Scotland,DeathsByDate,40
04/02/2021,Wales,DeathsByDate,34
05/02/2021,England,DeathsByDate,771
05/02/2021,Wales,DeathsByDate,33
05/02/2021,Scotland,DeathsByDate,50
05/02/2021,Northern Ireland,DeathsByDate,15
06/02/2021,Northern Ireland,DeathsByDate,15
06/02/2021,Wales,DeathsByDate,34
06/02/2021,Scotland,DeathsByDate,52
06/02/2021,England,DeathsByDate,686
07/02/2021,England,DeathsByDate,665
07/02/2021,Wales,DeathsByDate,28
07/02/2021,Scotland,DeathsByDate,48
07/02/2021,Northern Ireland,DeathsByDate,11
08/02/2021,Northern Ireland,DeathsByDate,12
08/02/2021,Wales,DeathsByDate,21
08/02/2021,Scotland,DeathsByDate,44
08/02/2021,England,DeathsByDate,702
09/02/2021,England,DeathsByDate,628
09/02/2021,Wales,DeathsByDate,29
09/02/2021,Scotland,DeathsByDate,58
09/02/2021,Northern Ireland,DeathsByDate,6
10/02/2021,Northern Ireland,DeathsByDate,11
10/02/2021,England,DeathsByDate,629
10/02/2021,Wales,DeathsByDate,29
10/02/2021,Scotland,DeathsByDate,42
11/02/2021,Scotland,DeathsByDate,45
11/02/2021,England,DeathsByDate,590
11/02/2021,Wales,DeathsByDate,27
11/02/2021,Northern Ireland,DeathsByDate,13
12/02/2021,Northern Ireland,DeathsByDate,11
12/02/2021,Wales,DeathsByDate,31
12/02/2021,Scotland,DeathsByDate,47
12/02/2021,England,DeathsByDate,546
13/02/2021,England,DeathsByDate,512
13/02/2021,Wales,DeathsByDate,31
13/02/2021,Scotland,DeathsByDate,35
13/02/2021,Northern Ireland,DeathsByDate,8
14/02/2021,Northern Ireland,DeathsByDate,8
14/02/2021,Scotland,DeathsByDate,42
14/02/2021,England,DeathsByDate,520
14/02/2021,Wales,DeathsByDate,32
15/02/2021,England,DeathsByDate,549
15/02/2021,Wales,DeathsByDate,16
15/02/2021,Scotland,DeathsByDate,41
15/02/2021,Northern Ireland,DeathsByDate,8
16/02/2021,Northern Ireland,DeathsByDate,17
16/02/2021,Wales,DeathsByDate,16
16/02/2021,Scotland,DeathsByDate,34
16/02/2021,England,DeathsByDate,501
17/02/2021,Scotland,DeathsByDate,35
17/02/2021,Wales,DeathsByDate,18
17/02/2021,England,DeathsByDate,438
17/02/2021,Northern Ireland,DeathsByDate,13
18/02/2021,Northern Ireland,DeathsByDate,7
18/02/2021,England,DeathsByDate,454
18/02/2021,Scotland,DeathsByDate,41
18/02/2021,Wales,DeathsByDate,19
19/02/2021,Scotland,DeathsByDate,50
19/02/2021,Wales,DeathsByDate,26
19/02/2021,England,DeathsByDate,390
19/02/2021,Northern Ireland,DeathsByDate,3
20/02/2021,Northern Ireland,DeathsByDate,7
20/02/2021,Wales,DeathsByDate,21
20/02/2021,Scotland,DeathsByDate,36
20/02/2021,England,DeathsByDate,388
21/02/2021,Wales,DeathsByDate,21
21/02/2021,Scotland,DeathsByDate,28
21/02/2021,England,DeathsByDate,355
21/02/2021,Northern Ireland,DeathsByDate,7
22/02/2021,Northern Ireland,DeathsByDate,12
22/02/2021,England,DeathsByDate,325
22/02/2021,Scotland,DeathsByDate,26
22/02/2021,Wales,DeathsByDate,15
23/02/2021,Wales,DeathsByDate,18
23/02/2021,England,DeathsByDate,336
23/02/2021,Scotland,DeathsByDate,22
23/02/2021,Northern Ireland,DeathsByDate,3
24/02/2021,Northern Ireland,DeathsByDate,8
24/02/2021,England,DeathsByDate,317
24/02/2021,Scotland,DeathsByDate,24
24/02/2021,Wales,DeathsByDate,17
25/02/2021,Wales,DeathsByDate,17
25/02/2021,Scotland,DeathsByDate,23
25/02/2021,England,DeathsByDate,308
25/02/2021,Northern Ireland,DeathsByDate,7
26/02/2021,Northern Ireland,DeathsByDate,6
26/02/2021,Scotland,DeathsByDate,19
26/02/2021,England,DeathsByDate,262
26/02/2021,Wales,DeathsByDate,16
27/02/2021,England,DeathsByDate,265
27/02/2021,Scotland,DeathsByDate,27
27/02/2021,Wales,DeathsByDate,13
27/02/2021,Northern Ireland,DeathsByDate,3
28/02/2021,Northern Ireland,DeathsByDate,4
28/02/2021,Wales,DeathsByDate,7
28/02/2021,England,DeathsByDate,257
28/02/2021,Scotland,DeathsByDate,12
01/03/2021,Scotland,DeathsByDate,23
01/03/2021,England,DeathsByDate,254
01/03/2021,Wales,DeathsByDate,14
01/03/2021,Northern Ireland,DeathsByDate,5
02/03/2021,Northern Ireland,DeathsByDate,4
02/03/2021,Scotland,DeathsByDate,18
02/03/2021,England,DeathsByDate,210
02/03/2021,Wales,DeathsByDate,11
03/03/2021,Scotland,DeathsByDate,14
03/03/2021,England,DeathsByDate,188
03/03/2021,Wales,DeathsByDate,11
03/03/2021,Northern Ireland,DeathsByDate,5
04/03/2021,Northern Ireland,DeathsByDate,3
04/03/2021,Wales,DeathsByDate,11
04/03/2021,Scotland,DeathsByDate,16
04/03/2021,England,DeathsByDate,204
05/03/2021,Wales,DeathsByDate,6
05/03/2021,England,DeathsByDate,203
05/03/2021,Scotland,DeathsByDate,12
05/03/2021,Northern Ireland,DeathsByDate,1
06/03/2021,Northern Ireland,DeathsByDate,6
06/03/2021,Scotland,DeathsByDate,12
06/03/2021,England,DeathsByDate,178
06/03/2021,Wales,DeathsByDate,13
07/03/2021,England,DeathsByDate,175
07/03/2021,Wales,DeathsByDate,8
07/03/2021,Scotland,DeathsByDate,11
07/03/2021,Northern Ireland,DeathsByDate,3
08/03/2021,Northern Ireland,DeathsByDate,2
08/03/2021,Wales,DeathsByDate,8
08/03/2021,Scotland,DeathsByDate,22
08/03/2021,England,DeathsByDate,165
09/03/2021,Scotland,DeathsByDate,14
09/03/2021,Wales,DeathsByDate,4
09/03/2021,England,DeathsByDate,160
09/03/2021,Northern Ireland,DeathsByDate,6
10/03/2021,Northern Ireland,DeathsByDate,6
10/03/2021,England,DeathsByDate,136
10/03/2021,Wales,DeathsByDate,14
10/03/2021,Scotland,DeathsByDate,5
11/03/2021,England,DeathsByDate,152
11/03/2021,Scotland,DeathsByDate,11
11/03/2021,Wales,DeathsByDate,4
11/03/2021,Northern Ireland,DeathsByDate,6
12/03/2021,Northern Ireland,DeathsByDate,2
12/03/2021,Wales,DeathsByDate,7
12/03/2021,Scotland,DeathsByDate,9
12/03/2021,England,DeathsByDate,117
13/03/2021,Wales,DeathsByDate,6
13/03/2021,Scotland,DeathsByDate,6
13/03/2021,England,DeathsByDate,123
13/03/2021,Northern Ireland,DeathsByDate,0
14/03/2021,Northern Ireland,DeathsByDate,1
14/03/2021,Scotland,DeathsByDate,15
14/03/2021,Wales,DeathsByDate,7
14/03/2021,England,DeathsByDate,115
15/03/2021,Wales,DeathsByDate,8
15/03/2021,Scotland,DeathsByDate,7
15/03/2021,England,DeathsByDate,122
15/03/2021,Northern Ireland,DeathsByDate,2
16/03/2021,Northern Ireland,DeathsByDate,3
16/03/2021,England,DeathsByDate,94
16/03/2021,Wales,DeathsByDate,4
16/03/2021,Scotland,DeathsByDate,13
17/03/2021,Scotland,DeathsByDate,12
17/03/2021,England,DeathsByDate,104
17/03/2021,Wales,DeathsByDate,9
17/03/2021,Northern Ireland,DeathsByDate,2
18/03/2021,Northern Ireland,DeathsByDate,4
18/03/2021,Scotland,DeathsByDate,6
18/03/2021,England,DeathsByDate,85
18/03/2021,Wales,DeathsByDate,5
19/03/2021,Scotland,DeathsByDate,11
19/03/2021,England,DeathsByDate,82
19/03/2021,Wales,DeathsByDate,8
19/03/2021,Northern Ireland,DeathsByDate,3
20/03/2021,Northern Ireland,DeathsByDate,2
20/03/2021,Scotland,DeathsByDate,8
20/03/2021,England,DeathsByDate,89
20/03/2021,Wales,DeathsByDate,2
21/03/2021,Wales,DeathsByDate,5
21/03/2021,England,DeathsByDate,109
21/03/2021,Scotland,DeathsByDate,10
21/03/2021,Northern Ireland,DeathsByDate,3
22/03/2021,Northern Ireland,DeathsByDate,4
22/03/2021,Wales,DeathsByDate,5
22/03/2021,England,DeathsByDate,89
22/03/2021,Scotland,DeathsByDate,9
23/03/2021,Scotland,DeathsByDate,9
23/03/2021,England,DeathsByDate,83
23/03/2021,Wales,DeathsByDate,2
23/03/2021,Northern Ireland,DeathsByDate,1
24/03/2021,Northern Ireland,DeathsByDate,0
24/03/2021,England,DeathsByDate,58
24/03/2021,Scotland,DeathsByDate,6
24/03/2021,Wales,DeathsByDate,6
25/03/2021,Scotland,DeathsByDate,9
25/03/2021,Wales,DeathsByDate,2
25/03/2021,England,DeathsByDate,68
25/03/2021,Northern Ireland,DeathsByDate,0
26/03/2021,Northern Ireland,DeathsByDate,4
26/03/2021,Wales,DeathsByDate,2
26/03/2021,Scotland,DeathsByDate,8
26/03/2021,England,DeathsByDate,61
27/03/2021,Scotland,DeathsByDate,5
27/03/2021,Wales,DeathsByDate,2
27/03/2021,England,DeathsByDate,55
27/03/2021,Northern Ireland,DeathsByDate,3
28/03/2021,Northern Ireland,DeathsByDate,1
28/03/2021,Wales,DeathsByDate,0
28/03/2021,England,DeathsByDate,43
28/03/2021,Scotland,DeathsByDate,6
29/03/2021,Scotland,DeathsByDate,7
29/03/2021,Wales,DeathsByDate,2
29/03/2021,England,DeathsByDate,58
29/03/2021,Northern Ireland,DeathsByDate,4
30/03/2021,Northern Ireland,DeathsByDate,1
30/03/2021,Scotland,DeathsByDate,5
30/03/2021,England,DeathsByDate,50
30/03/2021,Wales,DeathsByDate,0
31/03/2021,Wales,DeathsByDate,3
31/03/2021,England,DeathsByDate,64
31/03/2021,Scotland,DeathsByDate,6
31/03/2021,Northern Ireland,DeathsByDate,0
01/04/2021,Northern Ireland,DeathsByDate,2
01/04/2021,Scotland,DeathsByDate,6
01/04/2021,England,DeathsByDate,54
01/04/2021,Wales,DeathsByDate,1
02/04/2021,Scotland,DeathsByDate,5
02/04/2021,England,DeathsByDate,38
02/04/2021,Wales,DeathsByDate,5
02/04/2021,Northern Ireland,DeathsByDate,2
03/04/2021,Northern Ireland,DeathsByDate,2
03/04/2021,Scotland,DeathsByDate,4
03/04/2021,England,DeathsByDate,34
03/04/2021,Wales,DeathsByDate,2
04/04/2021,Scotland,DeathsByDate,0
04/04/2021,Wales,DeathsByDate,1
04/04/2021,England,DeathsByDate,51
04/04/2021,Northern Ireland,DeathsByDate,1
05/04/2021,Northern Ireland,DeathsByDate,3
05/04/2021,Scotland,DeathsByDate,5
05/04/2021,England,DeathsByDate,35
05/04/2021,Wales,DeathsByDate,2
06/04/2021,England,DeathsByDate,37
06/04/2021,Scotland,DeathsByDate,3
06/04/2021,Wales,DeathsByDate,3
06/04/2021,Northern Ireland,DeathsByDate,2
07/04/2021,Northern Ireland,DeathsByDate,2
07/04/2021,England,DeathsByDate,38
07/04/2021,Scotland,DeathsByDate,5
07/04/2021,Wales,DeathsByDate,1
08/04/2021,Scotland,DeathsByDate,4
08/04/2021,Wales,DeathsByDate,2
08/04/2021,England,DeathsByDate,52
08/04/2021,Northern Ireland,DeathsByDate,3
09/04/2021,Northern Ireland,DeathsByDate,2
09/04/2021,Wales,DeathsByDate,2
09/04/2021,Scotland,DeathsByDate,2
09/04/2021,England,DeathsByDate,32
10/04/2021,England,DeathsByDate,36
10/04/2021,Scotland,DeathsByDate,5
10/04/2021,Wales,DeathsByDate,1
10/04/2021,Northern Ireland,DeathsByDate,1
11/04/2021,Northern Ireland,DeathsByDate,2
11/04/2021,Wales,DeathsByDate,1
11/04/2021,England,DeathsByDate,34
11/04/2021,Scotland,DeathsByDate,4
12/04/2021,Wales,DeathsByDate,2
12/04/2021,Scotland,DeathsByDate,0
12/04/2021,England,DeathsByDate,36
12/04/2021,Northern Ireland,DeathsByDate,0
13/04/2021,Northern Ireland,DeathsByDate,3
13/04/2021,England,DeathsByDate,37
13/04/2021,Scotland,DeathsByDate,6
13/04/2021,Wales,DeathsByDate,1
14/04/2021,Scotland,DeathsByDate,2
14/04/2021,Wales,DeathsByDate,4
14/04/2021,England,DeathsByDate,26
14/04/2021,Northern Ireland,DeathsByDate,3
15/04/2021,Northern Ireland,DeathsByDate,0
15/04/2021,England,DeathsByDate,37
15/04/2021,Wales,DeathsByDate,2
15/04/2021,Scotland,DeathsByDate,4
16/04/2021,England,DeathsByDate,28
16/04/2021,Scotland,DeathsByDate,1
16/04/2021,Wales,DeathsByDate,2
16/04/2021,Northern Ireland,DeathsByDate,1
17/04/2021,Northern Ireland,DeathsByDate,1
17/04/2021,Scotland,DeathsByDate,4
17/04/2021,England,DeathsByDate,36
17/04/2021,Wales,DeathsByDate,1
18/04/2021,England,DeathsByDate,27
18/04/2021,Scotland,DeathsByDate,1
18/04/2021,Wales,DeathsByDate,3
18/04/2021,Northern Ireland,DeathsByDate,0
19/04/2021,Northern Ireland,DeathsByDate,1
19/04/2021,Wales,DeathsByDate,1
19/04/2021,England,DeathsByDate,17
19/04/2021,Scotland,DeathsByDate,3
20/04/2021,England,DeathsByDate,30
20/04/2021,Scotland,DeathsByDate,3
20/04/2021,Wales,DeathsByDate,2
20/04/2021,Northern Ireland,DeathsByDate,0
21/04/2021,Northern Ireland,DeathsByDate,3
21/04/2021,England,DeathsByDate,26
21/04/2021,Scotland,DeathsByDate,7
21/04/2021,Wales,DeathsByDate,0
22/04/2021,Wales,DeathsByDate,0
22/04/2021,Scotland,DeathsByDate,2
22/04/2021,England,DeathsByDate,28
22/04/2021,Northern Ireland,DeathsByDate,3
23/04/2021,Northern Ireland,DeathsByDate,0
23/04/2021,Wales,DeathsByDate,3
23/04/2021,Scotland,DeathsByDate,3
23/04/2021,England,DeathsByDate,23
24/04/2021,Scotland,DeathsByDate,2
24/04/2021,England,DeathsByDate,19
24/04/2021,Wales,DeathsByDate,2
24/04/2021,Northern Ireland,DeathsByDate,1
25/04/2021,Northern Ireland,DeathsByDate,1
25/04/2021,Scotland,DeathsByDate,3
25/04/2021,England,DeathsByDate,22
25/04/2021,Wales,DeathsByDate,1
26/04/2021,Wales,DeathsByDate,0
26/04/2021,England,DeathsByDate,19
26/04/2021,Scotland,DeathsByDate,2
26/04/2021,Northern Ireland,DeathsByDate,0
27/04/2021,Northern Ireland,DeathsByDate,1
27/04/2021,Wales,DeathsByDate,0
27/04/2021,Scotland,DeathsByDate,1
27/04/2021,England,DeathsByDate,23
28/04/2021,Scotland,DeathsByDate,2
28/04/2021,Wales,DeathsByDate,0
28/04/2021,England,DeathsByDate,19
28/04/2021,Northern Ireland,DeathsByDate,0
29/04/2021,Northern Ireland,DeathsByDate,0
29/04/2021,Scotland,DeathsByDate,2
29/04/2021,England,DeathsByDate,15
29/04/2021,Wales,DeathsByDate,0
30/04/2021,Scotland,DeathsByDate,0
30/04/2021,England,DeathsByDate,16
30/04/2021,Wales,DeathsByDate,0
30/04/2021,Northern Ireland,DeathsByDate,0
01/05/2021,Northern Ireland,DeathsByDate,1
01/05/2021,Scotland,DeathsByDate,1
01/05/2021,Wales,DeathsByDate,0
01/05/2021,England,DeathsByDate,14
02/05/2021,Scotland,DeathsByDate,2
02/05/2021,Wales,DeathsByDate,1
02/05/2021,England,DeathsByDate,16
02/05/2021,Northern Ireland,DeathsByDate,0
03/05/2021,Northern Ireland,DeathsByDate,0
03/05/2021,England,DeathsByDate,17
03/05/2021,Scotland,DeathsByDate,0
03/05/2021,Wales,DeathsByDate,0
04/05/2021,England,DeathsByDate,14
04/05/2021,Wales,DeathsByDate,0
04/05/2021,Scotland,DeathsByDate,1
04/05/2021,Northern Ireland,DeathsByDate,0
05/05/2021,Northern Ireland,DeathsByDate,0
05/05/2021,England,DeathsByDate,20
05/05/2021,Wales,DeathsByDate,1
05/05/2021,Scotland,DeathsByDate,1
06/05/2021,Scotland,DeathsByDate,1
06/05/2021,England,DeathsByDate,14
06/05/2021,Wales,DeathsByDate,1
06/05/2021,Northern Ireland,DeathsByDate,1
07/05/2021,Northern Ireland,DeathsByDate,0
07/05/2021,England,DeathsByDate,16
07/05/2021,Wales,DeathsByDate,2
07/05/2021,Scotland,DeathsByDate,0
08/05/2021,Scotland,DeathsByDate,0
08/05/2021,Wales,DeathsByDate,2
08/05/2021,England,DeathsByDate,17
08/05/2021,Northern Ireland,DeathsByDate,1
09/05/2021,Northern Ireland,DeathsByDate,0
09/05/2021,England,DeathsByDate,11
09/05/2021,Scotland,DeathsByDate,0
09/05/2021,Wales,DeathsByDate,0
10/05/2021,Wales,DeathsByDate,0
10/05/2021,England,DeathsByDate,7
10/05/2021,Scotland,DeathsByDate,1
10/05/2021,Northern Ireland,DeathsByDate,0
11/05/2021,Northern Ireland,DeathsByDate,2
11/05/2021,Scotland,DeathsByDate,0
11/05/2021,England,DeathsByDate,19
11/05/2021,Wales,DeathsByDate,0
12/05/2021,England,DeathsByDate,13
12/05/2021,Scotland,DeathsByDate,2
12/05/2021,Wales,DeathsByDate,0
12/05/2021,Northern Ireland,DeathsByDate,0
13/05/2021,Northern Ireland,DeathsByDate,2
13/05/2021,Scotland,DeathsByDate,2
13/05/2021,England,DeathsByDate,10
13/05/2021,Wales,DeathsByDate,1
14/05/2021,Wales,DeathsByDate,2
14/05/2021,Scotland,DeathsByDate,2
14/05/2021,England,DeathsByDate,9
14/05/2021,Northern Ireland,DeathsByDate,1
15/05/2021,Northern Ireland,DeathsByDate,0
15/05/2021,Scotland,DeathsByDate,0
15/05/2021,England,DeathsByDate,13
15/05/2021,Wales,DeathsByDate,2
16/05/2021,Wales,DeathsByDate,1
16/05/2021,Scotland,DeathsByDate,1
16/05/2021,England,DeathsByDate,10
16/05/2021,Northern Ireland,DeathsByDate,2
17/05/2021,Northern Ireland,DeathsByDate,0
17/05/2021,England,DeathsByDate,11
17/05/2021,Scotland,DeathsByDate,2
17/05/2021,Wales,DeathsByDate,0
18/05/2021,Wales,DeathsByDate,1
18/05/2021,England,DeathsByDate,9
18/05/2021,Scotland,DeathsByDate,0
18/05/2021,Northern Ireland,DeathsByDate,1
19/05/2021,Northern Ireland,DeathsByDate,0
19/05/2021,Scotland,DeathsByDate,0
19/05/2021,Wales,DeathsByDate,1
19/05/2021,England,DeathsByDate,3
20/05/2021,Wales,DeathsByDate,0
20/05/2021,Scotland,DeathsByDate,1
20/05/2021,England,DeathsByDate,6
20/05/2021,Northern Ireland,DeathsByDate,0
21/05/2021,Northern Ireland,DeathsByDate,1
21/05/2021,Scotland,DeathsByDate,0
21/05/2021,England,DeathsByDate,16
21/05/2021,Wales,DeathsByDate,1
22/05/2021,Wales,DeathsByDate,0
22/05/2021,England,DeathsByDate,3
22/05/2021,Scotland,DeathsByDate,1
22/05/2021,Northern Ireland,DeathsByDate,0
23/05/2021,Northern Ireland,DeathsByDate,1
23/05/2021,Wales,DeathsByDate,0
23/05/2021,England,DeathsByDate,14
23/05/2021,Scotland,DeathsByDate,1
24/05/2021,Wales,DeathsByDate,1
24/05/2021,Scotland,DeathsByDate,1
24/05/2021,England,DeathsByDate,13
24/05/2021,Northern Ireland,DeathsByDate,1
25/05/2021,Northern Ireland,DeathsByDate,0
25/05/2021,England,DeathsByDate,8
25/05/2021,Scotland,DeathsByDate,2
25/05/2021,Wales,DeathsByDate,1
26/05/2021,England,DeathsByDate,12
26/05/2021,Wales,DeathsByDate,1
26/05/2021,Scotland,DeathsByDate,1
26/05/2021,Northern Ireland,DeathsByDate,0
27/05/2021,Northern Ireland,DeathsByDate,0
27/05/2021,Scotland,DeathsByDate,0
27/05/2021,England,DeathsByDate,8
27/05/2021,Wales,DeathsByDate,0
28/05/2021,Scotland,DeathsByDate,1
28/05/2021,Wales,DeathsByDate,0
28/05/2021,England,DeathsByDate,12
28/05/2021,Northern Ireland,DeathsByDate,1
29/05/2021,Northern Ireland,DeathsByDate,0
29/05/2021,Scotland,DeathsByDate,3
29/05/2021,Wales,DeathsByDate,0
29/05/2021,England,DeathsByDate,9
30/05/2021,Wales,DeathsByDate,0
30/05/2021,England,DeathsByDate,8
30/05/2021,Scotland,DeathsByDate,1
30/05/2021,Northern Ireland,DeathsByDate,0
31/05/2021,Northern Ireland,DeathsByDate,1
31/05/2021,Wales,DeathsByDate,0
31/05/2021,England,DeathsByDate,10
31/05/2021,Scotland,DeathsByDate,0
01/06/2021,Wales,DeathsByDate,0
01/06/2021,England,DeathsByDate,9
01/06/2021,Scotland,DeathsByDate,1
01/06/2021,Northern Ireland,DeathsByDate,0
02/06/2021,Northern Ireland,DeathsByDate,1
02/06/2021,Wales,DeathsByDate,0
02/06/2021,Scotland,DeathsByDate,1
02/06/2021,England,DeathsByDate,10
03/06/2021,Scotland,DeathsByDate,2
03/06/2021,Wales,DeathsByDate,0
03/06/2021,England,DeathsByDate,14
03/06/2021,Northern Ireland,DeathsByDate,0
04/06/2021,Northern Ireland,DeathsByDate,0
04/06/2021,Scotland,DeathsByDate,1
04/06/2021,England,DeathsByDate,13
04/06/2021,Wales,DeathsByDate,0
05/06/2021,Scotland,DeathsByDate,1
05/06/2021,Wales,DeathsByDate,1
05/06/2021,England,DeathsByDate,5
05/06/2021,Northern Ireland,DeathsByDate,0
06/06/2021,Northern Ireland,DeathsByDate,0
06/06/2021,Wales,DeathsByDate,0
06/06/2021,England,DeathsByDate,12
06/06/2021,Scotland,DeathsByDate,1
07/06/2021,England,DeathsByDate,5
07/06/2021,Scotland,DeathsByDate,1
07/06/2021,Wales,DeathsByDate,0
07/06/2021,Northern Ireland,DeathsByDate,0
08/06/2021,Northern Ireland,DeathsByDate,1
08/06/2021,Scotland,DeathsByDate,1
08/06/2021,Wales,DeathsByDate,0
08/06/2021,England,DeathsByDate,13
09/06/2021,Wales,DeathsByDate,0
09/06/2021,England,DeathsByDate,14
09/06/2021,Scotland,DeathsByDate,3
09/06/2021,Northern Ireland,DeathsByDate,0
10/06/2021,Northern Ireland,DeathsByDate,0
10/06/2021,Scotland,DeathsByDate,0
10/06/2021,England,DeathsByDate,16
10/06/2021,Wales,DeathsByDate,0
11/06/2021,England,DeathsByDate,11
11/06/2021,Wales,DeathsByDate,0
11/06/2021,Scotland,DeathsByDate,1
11/06/2021,Northern Ireland,DeathsByDate,1
12/06/2021,Northern Ireland,DeathsByDate,1
12/06/2021,Scotland,DeathsByDate,0
12/06/2021,England,DeathsByDate,11
12/06/2021,Wales,DeathsByDate,0
13/06/2021,England,DeathsByDate,9
13/06/2021,Wales,DeathsByDate,0
13/06/2021,Scotland,DeathsByDate,3
13/06/2021,Northern Ireland,DeathsByDate,0
14/06/2021,Northern Ireland,DeathsByDate,0
14/06/2021,Scotland,DeathsByDate,1
14/06/2021,Wales,DeathsByDate,0
14/06/2021,England,DeathsByDate,12
15/06/2021,Wales,DeathsByDate,0
15/06/2021,England,DeathsByDate,15
15/06/2021,Scotland,DeathsByDate,6
15/06/2021,Northern Ireland,DeathsByDate,0
16/06/2021,Northern Ireland,DeathsByDate,0
16/06/2021,England,DeathsByDate,15
16/06/2021,Wales,DeathsByDate,0
16/06/2021,Scotland,DeathsByDate,1
17/06/2021,Wales,DeathsByDate,0
17/06/2021,Scotland,DeathsByDate,2
17/06/2021,England,DeathsByDate,7
17/06/2021,Northern Ireland,DeathsByDate,0
18/06/2021,Northern Ireland,DeathsByDate,0
18/06/2021,England,DeathsByDate,14
18/06/2021,Scotland,DeathsByDate,3
18/06/2021,Wales,DeathsByDate,0
19/06/2021,England,DeathsByDate,17
19/06/2021,Wales,DeathsByDate,1
19/06/2021,Scotland,DeathsByDate,2
19/06/2021,Northern Ireland,DeathsByDate,0
20/06/2021,Northern Ireland,DeathsByDate,0
20/06/2021,Scotland,DeathsByDate,2
20/06/2021,England,DeathsByDate,20
20/06/2021,Wales,DeathsByDate,0
21/06/2021,Wales,DeathsByDate,0
21/06/2021,Scotland,DeathsByDate,1
21/06/2021,England,DeathsByDate,12
21/06/2021,Northern Ireland,DeathsByDate,0
22/06/2021,Northern Ireland,DeathsByDate,0
22/06/2021,Wales,DeathsByDate,0
22/06/2021,England,DeathsByDate,13
22/06/2021,Scotland,DeathsByDate,5
23/06/2021,Scotland,DeathsByDate,1
23/06/2021,Wales,DeathsByDate,1
23/06/2021,England,DeathsByDate,6
23/06/2021,Northern Ireland,DeathsByDate,1
24/06/2021,Northern Ireland,DeathsByDate,1
24/06/2021,Scotland,DeathsByDate,3
24/06/2021,Wales,DeathsByDate,2
24/06/2021,England,DeathsByDate,23
25/06/2021,Scotland,DeathsByDate,1
25/06/2021,Wales,DeathsByDate,0
25/06/2021,England,DeathsByDate,21
25/06/2021,Northern Ireland,DeathsByDate,0
26/06/2021,Northern Ireland,DeathsByDate,0
26/06/2021,Scotland,DeathsByDate,7
26/06/2021,Wales,DeathsByDate,0
26/06/2021,England,DeathsByDate,10
27/06/2021,Wales,DeathsByDate,0
27/06/2021,Scotland,DeathsByDate,4
27/06/2021,England,DeathsByDate,20
27/06/2021,Northern Ireland,DeathsByDate,0
28/06/2021,Northern Ireland,DeathsByDate,0
28/06/2021,Wales,DeathsByDate,0
28/06/2021,England,DeathsByDate,13
28/06/2021,Scotland,DeathsByDate,5
29/06/2021,Wales,DeathsByDate,0
29/06/2021,Scotland,DeathsByDate,3
29/06/2021,England,DeathsByDate,21
29/06/2021,Northern Ireland,DeathsByDate,0
30/06/2021,Northern Ireland,DeathsByDate,0
30/06/2021,England,DeathsByDate,23
30/06/2021,Scotland,DeathsByDate,3
30/06/2021,Wales,DeathsByDate,0
01/07/2021,England,DeathsByDate,25
01/07/2021,Wales,DeathsByDate,0
01/07/2021,Scotland,DeathsByDate,2
01/07/2021,Northern Ireland,DeathsByDate,1
02/07/2021,Northern Ireland,DeathsByDate,1
02/07/2021,Wales,DeathsByDate,1
02/07/2021,England,DeathsByDate,26
02/07/2021,Scotland,DeathsByDate,3
03/07/2021,Scotland,DeathsByDate,2
03/07/2021,England,DeathsByDate,27
03/07/2021,Wales,DeathsByDate,0
03/07/2021,Northern Ireland,DeathsByDate,2
04/07/2021,Northern Ireland,DeathsByDate,1
04/07/2021,England,DeathsByDate,24
04/07/2021,Wales,DeathsByDate,0
04/07/2021,Scotland,DeathsByDate,5
05/07/2021,England,DeathsByDate,21
05/07/2021,Wales,DeathsByDate,0
05/07/2021,Scotland,DeathsByDate,6
05/07/2021,Northern Ireland,DeathsByDate,0
06/07/2021,Northern Ireland,DeathsByDate,0
06/07/2021,Scotland,DeathsByDate,13
06/07/2021,England,DeathsByDate,22
06/07/2021,Wales,DeathsByDate,0
07/07/2021,Wales,DeathsByDate,1
07/07/2021,Scotland,DeathsByDate,6
07/07/2021,England,DeathsByDate,28
07/07/2021,Northern Ireland,DeathsByDate,0
08/07/2021,Northern Ireland,DeathsByDate,1
08/07/2021,England,DeathsByDate,30
08/07/2021,Wales,DeathsByDate,0
08/07/2021,Scotland,DeathsByDate,11
09/07/2021,England,DeathsByDate,43
09/07/2021,Scotland,DeathsByDate,8
09/07/2021,Wales,DeathsByDate,1
09/07/2021,Northern Ireland,DeathsByDate,1
10/07/2021,Northern Ireland,DeathsByDate,1
10/07/2021,England,DeathsByDate,34
10/07/2021,Wales,DeathsByDate,1
10/07/2021,Scotland,DeathsByDate,9
11/07/2021,Wales,DeathsByDate,1
11/07/2021,Scotland,DeathsByDate,5
11/07/2021,England,DeathsByDate,28
11/07/2021,Northern Ireland,DeathsByDate,1
12/07/2021,Northern Ireland,DeathsByDate,0
12/07/2021,Wales,DeathsByDate,1
12/07/2021,Scotland,DeathsByDate,7
12/07/2021,England,DeathsByDate,34
13/07/2021,Scotland,DeathsByDate,8
13/07/2021,Wales,DeathsByDate,2
13/07/2021,England,DeathsByDate,40
13/07/2021,Northern Ireland,DeathsByDate,0
14/07/2021,Northern Ireland,DeathsByDate,0
14/07/2021,Wales,DeathsByDate,2
14/07/2021,England,DeathsByDate,38
14/07/2021,Scotland,DeathsByDate,7
15/07/2021,Scotland,DeathsByDate,8
15/07/2021,England,DeathsByDate,45
15/07/2021,Wales,DeathsByDate,1
15/07/2021,Northern Ireland,DeathsByDate,0
16/07/2021,Northern Ireland,DeathsByDate,3
16/07/2021,Scotland,DeathsByDate,5
16/07/2021,Wales,DeathsByDate,3
16/07/2021,England,DeathsByDate,44
17/07/2021,England,DeathsByDate,49
17/07/2021,Scotland,DeathsByDate,6
17/07/2021,Wales,DeathsByDate,3
17/07/2021,Northern Ireland,DeathsByDate,1
18/07/2021,Northern Ireland,DeathsByDate,1
18/07/2021,England,DeathsByDate,60
18/07/2021,Scotland,DeathsByDate,9
18/07/2021,Wales,DeathsByDate,2
19/07/2021,Wales,DeathsByDate,1
19/07/2021,Scotland,DeathsByDate,9
19/07/2021,England,DeathsByDate,76
19/07/2021,Northern Ireland,DeathsByDate,1
20/07/2021,Northern Ireland,DeathsByDate,3
20/07/2021,England,DeathsByDate,54
20/07/2021,Scotland,DeathsByDate,6
20/07/2021,Wales,DeathsByDate,5
21/07/2021,Wales,DeathsByDate,1
21/07/2021,England,DeathsByDate,48
21/07/2021,Scotland,DeathsByDate,9
21/07/2021,Northern Ireland,DeathsByDate,2
22/07/2021,Northern Ireland,DeathsByDate,3
22/07/2021,Scotland,DeathsByDate,8
22/07/2021,Wales,DeathsByDate,1
22/07/2021,England,DeathsByDate,74
23/07/2021,England,DeathsByDate,68
23/07/2021,Scotland,DeathsByDate,8
23/07/2021,Wales,DeathsByDate,4
23/07/2021,Northern Ireland,DeathsByDate,3
24/07/2021,Northern Ireland,DeathsByDate,2
24/07/2021,Wales,DeathsByDate,4
24/07/2021,England,DeathsByDate,60
24/07/2021,Scotland,DeathsByDate,2
25/07/2021,England,DeathsByDate,62
25/07/2021,Wales,DeathsByDate,4
25/07/2021,Scotland,DeathsByDate,5
25/07/2021,Northern Ireland,DeathsByDate,2
26/07/2021,Northern Ireland,DeathsByDate,0
26/07/2021,Wales,DeathsByDate,3
26/07/2021,Scotland,DeathsByDate,6
26/07/2021,England,DeathsByDate,70
27/07/2021,Scotland,DeathsByDate,9
27/07/2021,Wales,DeathsByDate,3
27/07/2021,England,DeathsByDate,61
27/07/2021,Northern Ireland,DeathsByDate,3
28/07/2021,Northern Ireland,DeathsByDate,3
28/07/2021,England,DeathsByDate,70
28/07/2021,Scotland,DeathsByDate,7
28/07/2021,Wales,DeathsByDate,4
29/07/2021,Scotland,DeathsByDate,6
29/07/2021,England,DeathsByDate,73
29/07/2021,Wales,DeathsByDate,2
29/07/2021,Northern Ireland,DeathsByDate,7
30/07/2021,Northern Ireland,DeathsByDate,7
30/07/2021,Wales,DeathsByDate,1
30/07/2021,England,DeathsByDate,90
30/07/2021,Scotland,DeathsByDate,7
31/07/2021,Scotland,DeathsByDate,7
31/07/2021,England,DeathsByDate,73
31/07/2021,Wales,DeathsByDate,3
31/07/2021,Northern Ireland,DeathsByDate,8
01/08/2021,Northern Ireland,DeathsByDate,7
01/08/2021,Scotland,DeathsByDate,12
01/08/2021,England,DeathsByDate,74
01/08/2021,Wales,DeathsByDate,4
02/08/2021,Wales,DeathsByDate,4
02/08/2021,England,DeathsByDate,76
02/08/2021,Scotland,DeathsByDate,7
02/08/2021,Northern Ireland,DeathsByDate,5
03/08/2021,Northern Ireland,DeathsByDate,2
03/08/2021,England,DeathsByDate,70
03/08/2021,Wales,DeathsByDate,5
03/08/2021,Scotland,DeathsByDate,3
04/08/2021,Scotland,DeathsByDate,7
04/08/2021,Wales,DeathsByDate,1
04/08/2021,England,DeathsByDate,79
04/08/2021,Northern Ireland,DeathsByDate,5
05/08/2021,Northern Ireland,DeathsByDate,4
05/08/2021,Wales,DeathsByDate,1
05/08/2021,England,DeathsByDate,89
05/08/2021,Scotland,DeathsByDate,7
06/08/2021,Scotland,DeathsByDate,7
06/08/2021,Wales,DeathsByDate,2
06/08/2021,England,DeathsByDate,85
06/08/2021,Northern Ireland,DeathsByDate,4
07/08/2021,Northern Ireland,DeathsByDate,6
07/08/2021,England,DeathsByDate,90
07/08/2021,Wales,DeathsByDate,1
07/08/2021,Scotland,DeathsByDate,9
08/08/2021,Wales,DeathsByDate,0
08/08/2021,Scotland,DeathsByDate,7
08/08/2021,England,DeathsByDate,67
08/08/2021,Northern Ireland,DeathsByDate,9
09/08/2021,Northern Ireland,DeathsByDate,3
09/08/2021,England,DeathsByDate,74
09/08/2021,Wales,DeathsByDate,1
09/08/2021,Scotland,DeathsByDate,6
10/08/2021,England,DeathsByDate,73
10/08/2021,Scotland,DeathsByDate,5
10/08/2021,Wales,DeathsByDate,4
10/08/2021,Northern Ireland,DeathsByDate,3
11/08/2021,Northern Ireland,DeathsByDate,5
11/08/2021,Wales,DeathsByDate,0
11/08/2021,Scotland,DeathsByDate,5
11/08/2021,England,DeathsByDate,78
12/08/2021,Scotland,DeathsByDate,3
12/08/2021,Wales,DeathsByDate,5
12/08/2021,England,DeathsByDate,91
12/08/2021,Northern Ireland,DeathsByDate,7
13/08/2021,Northern Ireland,DeathsByDate,6
13/08/2021,Wales,DeathsByDate,1
13/08/2021,England,DeathsByDate,81
13/08/2021,Scotland,DeathsByDate,10
14/08/2021,Wales,DeathsByDate,5
14/08/2021,England,DeathsByDate,86
14/08/2021,Scotland,DeathsByDate,8
14/08/2021,Northern Ireland,DeathsByDate,4
15/08/2021,Northern Ireland,DeathsByDate,4
15/08/2021,Wales,DeathsByDate,5
15/08/2021,Scotland,DeathsByDate,7
15/08/2021,England,DeathsByDate,75
16/08/2021,Scotland,DeathsByDate,4
16/08/2021,England,DeathsByDate,78
16/08/2021,Wales,DeathsByDate,1
16/08/2021,Northern Ireland,DeathsByDate,6
17/08/2021,Northern Ireland,DeathsByDate,8
17/08/2021,England,DeathsByDate,89
17/08/2021,Wales,DeathsByDate,1
17/08/2021,Scotland,DeathsByDate,4
18/08/2021,Wales,DeathsByDate,2
18/08/2021,England,DeathsByDate,89
18/08/2021,Scotland,DeathsByDate,7
18/08/2021,Northern Ireland,DeathsByDate,13
19/08/2021,Northern Ireland,DeathsByDate,6
19/08/2021,Scotland,DeathsByDate,7
19/08/2021,Wales,DeathsByDate,3
19/08/2021,England,DeathsByDate,99
20/08/2021,England,DeathsByDate,108
20/08/2021,Scotland,DeathsByDate,8
20/08/2021,Wales,DeathsByDate,4
20/08/2021,Northern Ireland,DeathsByDate,7
21/08/2021,Northern Ireland,DeathsByDate,13
21/08/2021,Wales,DeathsByDate,1
21/08/2021,Scotland,DeathsByDate,5
21/08/2021,England,DeathsByDate,97
22/08/2021,Scotland,DeathsByDate,6
22/08/2021,England,DeathsByDate,110
22/08/2021,Wales,DeathsByDate,2
22/08/2021,Northern Ireland,DeathsByDate,10
23/08/2021,Northern Ireland,DeathsByDate,11
23/08/2021,Wales,DeathsByDate,3
23/08/2021,England,DeathsByDate,97
23/08/2021,Scotland,DeathsByDate,9
24/08/2021,Scotland,DeathsByDate,4
24/08/2021,England,DeathsByDate,104
24/08/2021,Northern Ireland,DeathsByDate,6
24/08/2021,Wales,DeathsByDate,4
25/08/2021,Northern Ireland,DeathsByDate,9
25/08/2021,Wales,DeathsByDate,4
25/08/2021,England,DeathsByDate,86
25/08/2021,Scotland,DeathsByDate,7
26/08/2021,England,DeathsByDate,108
26/08/2021,Scotland,DeathsByDate,7
26/08/2021,Northern Ireland,DeathsByDate,8
26/08/2021,Wales,DeathsByDate,2
27/08/2021,Northern Ireland,DeathsByDate,7
27/08/2021,Wales,DeathsByDate,7
27/08/2021,England,DeathsByDate,114
27/08/2021,Scotland,DeathsByDate,11
28/08/2021,England,DeathsByDate,105
28/08/2021,Scotland,DeathsByDate,9
28/08/2021,Wales,DeathsByDate,6
28/08/2021,Northern Ireland,DeathsByDate,14
29/08/2021,Wales,DeathsByDate,8
29/08/2021,Northern Ireland,DeathsByDate,9
29/08/2021,Scotland,DeathsByDate,8
29/08/2021,England,DeathsByDate,114
30/08/2021,England,DeathsByDate,93
30/08/2021,Scotland,DeathsByDate,5
30/08/2021,Wales,DeathsByDate,5
30/08/2021,Northern Ireland,DeathsByDate,5
31/08/2021,Northern Ireland,DeathsByDate,9
31/08/2021,Wales,DeathsByDate,7
31/08/2021,Scotland,DeathsByDate,10
31/08/2021,England,DeathsByDate,102
01/09/2021,England,DeathsByDate,102
01/09/2021,Scotland,DeathsByDate,9
01/09/2021,Wales,DeathsByDate,3
01/09/2021,Northern Ireland,DeathsByDate,11
02/09/2021,Northern Ireland,DeathsByDate,9
02/09/2021,Wales,DeathsByDate,12
02/09/2021,England,DeathsByDate,105
02/09/2021,Scotland,DeathsByDate,10
03/09/2021,Scotland,DeathsByDate,11
03/09/2021,England,DeathsByDate,124
03/09/2021,Northern Ireland,DeathsByDate,8
03/09/2021,Wales,DeathsByDate,8
04/09/2021,Northern Ireland,DeathsByDate,7
04/09/2021,Wales,DeathsByDate,9
04/09/2021,England,DeathsByDate,119
04/09/2021,Scotland,DeathsByDate,10
05/09/2021,Scotland,DeathsByDate,17
05/09/2021,England,DeathsByDate,122
05/09/2021,Wales,DeathsByDate,10
05/09/2021,Northern Ireland,DeathsByDate,14
06/09/2021,Wales,DeathsByDate,8
06/09/2021,Northern Ireland,DeathsByDate,6
06/09/2021,England,DeathsByDate,129
06/09/2021,Scotland,DeathsByDate,14
07/09/2021,Scotland,DeathsByDate,19
07/09/2021,England,DeathsByDate,129
07/09/2021,Northern Ireland,DeathsByDate,8
07/09/2021,Wales,DeathsByDate,9
08/09/2021,Wales,DeathsByDate,7
08/09/2021,Northern Ireland,DeathsByDate,9
08/09/2021,England,DeathsByDate,116
08/09/2021,Scotland,DeathsByDate,11
09/09/2021,Scotland,DeathsByDate,19
09/09/2021,England,DeathsByDate,137
09/09/2021,Northern Ireland,DeathsByDate,10
09/09/2021,Wales,DeathsByDate,14
10/09/2021,Wales,DeathsByDate,11
10/09/2021,Northern Ireland,DeathsByDate,4
10/09/2021,Scotland,DeathsByDate,24
10/09/2021,England,DeathsByDate,111
11/09/2021,Scotland,DeathsByDate,20
11/09/2021,England,DeathsByDate,109
11/09/2021,Northern Ireland,DeathsByDate,9
11/09/2021,Wales,DeathsByDate,7
12/09/2021,Wales,DeathsByDate,8
12/09/2021,Northern Ireland,DeathsByDate,11
12/09/2021,England,DeathsByDate,102
12/09/2021,Scotland,DeathsByDate,20
13/09/2021,England,DeathsByDate,78
13/09/2021,Scotland,DeathsByDate,21
13/09/2021,Northern Ireland,DeathsByDate,12
13/09/2021,Wales,DeathsByDate,7
14/09/2021,Wales,DeathsByDate,10
14/09/2021,Northern Ireland,DeathsByDate,10
14/09/2021,Scotland,DeathsByDate,24
14/09/2021,England,DeathsByDate,126
15/09/2021,England,DeathsByDate,122
15/09/2021,Scotland,DeathsByDate,19
15/09/2021,Northern Ireland,DeathsByDate,6
15/09/2021,Wales,DeathsByDate,21
16/09/2021,Wales,DeathsByDate,15
16/09/2021,Northern Ireland,DeathsByDate,10
16/09/2021,England,DeathsByDate,118
16/09/2021,Scotland,DeathsByDate,19
17/09/2021,Scotland,DeathsByDate,23
17/09/2021,England,DeathsByDate,130
17/09/2021,Northern Ireland,DeathsByDate,12
17/09/2021,Wales,DeathsByDate,19
18/09/2021,Wales,DeathsByDate,8
18/09/2021,Northern Ireland,DeathsByDate,4
18/09/2021,Scotland,DeathsByDate,23
18/09/2021,England,DeathsByDate,102
19/09/2021,England,DeathsByDate,102
19/09/2021,Scotland,DeathsByDate,30
19/09/2021,Wales,DeathsByDate,3
19/09/2021,Northern Ireland,DeathsByDate,2
20/09/2021,Wales,DeathsByDate,12
20/09/2021,Northern Ireland,DeathsByDate,7
20/09/2021,Scotland,DeathsByDate,24
20/09/2021,England,DeathsByDate,116
21/09/2021,England,DeathsByDate,99
21/09/2021,Scotland,DeathsByDate,24
21/09/2021,Northern Ireland,DeathsByDate,5
21/09/2021,Wales,DeathsByDate,11
22/09/2021,Northern Ireland,DeathsByDate,9
22/09/2021,Wales,DeathsByDate,5
22/09/2021,England,DeathsByDate,114
22/09/2021,Scotland,DeathsByDate,30
23/09/2021,England,DeathsByDate,109
23/09/2021,Scotland,DeathsByDate,20
23/09/2021,Northern Ireland,DeathsByDate,9
23/09/2021,Wales,DeathsByDate,11
24/09/2021,Northern Ireland,DeathsByDate,7
24/09/2021,Wales,DeathsByDate,10
24/09/2021,England,DeathsByDate,100
24/09/2021,Scotland,DeathsByDate,22
25/09/2021,Scotland,DeathsByDate,22
25/09/2021,England,DeathsByDate,89
25/09/2021,Northern Ireland,DeathsByDate,8
25/09/2021,Wales,DeathsByDate,8
26/09/2021,Wales,DeathsByDate,12
26/09/2021,Northern Ireland,DeathsByDate,5
26/09/2021,Scotland,DeathsByDate,18
26/09/2021,England,DeathsByDate,76
27/09/2021,England,DeathsByDate,84
27/09/2021,Scotland,DeathsByDate,25
27/09/2021,Wales,DeathsByDate,13
27/09/2021,Northern Ireland,DeathsByDate,5
28/09/2021,Wales,DeathsByDate,10
28/09/2021,Northern Ireland,DeathsByDate,3
28/09/2021,Scotland,DeathsByDate,20
28/09/2021,England,DeathsByDate,88
29/09/2021,England,DeathsByDate,93
29/09/2021,Scotland,DeathsByDate,24
29/09/2021,Northern Ireland,DeathsByDate,4
29/09/2021,Wales,DeathsByDate,20
30/09/2021,Wales,DeathsByDate,13
30/09/2021,Northern Ireland,DeathsByDate,5
30/09/2021,England,DeathsByDate,95
30/09/2021,Scotland,DeathsByDate,16
01/10/2021,England,DeathsByDate,102
01/10/2021,Scotland,DeathsByDate,19
01/10/2021,Northern Ireland,DeathsByDate,5
01/10/2021,Wales,DeathsByDate,13
02/10/2021,Northern Ireland,DeathsByDate,8
02/10/2021,Wales,DeathsByDate,12
02/10/2021,Scotland,DeathsByDate,24
02/10/2021,England,DeathsByDate,73
03/10/2021,Scotland,DeathsByDate,18
03/10/2021,England,DeathsByDate,78
03/10/2021,Northern Ireland,DeathsByDate,4
03/10/2021,Wales,DeathsByDate,6
04/10/2021,Northern Ireland,DeathsByDate,5
04/10/2021,Wales,DeathsByDate,8
04/10/2021,England,DeathsByDate,84
04/10/2021,Scotland,DeathsByDate,16
05/10/2021,Scotland,DeathsByDate,28
05/10/2021,England,DeathsByDate,96
05/10/2021,Northern Ireland,DeathsByDate,3
05/10/2021,Wales,DeathsByDate,8
06/10/2021,Wales,DeathsByDate,16
06/10/2021,England,DeathsByDate,79
06/10/2021,Northern Ireland,DeathsByDate,6
06/10/2021,Scotland,DeathsByDate,13
07/10/2021,Scotland,DeathsByDate,20
07/10/2021,England,DeathsByDate,95
07/10/2021,Northern Ireland,DeathsByDate,5
07/10/2021,Wales,DeathsByDate,13
08/10/2021,Wales,DeathsByDate,9
08/10/2021,Northern Ireland,DeathsByDate,5
08/10/2021,England,DeathsByDate,95
08/10/2021,Scotland,DeathsByDate,13
09/10/2021,Scotland,DeathsByDate,15
09/10/2021,England,DeathsByDate,94
09/10/2021,Northern Ireland,DeathsByDate,6
09/10/2021,Wales,DeathsByDate,6
10/10/2021,Wales,DeathsByDate,12
10/10/2021,Northern Ireland,DeathsByDate,3
10/10/2021,England,DeathsByDate,82
10/10/2021,Scotland,DeathsByDate,17
11/10/2021,Scotland,DeathsByDate,27
11/10/2021,England,DeathsByDate,97
11/10/2021,Northern Ireland,DeathsByDate,6
11/10/2021,Wales,DeathsByDate,8
12/10/2021,Wales,DeathsByDate,15
12/10/2021,England,DeathsByDate,96
12/10/2021,Scotland,DeathsByDate,20
12/10/2021,Northern Ireland,DeathsByDate,5
13/10/2021,Northern Ireland,DeathsByDate,8
13/10/2021,England,DeathsByDate,99
13/10/2021,Scotland,DeathsByDate,17
13/10/2021,Wales,DeathsByDate,13
14/10/2021,Wales,DeathsByDate,17
14/10/2021,England,DeathsByDate,114
14/10/2021,Northern Ireland,DeathsByDate,9
14/10/2021,Scotland,DeathsByDate,21
15/10/2021,England,DeathsByDate,108
15/10/2021,Scotland,DeathsByDate,14
15/10/2021,Northern Ireland,DeathsByDate,7
15/10/2021,Wales,DeathsByDate,11
16/10/2021,Wales,DeathsByDate,13
16/10/2021,England,DeathsByDate,105
16/10/2021,Scotland,DeathsByDate,21
16/10/2021,Northern Ireland,DeathsByDate,11
17/10/2021,Northern Ireland,DeathsByDate,6
17/10/2021,England,DeathsByDate,109
17/10/2021,Scotland,DeathsByDate,16
17/10/2021,Wales,DeathsByDate,10
18/10/2021,Wales,DeathsByDate,14
18/10/2021,England,DeathsByDate,97
18/10/2021,Northern Ireland,DeathsByDate,12
18/10/2021,Scotland,DeathsByDate,16
19/10/2021,Scotland,DeathsByDate,14
19/10/2021,England,DeathsByDate,109
19/10/2021,Northern Ireland,DeathsByDate,7
19/10/2021,Wales,DeathsByDate,12
20/10/2021,Wales,DeathsByDate,16
20/10/2021,England,DeathsByDate,116
20/10/2021,Northern Ireland,DeathsByDate,3
20/10/2021,Scotland,DeathsByDate,19
21/10/2021,Scotland,DeathsByDate,23
21/10/2021,England,DeathsByDate,115
21/10/2021,Northern Ireland,DeathsByDate,6
21/10/2021,Wales,DeathsByDate,20
22/10/2021,Wales,DeathsByDate,4
22/10/2021,Scotland,DeathsByDate,18
22/10/2021,England,DeathsByDate,115
22/10/2021,Northern Ireland,DeathsByDate,13
23/10/2021,England,DeathsByDate,131
23/10/2021,Northern Ireland,DeathsByDate,7
23/10/2021,Scotland,DeathsByDate,25
23/10/2021,Wales,DeathsByDate,9
24/10/2021,Wales,DeathsByDate,15
24/10/2021,England,DeathsByDate,120
24/10/2021,Scotland,DeathsByDate,26
24/10/2021,Northern Ireland,DeathsByDate,6
25/10/2021,England,DeathsByDate,123
25/10/2021,Northern Ireland,DeathsByDate,6
25/10/2021,Scotland,DeathsByDate,14
25/10/2021,Wales,DeathsByDate,6
26/10/2021,Wales,DeathsByDate,15
26/10/2021,England,DeathsByDate,132
26/10/2021,Scotland,DeathsByDate,23
26/10/2021,Northern Ireland,DeathsByDate,8
27/10/2021,England,DeathsByDate,140
27/10/2021,Scotland,DeathsByDate,14
27/10/2021,Northern Ireland,DeathsByDate,10
27/10/2021,Wales,DeathsByDate,13
28/10/2021,Wales,DeathsByDate,14
28/10/2021,Scotland,DeathsByDate,23
28/10/2021,England,DeathsByDate,157
28/10/2021,Northern Ireland,DeathsByDate,5
29/10/2021,Scotland,DeathsByDate,24
29/10/2021,England,DeathsByDate,132
29/10/2021,Northern Ireland,DeathsByDate,14
29/10/2021,Wales,DeathsByDate,15
30/10/2021,Wales,DeathsByDate,16
30/10/2021,Scotland,DeathsByDate,18
30/10/2021,Northern Ireland,DeathsByDate,7
30/10/2021,England,DeathsByDate,124
31/10/2021,England,DeathsByDate,151
31/10/2021,Northern Ireland,DeathsByDate,10
31/10/2021,Scotland,DeathsByDate,15
31/10/2021,Wales,DeathsByDate,19
01/11/2021,Wales,DeathsByDate,10
01/11/2021,Scotland,DeathsByDate,29
01/11/2021,England,DeathsByDate,146
01/11/2021,Northern Ireland,DeathsByDate,5
02/11/2021,England,DeathsByDate,132
02/11/2021,Northern Ireland,DeathsByDate,7
02/11/2021,Scotland,DeathsByDate,16
02/11/2021,Wales,DeathsByDate,10
03/11/2021,Wales,DeathsByDate,14
03/11/2021,Northern Ireland,DeathsByDate,13
03/11/2021,England,DeathsByDate,135
03/11/2021,Scotland,DeathsByDate,22
04/11/2021,England,DeathsByDate,131
04/11/2021,Northern Ireland,DeathsByDate,7
04/11/2021,Scotland,DeathsByDate,23
04/11/2021,Wales,DeathsByDate,8
05/11/2021,Wales,DeathsByDate,9
05/11/2021,Scotland,DeathsByDate,17
05/11/2021,England,DeathsByDate,131
05/11/2021,Northern Ireland,DeathsByDate,9
06/11/2021,Scotland,DeathsByDate,19
06/11/2021,Northern Ireland,DeathsByDate,9
06/11/2021,England,DeathsByDate,135
06/11/2021,Wales,DeathsByDate,7
07/11/2021,Wales,DeathsByDate,12
07/11/2021,Northern Ireland,DeathsByDate,9
07/11/2021,Scotland,DeathsByDate,16
07/11/2021,England,DeathsByDate,123
08/11/2021,England,DeathsByDate,128
08/11/2021,Scotland,DeathsByDate,15
08/11/2021,Northern Ireland,DeathsByDate,8
08/11/2021,Wales,DeathsByDate,10
09/11/2021,Wales,DeathsByDate,11
09/11/2021,Northern Ireland,DeathsByDate,8
09/11/2021,Scotland,DeathsByDate,7
09/11/2021,England,DeathsByDate,131
10/11/2021,Northern Ireland,DeathsByDate,10
10/11/2021,Scotland,DeathsByDate,14
10/11/2021,England,DeathsByDate,129
10/11/2021,Wales,DeathsByDate,15
11/11/2021,Wales,DeathsByDate,13
11/11/2021,Scotland,DeathsByDate,12
11/11/2021,England,DeathsByDate,128
11/11/2021,Northern Ireland,DeathsByDate,5
12/11/2021,England,DeathsByDate,107
12/11/2021,Northern Ireland,DeathsByDate,5
12/11/2021,Scotland,DeathsByDate,17
12/11/2021,Wales,DeathsByDate,16
13/11/2021,Wales,DeathsByDate,16
13/11/2021,England,DeathsByDate,117
13/11/2021,Scotland,DeathsByDate,12
13/11/2021,Northern Ireland,DeathsByDate,7
14/11/2021,England,DeathsByDate,108
14/11/2021,Northern Ireland,DeathsByDate,2
14/11/2021,Scotland,DeathsByDate,15
14/11/2021,Wales,DeathsByDate,9
15/11/2021,Scotland,DeathsByDate,18
15/11/2021,Wales,DeathsByDate,10
15/11/2021,England,DeathsByDate,136
15/11/2021,Northern Ireland,DeathsByDate,7
16/11/2021,England,DeathsByDate,134
16/11/2021,Northern Ireland,DeathsByDate,13
16/11/2021,Scotland,DeathsByDate,11
16/11/2021,Wales,DeathsByDate,8
17/11/2021,Scotland,DeathsByDate,14
17/11/2021,Wales,DeathsByDate,12
17/11/2021,Northern Ireland,DeathsByDate,6
17/11/2021,England,DeathsByDate,95
18/11/2021,Northern Ireland,DeathsByDate,9
18/11/2021,England,DeathsByDate,106
18/11/2021,Wales,DeathsByDate,4
18/11/2021,Scotland,DeathsByDate,12
19/11/2021,Scotland,DeathsByDate,11
19/11/2021,Wales,DeathsByDate,16
19/11/2021,Northern Ireland,DeathsByDate,8
19/11/2021,England,DeathsByDate,107
20/11/2021,England,DeathsByDate,105
20/11/2021,Northern Ireland,DeathsByDate,12
20/11/2021,Wales,DeathsByDate,14
20/11/2021,Scotland,DeathsByDate,12
21/11/2021,Wales,DeathsByDate,8
21/11/2021,Scotland,DeathsByDate,11
21/11/2021,Northern Ireland,DeathsByDate,4
21/11/2021,England,DeathsByDate,98
22/11/2021,Northern Ireland,DeathsByDate,3
22/11/2021,England,DeathsByDate,100
22/11/2021,Scotland,DeathsByDate,17
22/11/2021,Wales,DeathsByDate,11
23/11/2021,Scotland,DeathsByDate,14
23/11/2021,Wales,DeathsByDate,9
23/11/2021,England,DeathsByDate,119
23/11/2021,Northern Ireland,DeathsByDate,7
24/11/2021,England,DeathsByDate,105
24/11/2021,Northern Ireland,DeathsByDate,5
24/11/2021,Wales,DeathsByDate,7
24/11/2021,Scotland,DeathsByDate,6
25/11/2021,Wales,DeathsByDate,9
25/11/2021,Scotland,DeathsByDate,11
25/11/2021,England,DeathsByDate,112
25/11/2021,Northern Ireland,DeathsByDate,9
26/11/2021,England,DeathsByDate,102
26/11/2021,Northern Ireland,DeathsByDate,7
26/11/2021,Wales,DeathsByDate,9
26/11/2021,Scotland,DeathsByDate,14
27/11/2021,Scotland,DeathsByDate,18
27/11/2021,Wales,DeathsByDate,6
27/11/2021,England,DeathsByDate,97
27/11/2021,Northern Ireland,DeathsByDate,3
28/11/2021,England,DeathsByDate,104
28/11/2021,Northern Ireland,DeathsByDate,8
28/11/2021,Scotland,DeathsByDate,18
28/11/2021,Wales,DeathsByDate,13
29/11/2021,Wales,DeathsByDate,5
29/11/2021,Scotland,DeathsByDate,17
29/11/2021,England,DeathsByDate,117
29/11/2021,Northern Ireland,DeathsByDate,5
30/11/2021,Northern Ireland,DeathsByDate,5
30/11/2021,England,DeathsByDate,109
30/11/2021,Scotland,DeathsByDate,5
30/11/2021,Wales,DeathsByDate,3
01/12/2021,Wales,DeathsByDate,13
01/12/2021,Scotland,DeathsByDate,14
01/12/2021,Northern Ireland,DeathsByDate,4
01/12/2021,England,DeathsByDate,107
02/12/2021,Northern Ireland,DeathsByDate,3
02/12/2021,England,DeathsByDate,94
02/12/2021,Scotland,DeathsByDate,15
02/12/2021,Wales,DeathsByDate,11
03/12/2021,Scotland,DeathsByDate,10
03/12/2021,Wales,DeathsByDate,5
03/12/2021,England,DeathsByDate,123
03/12/2021,Northern Ireland,DeathsByDate,9
04/12/2021,Northern Ireland,DeathsByDate,8
04/12/2021,England,DeathsByDate,129
04/12/2021,Wales,DeathsByDate,11
04/12/2021,Scotland,DeathsByDate,14
05/12/2021,Scotland,DeathsByDate,10
05/12/2021,Wales,DeathsByDate,9
05/12/2021,Northern Ireland,DeathsByDate,3
05/12/2021,England,DeathsByDate,95
06/12/2021,England,DeathsByDate,111
06/12/2021,Northern Ireland,DeathsByDate,3
06/12/2021,Scotland,DeathsByDate,17
06/12/2021,Wales,DeathsByDate,12
07/12/2021,Wales,DeathsByDate,6
07/12/2021,Scotland,DeathsByDate,21
07/12/2021,England,DeathsByDate,99
07/12/2021,Northern Ireland,DeathsByDate,5
08/12/2021,Northern Ireland,DeathsByDate,5
08/12/2021,England,DeathsByDate,111
08/12/2021,Wales,DeathsByDate,7
08/12/2021,Scotland,DeathsByDate,10
09/12/2021,Scotland,DeathsByDate,11
09/12/2021,Wales,DeathsByDate,11
09/12/2021,England,DeathsByDate,107
09/12/2021,Northern Ireland,DeathsByDate,3
10/12/2021,Northern Ireland,DeathsByDate,7
10/12/2021,England,DeathsByDate,98
10/12/2021,Wales,DeathsByDate,8
10/12/2021,Scotland,DeathsByDate,9
11/12/2021,Scotland,DeathsByDate,9
11/12/2021,Wales,DeathsByDate,8
11/12/2021,England,DeathsByDate,86
11/12/2021,Northern Ireland,DeathsByDate,6
12/12/2021,Northern Ireland,DeathsByDate,3
12/12/2021,England,DeathsByDate,121
12/12/2021,Wales,DeathsByDate,4
12/12/2021,Scotland,DeathsByDate,9
13/12/2021,Scotland,DeathsByDate,7
13/12/2021,Wales,DeathsByDate,6
13/12/2021,England,DeathsByDate,95
13/12/2021,Northern Ireland,DeathsByDate,4
14/12/2021,Northern Ireland,DeathsByDate,10
14/12/2021,England,DeathsByDate,124
14/12/2021,Scotland,DeathsByDate,10
14/12/2021,Wales,DeathsByDate,6
15/12/2021,Scotland,DeathsByDate,6
15/12/2021,Wales,DeathsByDate,8
15/12/2021,England,DeathsByDate,99
15/12/2021,Northern Ireland,DeathsByDate,6
16/12/2021,England,DeathsByDate,98
16/12/2021,Northern Ireland,DeathsByDate,5
16/12/2021,Wales,DeathsByDate,5
16/12/2021,Scotland,DeathsByDate,10
17/12/2021,Scotland,DeathsByDate,4
17/12/2021,Wales,DeathsByDate,7
17/12/2021,England,DeathsByDate,114
17/12/2021,Northern Ireland,DeathsByDate,6
18/12/2021,England,DeathsByDate,92
18/12/2021,Northern Ireland,DeathsByDate,3
18/12/2021,Wales,DeathsByDate,7
18/12/2021,Scotland,DeathsByDate,5
19/12/2021,Wales,DeathsByDate,4
19/12/2021,Scotland,DeathsByDate,6
19/12/2021,Northern Ireland,DeathsByDate,3
19/12/2021,England,DeathsByDate,102
20/12/2021,Northern Ireland,DeathsByDate,4
20/12/2021,England,DeathsByDate,111
20/12/2021,Wales,DeathsByDate,6
20/12/2021,Scotland,DeathsByDate,13
21/12/2021,Scotland,DeathsByDate,15
21/12/2021,Wales,DeathsByDate,2
21/12/2021,England,DeathsByDate,92
21/12/2021,Northern Ireland,DeathsByDate,2
22/12/2021,England,DeathsByDate,123
22/12/2021,Northern Ireland,DeathsByDate,2
22/12/2021,Wales,DeathsByDate,3
22/12/2021,Scotland,DeathsByDate,8
23/12/2021,Wales,DeathsByDate,2
23/12/2021,Scotland,DeathsByDate,6
23/12/2021,England,DeathsByDate,124
23/12/2021,Northern Ireland,DeathsByDate,3
24/12/2021,Northern Ireland,DeathsByDate,0
24/12/2021,England,DeathsByDate,104
24/12/2021,Wales,DeathsByDate,7
24/12/2021,Scotland,DeathsByDate,6
25/12/2021,Scotland,DeathsByDate,8
25/12/2021,Wales,DeathsByDate,2
25/12/2021,England,DeathsByDate,97
25/12/2021,Northern Ireland,DeathsByDate,4
26/12/2021,Northern Ireland,DeathsByDate,6
26/12/2021,England,DeathsByDate,101
26/12/2021,Wales,DeathsByDate,5
26/12/2021,Scotland,DeathsByDate,4
27/12/2021,Scotland,DeathsByDate,8
27/12/2021,Wales,DeathsByDate,7
27/12/2021,England,DeathsByDate,115
27/12/2021,Northern Ireland,DeathsByDate,3
28/12/2021,England,DeathsByDate,136
28/12/2021,Northern Ireland,DeathsByDate,4
28/12/2021,Wales,DeathsByDate,3
28/12/2021,Scotland,DeathsByDate,19
29/12/2021,Wales,DeathsByDate,10
29/12/2021,Scotland,DeathsByDate,11
29/12/2021,England,DeathsByDate,107
29/12/2021,Northern Ireland,DeathsByDate,4
30/12/2021,Northern Ireland,DeathsByDate,0
30/12/2021,England,DeathsByDate,156
30/12/2021,Wales,DeathsByDate,10
30/12/2021,Scotland,DeathsByDate,10
31/12/2021,Scotland,DeathsByDate,10
31/12/2021,Wales,DeathsByDate,10
31/12/2021,Northern Ireland,DeathsByDate,2
31/12/2021,England,DeathsByDate,133
01/01/2022,England,DeathsByDate,152
01/01/2022,Northern Ireland,DeathsByDate,4
01/01/2022,Wales,DeathsByDate,10
01/01/2022,Scotland,DeathsByDate,10
02/01/2022,Scotland,DeathsByDate,10
02/01/2022,Wales,DeathsByDate,11
02/01/2022,England,DeathsByDate,143
02/01/2022,Northern Ireland,DeathsByDate,6
03/01/2022,Northern Ireland,DeathsByDate,7
03/01/2022,England,DeathsByDate,153
03/01/2022,Wales,DeathsByDate,10
03/01/2022,Scotland,DeathsByDate,8
04/01/2022,Wales,DeathsByDate,18
04/01/2022,Scotland,DeathsByDate,24
04/01/2022,Northern Ireland,DeathsByDate,4
04/01/2022,England,DeathsByDate,158
05/01/2022,Northern Ireland,DeathsByDate,4
05/01/2022,England,DeathsByDate,160
05/01/2022,Wales,DeathsByDate,5
05/01/2022,Scotland,DeathsByDate,12
06/01/2022,Scotland,DeathsByDate,20
06/01/2022,Wales,DeathsByDate,13
06/01/2022,Northern Ireland,DeathsByDate,4
06/01/2022,England,DeathsByDate,184
07/01/2022,Northern Ireland,DeathsByDate,3
07/01/2022,England,DeathsByDate,206
07/01/2022,Wales,DeathsByDate,7
07/01/2022,Scotland,DeathsByDate,12
08/01/2022,Scotland,DeathsByDate,14
08/01/2022,Wales,DeathsByDate,8
08/01/2022,England,DeathsByDate,188
08/01/2022,Northern Ireland,DeathsByDate,5
09/01/2022,Northern Ireland,DeathsByDate,10
09/01/2022,England,DeathsByDate,200
09/01/2022,Wales,DeathsByDate,12
09/01/2022,Scotland,DeathsByDate,18
10/01/2022,Scotland,DeathsByDate,25
10/01/2022,Wales,DeathsByDate,14
10/01/2022,England,DeathsByDate,201
10/01/2022,Northern Ireland,DeathsByDate,3
11/01/2022,Northern Ireland,DeathsByDate,1
11/01/2022,England,DeathsByDate,202
11/01/2022,Scotland,DeathsByDate,17
11/01/2022,Wales,DeathsByDate,12
12/01/2022,Wales,DeathsByDate,13
12/01/2022,Scotland,DeathsByDate,16
12/01/2022,Northern Ireland,DeathsByDate,11
12/01/2022,England,DeathsByDate,199
13/01/2022,Northern Ireland,DeathsByDate,10
13/01/2022,England,DeathsByDate,191
13/01/2022,Wales,DeathsByDate,13
13/01/2022,Scotland,DeathsByDate,29
14/01/2022,Wales,DeathsByDate,9
14/01/2022,Scotland,DeathsByDate,20
14/01/2022,England,DeathsByDate,203
14/01/2022,Northern Ireland,DeathsByDate,3
15/01/2022,England,DeathsByDate,211
15/01/2022,Northern Ireland,DeathsByDate,4
15/01/2022,Wales,DeathsByDate,20
15/01/2022,Scotland,DeathsByDate,24
16/01/2022,Scotland,DeathsByDate,19
16/01/2022,Wales,DeathsByDate,20
16/01/2022,England,DeathsByDate,211
16/01/2022,Northern Ireland,DeathsByDate,6
17/01/2022,England,DeathsByDate,197
17/01/2022,Northern Ireland,DeathsByDate,5
17/01/2022,Scotland,DeathsByDate,17
17/01/2022,Wales,DeathsByDate,13
18/01/2022,Scotland,DeathsByDate,14
18/01/2022,Wales,DeathsByDate,11
18/01/2022,Northern Ireland,DeathsByDate,6
18/01/2022,England,DeathsByDate,202
19/01/2022,Northern Ireland,DeathsByDate,7
19/01/2022,England,DeathsByDate,180
19/01/2022,Scotland,DeathsByDate,21
19/01/2022,Wales,DeathsByDate,13
20/01/2022,Wales,DeathsByDate,6
20/01/2022,Scotland,DeathsByDate,21
20/01/2022,Northern Ireland,DeathsByDate,7
20/01/2022,England,DeathsByDate,167
21/01/2022,Northern Ireland,DeathsByDate,5
21/01/2022,England,DeathsByDate,213
21/01/2022,Scotland,DeathsByDate,19
21/01/2022,Wales,DeathsByDate,11
22/01/2022,England,DeathsByDate,195
22/01/2022,Scotland,DeathsByDate,17
22/01/2022,Wales,DeathsByDate,6
22/01/2022,Northern Ireland,DeathsByDate,6
23/01/2022,Northern Ireland,DeathsByDate,7
23/01/2022,Scotland,DeathsByDate,22
23/01/2022,Wales,DeathsByDate,8
23/01/2022,England,DeathsByDate,181
24/01/2022,Scotland,DeathsByDate,14
24/01/2022,England,DeathsByDate,204
24/01/2022,Wales,DeathsByDate,6
24/01/2022,Northern Ireland,DeathsByDate,5
25/01/2022,Northern Ireland,DeathsByDate,6
25/01/2022,Scotland,DeathsByDate,19
25/01/2022,England,DeathsByDate,156
25/01/2022,Wales,DeathsByDate,12
26/01/2022,Scotland,DeathsByDate,12
26/01/2022,Wales,DeathsByDate,8
26/01/2022,England,DeathsByDate,175
26/01/2022,Northern Ireland,DeathsByDate,1
27/01/2022,Northern Ireland,DeathsByDate,12
27/01/2022,Scotland,DeathsByDate,19
27/01/2022,England,DeathsByDate,179
27/01/2022,Wales,DeathsByDate,10
28/01/2022,England,DeathsByDate,163
28/01/2022,Scotland,DeathsByDate,21
28/01/2022,Wales,DeathsByDate,14
28/01/2022,Northern Ireland,DeathsByDate,4
29/01/2022,Northern Ireland,DeathsByDate,5
29/01/2022,Scotland,DeathsByDate,13
29/01/2022,Wales,DeathsByDate,3
29/01/2022,England,DeathsByDate,160
30/01/2022,England,DeathsByDate,169
30/01/2022,Scotland,DeathsByDate,13
30/01/2022,Wales,DeathsByDate,6
30/01/2022,Northern Ireland,DeathsByDate,2
31/01/2022,Northern Ireland,DeathsByDate,2
31/01/2022,Wales,DeathsByDate,13
31/01/2022,Scotland,DeathsByDate,14
31/01/2022,England,DeathsByDate,178
01/02/2022,Wales,DeathsByDate,11
01/02/2022,England,DeathsByDate,170
01/02/2022,Scotland,DeathsByDate,18
01/02/2022,Northern Ireland,DeathsByDate,8
02/02/2022,Northern Ireland,DeathsByDate,4
02/02/2022,Wales,DeathsByDate,9
02/02/2022,England,DeathsByDate,164
02/02/2022,Scotland,DeathsByDate,11
03/02/2022,Wales,DeathsByDate,7
03/02/2022,Scotland,DeathsByDate,15
03/02/2022,England,DeathsByDate,163
03/02/2022,Northern Ireland,DeathsByDate,6
04/02/2022,Northern Ireland,DeathsByDate,3
04/02/2022,Scotland,DeathsByDate,7
04/02/2022,England,DeathsByDate,144
04/02/2022,Wales,DeathsByDate,6
05/02/2022,England,DeathsByDate,152
05/02/2022,Wales,DeathsByDate,6
05/02/2022,Scotland,DeathsByDate,12
05/02/2022,Northern Ireland,DeathsByDate,2
06/02/2022,Northern Ireland,DeathsByDate,6
06/02/2022,Scotland,DeathsByDate,13
06/02/2022,England,DeathsByDate,132
06/02/2022,Wales,DeathsByDate,7
07/02/2022,England,DeathsByDate,124
07/02/2022,Wales,DeathsByDate,3
07/02/2022,Scotland,DeathsByDate,8
07/02/2022,Northern Ireland,DeathsByDate,5
08/02/2022,Northern Ireland,DeathsByDate,6
08/02/2022,Scotland,DeathsByDate,12
08/02/2022,Wales,DeathsByDate,5
08/02/2022,England,DeathsByDate,135
09/02/2022,Wales,DeathsByDate,9
09/02/2022,England,DeathsByDate,118
09/02/2022,Scotland,DeathsByDate,10
09/02/2022,Northern Ireland,DeathsByDate,7
10/02/2022,Northern Ireland,DeathsByDate,4
10/02/2022,Wales,DeathsByDate,2
10/02/2022,Scotland,DeathsByDate,12
10/02/2022,England,DeathsByDate,106
11/02/2022,Wales,DeathsByDate,9
11/02/2022,England,DeathsByDate,121
11/02/2022,Scotland,DeathsByDate,5
11/02/2022,Northern Ireland,DeathsByDate,6
12/02/2022,Northern Ireland,DeathsByDate,4
12/02/2022,Scotland,DeathsByDate,10
12/02/2022,Wales,DeathsByDate,3
12/02/2022,England,DeathsByDate,127
13/02/2022,Scotland,DeathsByDate,9
13/02/2022,England,DeathsByDate,110
13/02/2022,Wales,DeathsByDate,6
13/02/2022,Northern Ireland,DeathsByDate,2
14/02/2022,Northern Ireland,DeathsByDate,3
14/02/2022,Wales,DeathsByDate,9
14/02/2022,England,DeathsByDate,131
14/02/2022,Scotland,DeathsByDate,15
15/02/2022,England,DeathsByDate,103
15/02/2022,Scotland,DeathsByDate,13
15/02/2022,Wales,DeathsByDate,14
15/02/2022,Northern Ireland,DeathsByDate,3
16/02/2022,Northern Ireland,DeathsByDate,6
16/02/2022,Scotland,DeathsByDate,10
16/02/2022,Wales,DeathsByDate,7
16/02/2022,England,DeathsByDate,110
17/02/2022,England,DeathsByDate,104
17/02/2022,Wales,DeathsByDate,6
17/02/2022,Scotland,DeathsByDate,11
17/02/2022,Northern Ireland,DeathsByDate,3
18/02/2022,Northern Ireland,DeathsByDate,6
18/02/2022,Scotland,DeathsByDate,16
18/02/2022,Wales,DeathsByDate,4
18/02/2022,England,DeathsByDate,101
19/02/2022,Wales,DeathsByDate,9
19/02/2022,Scotland,DeathsByDate,8
19/02/2022,England,DeathsByDate,97
19/02/2022,Northern Ireland,DeathsByDate,7
20/02/2022,Northern Ireland,DeathsByDate,8
20/02/2022,Scotland,DeathsByDate,12
20/02/2022,Wales,DeathsByDate,1
20/02/2022,England,DeathsByDate,106
21/02/2022,Wales,DeathsByDate,1
21/02/2022,England,DeathsByDate,94
21/02/2022,Scotland,DeathsByDate,11
21/02/2022,Northern Ireland,DeathsByDate,4
22/02/2022,Northern Ireland,DeathsByDate,6
22/02/2022,England,DeathsByDate,92
22/02/2022,Scotland,DeathsByDate,16
22/02/2022,Wales,DeathsByDate,6
23/02/2022,England,DeathsByDate,91
23/02/2022,Wales,DeathsByDate,8
23/02/2022,Scotland,DeathsByDate,17
23/02/2022,Northern Ireland,DeathsByDate,3
24/02/2022,Northern Ireland,DeathsByDate,5
24/02/2022,Scotland,DeathsByDate,16
24/02/2022,Wales,DeathsByDate,10
24/02/2022,England,DeathsByDate,95
25/02/2022,Wales,DeathsByDate,11
25/02/2022,Scotland,DeathsByDate,11
25/02/2022,England,DeathsByDate,90
25/02/2022,Northern Ireland,DeathsByDate,8
26/02/2022,Northern Ireland,DeathsByDate,2
26/02/2022,Scotland,DeathsByDate,14
26/02/2022,Wales,DeathsByDate,6
26/02/2022,England,DeathsByDate,81
27/02/2022,Wales,DeathsByDate,4
27/02/2022,Scotland,DeathsByDate,18
27/02/2022,England,DeathsByDate,92
27/02/2022,Northern Ireland,DeathsByDate,5
28/02/2022,Northern Ireland,DeathsByDate,4
28/02/2022,England,DeathsByDate,82
28/02/2022,Scotland,DeathsByDate,13
28/02/2022,Wales,DeathsByDate,6
01/03/2022,Wales,DeathsByDate,4
01/03/2022,Scotland,DeathsByDate,14
01/03/2022,England,DeathsByDate,82
01/03/2022,Northern Ireland,DeathsByDate,6
02/03/2022,Northern Ireland,DeathsByDate,7
02/03/2022,Scotland,DeathsByDate,27
02/03/2022,England,DeathsByDate,108
02/03/2022,Wales,DeathsByDate,4
03/03/2022,Wales,DeathsByDate,2
03/03/2022,Scotland,DeathsByDate,19
03/03/2022,England,DeathsByDate,83
03/03/2022,Northern Ireland,DeathsByDate,1
04/03/2022,Northern Ireland,DeathsByDate,5
04/03/2022,England,DeathsByDate,86
04/03/2022,Wales,DeathsByDate,3
04/03/2022,Scotland,DeathsByDate,18
05/03/2022,England,DeathsByDate,81
05/03/2022,Scotland,DeathsByDate,11
05/03/2022,Wales,DeathsByDate,5
05/03/2022,Northern Ireland,DeathsByDate,4
06/03/2022,Northern Ireland,DeathsByDate,3
06/03/2022,Wales,DeathsByDate,10
06/03/2022,Scotland,DeathsByDate,18
06/03/2022,England,DeathsByDate,64
07/03/2022,Wales,DeathsByDate,7
07/03/2022,England,DeathsByDate,91
07/03/2022,Scotland,DeathsByDate,19
07/03/2022,Northern Ireland,DeathsByDate,6
08/03/2022,Northern Ireland,DeathsByDate,2
08/03/2022,Scotland,DeathsByDate,15
08/03/2022,England,DeathsByDate,100
08/03/2022,Wales,DeathsByDate,2
09/03/2022,England,DeathsByDate,88
09/03/2022,Wales,DeathsByDate,3
09/03/2022,Scotland,DeathsByDate,14
09/03/2022,Northern Ireland,DeathsByDate,1
10/03/2022,Northern Ireland,DeathsByDate,3
10/03/2022,Scotland,DeathsByDate,19
10/03/2022,England,DeathsByDate,91
10/03/2022,Wales,DeathsByDate,1
11/03/2022,Wales,DeathsByDate,3
11/03/2022,England,DeathsByDate,97
11/03/2022,Scotland,DeathsByDate,13
11/03/2022,Northern Ireland,DeathsByDate,7
12/03/2022,Northern Ireland,DeathsByDate,2
12/03/2022,Wales,DeathsByDate,3
12/03/2022,Scotland,DeathsByDate,17
12/03/2022,England,DeathsByDate,101
13/03/2022,Wales,DeathsByDate,9
13/03/2022,Scotland,DeathsByDate,21
13/03/2022,England,DeathsByDate,81
13/03/2022,Northern Ireland,DeathsByDate,1
14/03/2022,Northern Ireland,DeathsByDate,5
14/03/2022,Scotland,DeathsByDate,18
14/03/2022,England,DeathsByDate,115
14/03/2022,Wales,DeathsByDate,3
15/03/2022,England,DeathsByDate,100
15/03/2022,Wales,DeathsByDate,4
15/03/2022,Scotland,DeathsByDate,15
15/03/2022,Northern Ireland,DeathsByDate,3
16/03/2022,Northern Ireland,DeathsByDate,6
16/03/2022,England,DeathsByDate,107
16/03/2022,Wales,DeathsByDate,9
16/03/2022,Scotland,DeathsByDate,24
17/03/2022,Wales,DeathsByDate,5
17/03/2022,England,DeathsByDate,105
17/03/2022,Scotland,DeathsByDate,25
17/03/2022,Northern Ireland,DeathsByDate,1
18/03/2022,Northern Ireland,DeathsByDate,10
18/03/2022,England,DeathsByDate,121
18/03/2022,Wales,DeathsByDate,9
18/03/2022,Scotland,DeathsByDate,30
19/03/2022,England,DeathsByDate,121
19/03/2022,Wales,DeathsByDate,7
19/03/2022,Scotland,DeathsByDate,32
19/03/2022,Northern Ireland,DeathsByDate,5
20/03/2022,Northern Ireland,DeathsByDate,5
20/03/2022,Wales,DeathsByDate,8
20/03/2022,England,DeathsByDate,128
20/03/2022,Scotland,DeathsByDate,34
21/03/2022,Wales,DeathsByDate,11
21/03/2022,England,DeathsByDate,122
21/03/2022,Scotland,DeathsByDate,27
21/03/2022,Northern Ireland,DeathsByDate,3
22/03/2022,Northern Ireland,DeathsByDate,7
22/03/2022,England,DeathsByDate,123
22/03/2022,Wales,DeathsByDate,9
22/03/2022,Scotland,DeathsByDate,28
23/03/2022,Wales,DeathsByDate,8
23/03/2022,Scotland,DeathsByDate,24
23/03/2022,England,DeathsByDate,122
23/03/2022,Northern Ireland,DeathsByDate,4
24/03/2022,Northern Ireland,DeathsByDate,1
24/03/2022,England,DeathsByDate,119
24/03/2022,Scotland,DeathsByDate,33
24/03/2022,Wales,DeathsByDate,13
25/03/2022,Wales,DeathsByDate,13
25/03/2022,Scotland,DeathsByDate,23
25/03/2022,England,DeathsByDate,138
25/03/2022,Northern Ireland,DeathsByDate,8
26/03/2022,Northern Ireland,DeathsByDate,3
26/03/2022,Scotland,DeathsByDate,22
26/03/2022,England,DeathsByDate,129
26/03/2022,Wales,DeathsByDate,8
27/03/2022,Scotland,DeathsByDate,20
27/03/2022,England,DeathsByDate,127
27/03/2022,Wales,DeathsByDate,7
27/03/2022,Northern Ireland,DeathsByDate,6
28/03/2022,Northern Ireland,DeathsByDate,5
28/03/2022,Scotland,DeathsByDate,28
28/03/2022,Wales,DeathsByDate,8
28/03/2022,England,DeathsByDate,136
29/03/2022,Scotland,DeathsByDate,30
29/03/2022,England,DeathsByDate,155
29/03/2022,Wales,DeathsByDate,7
29/03/2022,Northern Ireland,DeathsByDate,4
30/03/2022,Northern Ireland,DeathsByDate,1
30/03/2022,Scotland,DeathsByDate,21
30/03/2022,Wales,DeathsByDate,10
30/03/2022,England,DeathsByDate,149
31/03/2022,Scotland,DeathsByDate,24
31/03/2022,Wales,DeathsByDate,6
31/03/2022,England,DeathsByDate,153
31/03/2022,Northern Ireland,DeathsByDate,9
01/04/2022,Northern Ireland,DeathsByDate,7
01/04/2022,Scotland,DeathsByDate,26
01/04/2022,England,DeathsByDate,162
01/04/2022,Wales,DeathsByDate,9
02/04/2022,England,DeathsByDate,170
02/04/2022,Wales,DeathsByDate,5
02/04/2022,Scotland,DeathsByDate,15
02/04/2022,Northern Ireland,DeathsByDate,2
03/04/2022,Northern Ireland,DeathsByDate,5
03/04/2022,Wales,DeathsByDate,10
03/04/2022,Scotland,DeathsByDate,19
03/04/2022,England,DeathsByDate,154
04/04/2022,Wales,DeathsByDate,8
04/04/2022,Scotland,DeathsByDate,23
04/04/2022,England,DeathsByDate,143
04/04/2022,Northern Ireland,DeathsByDate,5
05/04/2022,Northern Ireland,DeathsByDate,3
05/04/2022,England,DeathsByDate,160
05/04/2022,Scotland,DeathsByDate,28
05/04/2022,Wales,DeathsByDate,11
06/04/2022,Scotland,DeathsByDate,18
06/04/2022,England,DeathsByDate,163
06/04/2022,Wales,DeathsByDate,10
06/04/2022,Northern Ireland,DeathsByDate,4
07/04/2022,Northern Ireland,DeathsByDate,6
07/04/2022,Scotland,DeathsByDate,23
07/04/2022,England,DeathsByDate,188
07/04/2022,Wales,DeathsByDate,14
08/04/2022,Wales,DeathsByDate,12
08/04/2022,England,DeathsByDate,196
08/04/2022,Scotland,DeathsByDate,26
08/04/2022,Northern Ireland,DeathsByDate,4
09/04/2022,Northern Ireland,DeathsByDate,6
09/04/2022,England,DeathsByDate,148
09/04/2022,Wales,DeathsByDate,7
09/04/2022,Scotland,DeathsByDate,12
10/04/2022,Scotland,DeathsByDate,21
10/04/2022,Wales,DeathsByDate,12
10/04/2022,England,DeathsByDate,160
10/04/2022,Northern Ireland,DeathsByDate,4
11/04/2022,Northern Ireland,DeathsByDate,2
11/04/2022,Wales,DeathsByDate,9
11/04/2022,England,DeathsByDate,159
11/04/2022,Scotland,DeathsByDate,15
12/04/2022,Wales,DeathsByDate,12
12/04/2022,Scotland,DeathsByDate,23
12/04/2022,England,DeathsByDate,161
12/04/2022,Northern Ireland,DeathsByDate,3
13/04/2022,Northern Ireland,DeathsByDate,3
13/04/2022,England,DeathsByDate,184
13/04/2022,Scotland,DeathsByDate,23
13/04/2022,Wales,DeathsByDate,12
14/04/2022,Scotland,DeathsByDate,23
14/04/2022,Wales,DeathsByDate,6
14/04/2022,England,DeathsByDate,161
14/04/2022,Northern Ireland,DeathsByDate,2
15/04/2022,Northern Ireland,DeathsByDate,4
15/04/2022,Wales,DeathsByDate,7
15/04/2022,Scotland,DeathsByDate,16
15/04/2022,England,DeathsByDate,145
16/04/2022,England,DeathsByDate,140
16/04/2022,Scotland,DeathsByDate,13
16/04/2022,Wales,DeathsByDate,7
16/04/2022,Northern Ireland,DeathsByDate,3
17/04/2022,Northern Ireland,DeathsByDate,7
17/04/2022,Wales,DeathsByDate,9
17/04/2022,Scotland,DeathsByDate,11
17/04/2022,England,DeathsByDate,135
18/04/2022,Wales,DeathsByDate,11
18/04/2022,Scotland,DeathsByDate,13
18/04/2022,England,DeathsByDate,146
18/04/2022,Northern Ireland,DeathsByDate,4
19/04/2022,Northern Ireland,DeathsByDate,1
19/04/2022,England,DeathsByDate,128
19/04/2022,Wales,DeathsByDate,14
19/04/2022,Scotland,DeathsByDate,15
20/04/2022,Wales,DeathsByDate,5
20/04/2022,Scotland,DeathsByDate,14
20/04/2022,England,DeathsByDate,137
20/04/2022,Northern Ireland,DeathsByDate,5
21/04/2022,Northern Ireland,DeathsByDate,5
21/04/2022,Scotland,DeathsByDate,14
21/04/2022,England,DeathsByDate,134
21/04/2022,Wales,DeathsByDate,9
22/04/2022,Wales,DeathsByDate,9
22/04/2022,Scotland,DeathsByDate,14
22/04/2022,England,DeathsByDate,127
22/04/2022,Northern Ireland,DeathsByDate,5
23/04/2022,Northern Ireland,DeathsByDate,0
23/04/2022,Wales,DeathsByDate,7
23/04/2022,England,DeathsByDate,124
23/04/2022,Scotland,DeathsByDate,15
24/04/2022,England,DeathsByDate,106
24/04/2022,Scotland,DeathsByDate,10
24/04/2022,Wales,DeathsByDate,9
24/04/2022,Northern Ireland,DeathsByDate,6
25/04/2022,Northern Ireland,DeathsByDate,0
25/04/2022,Scotland,DeathsByDate,11
25/04/2022,England,DeathsByDate,106
25/04/2022,Wales,DeathsByDate,12
26/04/2022,Scotland,DeathsByDate,17
26/04/2022,England,DeathsByDate,95
26/04/2022,Wales,DeathsByDate,8
26/04/2022,Northern Ireland,DeathsByDate,5
27/04/2022,Northern Ireland,DeathsByDate,3
27/04/2022,England,DeathsByDate,117
27/04/2022,Scotland,DeathsByDate,8
27/04/2022,Wales,DeathsByDate,7
28/04/2022,England,DeathsByDate,110
28/04/2022,Scotland,DeathsByDate,11
28/04/2022,Wales,DeathsByDate,7
28/04/2022,Northern Ireland,DeathsByDate,2
29/04/2022,Northern Ireland,DeathsByDate,4
29/04/2022,England,DeathsByDate,81
29/04/2022,Scotland,DeathsByDate,17
29/04/2022,Wales,DeathsByDate,6
30/04/2022,England,DeathsByDate,91
30/04/2022,Wales,DeathsByDate,4
30/04/2022,Scotland,DeathsByDate,11
30/04/2022,Northern Ireland,DeathsByDate,1
01/05/2022,Northern Ireland,DeathsByDate,0
01/05/2022,Wales,DeathsByDate,4
01/05/2022,England,DeathsByDate,101
01/05/2022,Scotland,DeathsByDate,8
02/05/2022,Scotland,DeathsByDate,12
02/05/2022,Wales,DeathsByDate,5
02/05/2022,England,DeathsByDate,91
02/05/2022,Northern Ireland,DeathsByDate,1
03/05/2022,Northern Ireland,DeathsByDate,0
03/05/2022,England,DeathsByDate,84
03/05/2022,Scotland,DeathsByDate,18
03/05/2022,Wales,DeathsByDate,5
04/05/2022,Wales,DeathsByDate,2
04/05/2022,England,DeathsByDate,79
04/05/2022,Scotland,DeathsByDate,8
04/05/2022,Northern Ireland,DeathsByDate,1
05/05/2022,Northern Ireland,DeathsByDate,2
05/05/2022,England,DeathsByDate,72
05/05/2022,Wales,DeathsByDate,6
05/05/2022,Scotland,DeathsByDate,7
06/05/2022,Wales,DeathsByDate,1
06/05/2022,Scotland,DeathsByDate,7
06/05/2022,England,DeathsByDate,90
06/05/2022,Northern Ireland,DeathsByDate,0
07/05/2022,Northern Ireland,DeathsByDate,3
07/05/2022,Scotland,DeathsByDate,9
07/05/2022,Wales,DeathsByDate,8
07/05/2022,England,DeathsByDate,83
08/05/2022,Wales,DeathsByDate,3
08/05/2022,Scotland,DeathsByDate,7
08/05/2022,England,DeathsByDate,74
08/05/2022,Northern Ireland,DeathsByDate,1
09/05/2022,Northern Ireland,DeathsByDate,2
09/05/2022,England,DeathsByDate,73
09/05/2022,Wales,DeathsByDate,3
09/05/2022,Scotland,DeathsByDate,5
10/05/2022,Scotland,DeathsByDate,7
10/05/2022,Wales,DeathsByDate,4
10/05/2022,England,DeathsByDate,87
10/05/2022,Northern Ireland,DeathsByDate,3
11/05/2022,Northern Ireland,DeathsByDate,2
11/05/2022,Scotland,DeathsByDate,15
11/05/2022,England,DeathsByDate,58
11/05/2022,Wales,DeathsByDate,4
12/05/2022,England,DeathsByDate,55
12/05/2022,Wales,DeathsByDate,3
12/05/2022,Scotland,DeathsByDate,9
12/05/2022,Northern Ireland,DeathsByDate,2
13/05/2022,Northern Ireland,DeathsByDate,2
13/05/2022,England,DeathsByDate,66
13/05/2022,Wales,DeathsByDate,3
13/05/2022,Scotland,DeathsByDate,1
14/05/2022,Scotland,DeathsByDate,5
14/05/2022,England,DeathsByDate,54
14/05/2022,Wales,DeathsByDate,4
14/05/2022,Northern Ireland,DeathsByDate,3
15/05/2022,Northern Ireland,DeathsByDate,2
15/05/2022,Scotland,DeathsByDate,5
15/05/2022,England,DeathsByDate,61
15/05/2022,Wales,DeathsByDate,5
16/05/2022,Wales,DeathsByDate,2
16/05/2022,England,DeathsByDate,52
16/05/2022,Scotland,DeathsByDate,10
16/05/2022,Northern Ireland,DeathsByDate,2
17/05/2022,Northern Ireland,DeathsByDate,2
17/05/2022,England,DeathsByDate,55
17/05/2022,Wales,DeathsByDate,6
17/05/2022,Scotland,DeathsByDate,9
18/05/2022,Wales,DeathsByDate,4
18/05/2022,Scotland,DeathsByDate,3
18/05/2022,England,DeathsByDate,38
18/05/2022,Northern Ireland,DeathsByDate,1
19/05/2022,Northern Ireland,DeathsByDate,3
19/05/2022,England,DeathsByDate,27
19/05/2022,Wales,DeathsByDate,7
19/05/2022,Scotland,DeathsByDate,9
20/05/2022,Wales,DeathsByDate,2
20/05/2022,England,DeathsByDate,55
20/05/2022,Scotland,DeathsByDate,11
20/05/2022,Northern Ireland,DeathsByDate,4
21/05/2022,Northern Ireland,DeathsByDate,2
21/05/2022,Scotland,DeathsByDate,5
21/05/2022,England,DeathsByDate,36
21/05/2022,Wales,DeathsByDate,6
22/05/2022,Scotland,DeathsByDate,7
22/05/2022,England,DeathsByDate,44
22/05/2022,Wales,DeathsByDate,6
22/05/2022,Northern Ireland,DeathsByDate,2
23/05/2022,Northern Ireland,DeathsByDate,0
23/05/2022,Wales,DeathsByDate,5
23/05/2022,England,DeathsByDate,52
23/05/2022,Scotland,DeathsByDate,6
24/05/2022,England,DeathsByDate,39
24/05/2022,Wales,DeathsByDate,3
24/05/2022,Scotland,DeathsByDate,9
24/05/2022,Northern Ireland,DeathsByDate,0
25/05/2022,Northern Ireland,DeathsByDate,1
25/05/2022,Scotland,DeathsByDate,4
25/05/2022,Wales,DeathsByDate,3
25/05/2022,England,DeathsByDate,26
26/05/2022,England,DeathsByDate,40
26/05/2022,Scotland,DeathsByDate,3
26/05/2022,Wales,DeathsByDate,1
26/05/2022,Northern Ireland,DeathsByDate,1
27/05/2022,Northern Ireland,DeathsByDate,2
27/05/2022,Scotland,DeathsByDate,4
27/05/2022,Wales,DeathsByDate,0
27/05/2022,England,DeathsByDate,39
28/05/2022,Scotland,DeathsByDate,2
28/05/2022,England,DeathsByDate,30
28/05/2022,Wales,DeathsByDate,1
28/05/2022,Northern Ireland,DeathsByDate,1
29/05/2022,Northern Ireland,DeathsByDate,1
29/05/2022,England,DeathsByDate,24
29/05/2022,Scotland,DeathsByDate,3
29/05/2022,Wales,DeathsByDate,2
30/05/2022,Scotland,DeathsByDate,5
30/05/2022,England,DeathsByDate,42
30/05/2022,Wales,DeathsByDate,3
30/05/2022,Northern Ireland,DeathsByDate,1
31/05/2022,Northern Ireland,DeathsByDate,1
31/05/2022,Scotland,DeathsByDate,5
31/05/2022,England,DeathsByDate,42
31/05/2022,Wales,DeathsByDate,2
01/06/2022,Wales,DeathsByDate,2
01/06/2022,England,DeathsByDate,23
01/06/2022,Scotland,DeathsByDate,0
01/06/2022,Northern Ireland,DeathsByDate,0
02/06/2022,Northern Ireland,DeathsByDate,1
02/06/2022,Scotland,DeathsByDate,8
02/06/2022,Wales,DeathsByDate,1
02/06/2022,England,DeathsByDate,37
03/06/2022,Scotland,DeathsByDate,3
03/06/2022,England,DeathsByDate,22
03/06/2022,Wales,DeathsByDate,2
03/06/2022,Northern Ireland,DeathsByDate,1
04/06/2022,Northern Ireland,DeathsByDate,0
04/06/2022,England,DeathsByDate,33
04/06/2022,Scotland,DeathsByDate,5
04/06/2022,Wales,DeathsByDate,0
05/06/2022,Scotland,DeathsByDate,4
05/06/2022,England,DeathsByDate,23
05/06/2022,Wales,DeathsByDate,2
05/06/2022,Northern Ireland,DeathsByDate,1
06/06/2022,Northern Ireland,DeathsByDate,1
06/06/2022,England,DeathsByDate,38
06/06/2022,Scotland,DeathsByDate,2
06/06/2022,Wales,DeathsByDate,2
07/06/2022,Scotland,DeathsByDate,4
07/06/2022,England,DeathsByDate,27
07/06/2022,Wales,DeathsByDate,2
07/06/2022,Northern Ireland,DeathsByDate,0
08/06/2022,Northern Ireland,DeathsByDate,0
08/06/2022,Wales,DeathsByDate,2
08/06/2022,England,DeathsByDate,31
08/06/2022,Scotland,DeathsByDate,9
09/06/2022,England,DeathsByDate,18
09/06/2022,Scotland,DeathsByDate,5
09/06/2022,Wales,DeathsByDate,2
09/06/2022,Northern Ireland,DeathsByDate,2
10/06/2022,Northern Ireland,DeathsByDate,1
10/06/2022,Wales,DeathsByDate,1
10/06/2022,Scotland,DeathsByDate,10
10/06/2022,England,DeathsByDate,31
11/06/2022,England,DeathsByDate,27
11/06/2022,Wales,DeathsByDate,0
11/06/2022,Scotland,DeathsByDate,4
11/06/2022,Northern Ireland,DeathsByDate,1
12/06/2022,Northern Ireland,DeathsByDate,0
12/06/2022,Wales,DeathsByDate,2
12/06/2022,Scotland,DeathsByDate,7
12/06/2022,England,DeathsByDate,34
13/06/2022,Wales,DeathsByDate,4
13/06/2022,Scotland,DeathsByDate,8
13/06/2022,England,DeathsByDate,28
13/06/2022,Northern Ireland,DeathsByDate,1
14/06/2022,Northern Ireland,DeathsByDate,2
14/06/2022,Scotland,DeathsByDate,6
14/06/2022,England,DeathsByDate,27
14/06/2022,Wales,DeathsByDate,1
15/06/2022,Wales,DeathsByDate,0
15/06/2022,England,DeathsByDate,39
15/06/2022,Scotland,DeathsByDate,6
15/06/2022,Northern Ireland,DeathsByDate,0
16/06/2022,Northern Ireland,DeathsByDate,0
16/06/2022,Wales,DeathsByDate,7
16/06/2022,England,DeathsByDate,41
16/06/2022,Scotland,DeathsByDate,9
17/06/2022,Wales,DeathsByDate,2
17/06/2022,England,DeathsByDate,36
17/06/2022,Scotland,DeathsByDate,5
17/06/2022,Northern Ireland,DeathsByDate,2
18/06/2022,Northern Ireland,DeathsByDate,2
18/06/2022,Wales,DeathsByDate,2
18/06/2022,England,DeathsByDate,35
18/06/2022,Scotland,DeathsByDate,5
19/06/2022,Scotland,DeathsByDate,10
19/06/2022,England,DeathsByDate,36
19/06/2022,Wales,DeathsByDate,1
19/06/2022,Northern Ireland,DeathsByDate,0
20/06/2022,Northern Ireland,DeathsByDate,1
20/06/2022,England,DeathsByDate,41
20/06/2022,Wales,DeathsByDate,2
20/06/2022,Scotland,DeathsByDate,4
21/06/2022,Scotland,DeathsByDate,15
21/06/2022,Wales,DeathsByDate,3
21/06/2022,England,DeathsByDate,39
21/06/2022,Northern Ireland,DeathsByDate,1
22/06/2022,Northern Ireland,DeathsByDate,3
22/06/2022,Wales,DeathsByDate,2
22/06/2022,England,DeathsByDate,57
22/06/2022,Scotland,DeathsByDate,11
23/06/2022,Wales,DeathsByDate,5
23/06/2022,Scotland,DeathsByDate,11
23/06/2022,England,DeathsByDate,44
23/06/2022,Northern Ireland,DeathsByDate,2
24/06/2022,Northern Ireland,DeathsByDate,2
24/06/2022,Wales,DeathsByDate,3
24/06/2022,England,DeathsByDate,36
24/06/2022,Scotland,DeathsByDate,6
25/06/2022,England,DeathsByDate,56
25/06/2022,Wales,DeathsByDate,4
25/06/2022,Scotland,DeathsByDate,8
25/06/2022,Northern Ireland,DeathsByDate,3
26/06/2022,Northern Ireland,DeathsByDate,2
26/06/2022,Wales,DeathsByDate,2
26/06/2022,England,DeathsByDate,57
26/06/2022,Scotland,DeathsByDate,8
27/06/2022,England,DeathsByDate,45
27/06/2022,Wales,DeathsByDate,2
27/06/2022,Scotland,DeathsByDate,12
27/06/2022,Northern Ireland,DeathsByDate,5
28/06/2022,Northern Ireland,DeathsByDate,3
28/06/2022,Wales,DeathsByDate,2
28/06/2022,Scotland,DeathsByDate,18
28/06/2022,England,DeathsByDate,49
29/06/2022,Scotland,DeathsByDate,8
29/06/2022,Wales,DeathsByDate,5
29/06/2022,England,DeathsByDate,66
29/06/2022,Northern Ireland,DeathsByDate,4
30/06/2022,Northern Ireland,DeathsByDate,2
30/06/2022,Scotland,DeathsByDate,15
30/06/2022,England,DeathsByDate,53
30/06/2022,Wales,DeathsByDate,5
01/07/2022,England,DeathsByDate,62
01/07/2022,Scotland,DeathsByDate,10
01/07/2022,Wales,DeathsByDate,5
01/07/2022,Northern Ireland,DeathsByDate,2
02/07/2022,Northern Ireland,DeathsByDate,1
02/07/2022,Wales,DeathsByDate,5
02/07/2022,Scotland,DeathsByDate,16
02/07/2022,England,DeathsByDate,67
03/07/2022,Scotland,DeathsByDate,8
03/07/2022,England,DeathsByDate,53
03/07/2022,Wales,DeathsByDate,3
03/07/2022,Northern Ireland,DeathsByDate,5
04/07/2022,Northern Ireland,DeathsByDate,3
04/07/2022,Scotland,DeathsByDate,13
04/07/2022,Wales,DeathsByDate,3
04/07/2022,England,DeathsByDate,72
05/07/2022,Wales,DeathsByDate,3
05/07/2022,England,DeathsByDate,83
05/07/2022,Scotland,DeathsByDate,12
05/07/2022,Northern Ireland,DeathsByDate,4
06/07/2022,Northern Ireland,DeathsByDate,6
06/07/2022,England,DeathsByDate,89
06/07/2022,Wales,DeathsByDate,5
06/07/2022,Scotland,DeathsByDate,16
07/07/2022,Wales,DeathsByDate,3
07/07/2022,Scotland,DeathsByDate,10
07/07/2022,England,DeathsByDate,84
07/07/2022,Northern Ireland,DeathsByDate,5
08/07/2022,Northern Ireland,DeathsByDate,5
08/07/2022,England,DeathsByDate,84
08/07/2022,Scotland,DeathsByDate,15
08/07/2022,Wales,DeathsByDate,4
09/07/2022,Scotland,DeathsByDate,10
09/07/2022,Wales,DeathsByDate,4
09/07/2022,England,DeathsByDate,90
09/07/2022,Northern Ireland,DeathsByDate,3
10/07/2022,Northern Ireland,DeathsByDate,2
10/07/2022,England,DeathsByDate,87
10/07/2022,Scotland,DeathsByDate,15
10/07/2022,Wales,DeathsByDate,12
11/07/2022,Scotland,DeathsByDate,17
11/07/2022,England,DeathsByDate,100
11/07/2022,Wales,DeathsByDate,8
11/07/2022,Northern Ireland,DeathsByDate,3
12/07/2022,Northern Ireland,DeathsByDate,10
12/07/2022,England,DeathsByDate,120
12/07/2022,Scotland,DeathsByDate,14
12/07/2022,Wales,DeathsByDate,10
13/07/2022,England,DeathsByDate,110
13/07/2022,Wales,DeathsByDate,6
13/07/2022,Scotland,DeathsByDate,15
13/07/2022,Northern Ireland,DeathsByDate,4
14/07/2022,Northern Ireland,DeathsByDate,6
14/07/2022,Wales,DeathsByDate,9
14/07/2022,Scotland,DeathsByDate,10
14/07/2022,England,DeathsByDate,101
15/07/2022,England,DeathsByDate,91
15/07/2022,Scotland,DeathsByDate,7
15/07/2022,Wales,DeathsByDate,4
15/07/2022,Northern Ireland,DeathsByDate,3
16/07/2022,Northern Ireland,DeathsByDate,2
16/07/2022,England,DeathsByDate,99
16/07/2022,Scotland,DeathsByDate,14
16/07/2022,Wales,DeathsByDate,6
17/07/2022,Scotland,DeathsByDate,15
17/07/2022,Wales,DeathsByDate,7
17/07/2022,England,DeathsByDate,133
17/07/2022,Northern Ireland,DeathsByDate,3
18/07/2022,Northern Ireland,DeathsByDate,4
18/07/2022,England,DeathsByDate,99
18/07/2022,Wales,DeathsByDate,11
18/07/2022,Scotland,DeathsByDate,13
19/07/2022,Wales,DeathsByDate,16
19/07/2022,Scotland,DeathsByDate,10
19/07/2022,England,DeathsByDate,193
19/07/2022,Northern Ireland,DeathsByDate,6
20/07/2022,Northern Ireland,DeathsByDate,3
20/07/2022,Wales,DeathsByDate,5
20/07/2022,England,DeathsByDate,172
20/07/2022,Scotland,DeathsByDate,11
21/07/2022,Scotland,DeathsByDate,16
21/07/2022,Wales,DeathsByDate,5
21/07/2022,England,DeathsByDate,103
21/07/2022,Northern Ireland,DeathsByDate,2
22/07/2022,Northern Ireland,DeathsByDate,5
22/07/2022,Wales,DeathsByDate,10
22/07/2022,England,DeathsByDate,88
22/07/2022,Scotland,DeathsByDate,14
23/07/2022,Wales,DeathsByDate,6
23/07/2022,England,DeathsByDate,101
23/07/2022,Scotland,DeathsByDate,15
23/07/2022,Northern Ireland,DeathsByDate,5
24/07/2022,Northern Ireland,DeathsByDate,5
24/07/2022,Scotland,DeathsByDate,16
24/07/2022,England,DeathsByDate,106
24/07/2022,Wales,DeathsByDate,5
25/07/2022,England,DeathsByDate,93
25/07/2022,Wales,DeathsByDate,7
25/07/2022,Scotland,DeathsByDate,10
25/07/2022,Northern Ireland,DeathsByDate,4
26/07/2022,Northern Ireland,DeathsByDate,2
26/07/2022,Wales,DeathsByDate,8
26/07/2022,England,DeathsByDate,95
26/07/2022,Scotland,DeathsByDate,15
27/07/2022,Scotland,DeathsByDate,7
27/07/2022,Wales,DeathsByDate,8
27/07/2022,England,DeathsByDate,99
27/07/2022,Northern Ireland,DeathsByDate,1
28/07/2022,Northern Ireland,DeathsByDate,3
28/07/2022,England,DeathsByDate,105
28/07/2022,Scotland,DeathsByDate,12
28/07/2022,Wales,DeathsByDate,6
29/07/2022,Scotland,DeathsByDate,7
29/07/2022,England,DeathsByDate,101
29/07/2022,Wales,DeathsByDate,4
29/07/2022,Northern Ireland,DeathsByDate,6
30/07/2022,Northern Ireland,DeathsByDate,3
30/07/2022,Wales,DeathsByDate,1
30/07/2022,Scotland,DeathsByDate,8
30/07/2022,England,DeathsByDate,65
31/07/2022,Wales,DeathsByDate,3
31/07/2022,England,DeathsByDate,80
31/07/2022,Scotland,DeathsByDate,13
31/07/2022,Northern Ireland,DeathsByDate,2
01/08/2022,Northern Ireland,DeathsByDate,4
01/08/2022,Scotland,DeathsByDate,7
01/08/2022,England,DeathsByDate,75
01/08/2022,Wales,DeathsByDate,7
02/08/2022,England,DeathsByDate,86
02/08/2022,Scotland,DeathsByDate,11
02/08/2022,Wales,DeathsByDate,5
02/08/2022,Northern Ireland,DeathsByDate,0
03/08/2022,Northern Ireland,DeathsByDate,0
03/08/2022,Scotland,DeathsByDate,7
03/08/2022,England,DeathsByDate,98
03/08/2022,Wales,DeathsByDate,2
04/08/2022,Scotland,DeathsByDate,9
04/08/2022,Wales,DeathsByDate,3
04/08/2022,England,DeathsByDate,70
04/08/2022,Northern Ireland,DeathsByDate,2
05/08/2022,Northern Ireland,DeathsByDate,1
05/08/2022,England,DeathsByDate,69
05/08/2022,Wales,DeathsByDate,7
05/08/2022,Scotland,DeathsByDate,10
06/08/2022,Scotland,DeathsByDate,7
06/08/2022,Wales,DeathsByDate,2
06/08/2022,England,DeathsByDate,56
06/08/2022,Northern Ireland,DeathsByDate,0
07/08/2022,Northern Ireland,DeathsByDate,0
07/08/2022,England,DeathsByDate,87
07/08/2022,Scotland,DeathsByDate,8
07/08/2022,Wales,DeathsByDate,5
08/08/2022,Scotland,DeathsByDate,15
08/08/2022,Wales,DeathsByDate,2
08/08/2022,England,DeathsByDate,81
08/08/2022,Northern Ireland,DeathsByDate,2
09/08/2022,Northern Ireland,DeathsByDate,2
09/08/2022,Wales,DeathsByDate,3
09/08/2022,England,DeathsByDate,75
09/08/2022,Scotland,DeathsByDate,10
10/08/2022,Wales,DeathsByDate,6
10/08/2022,Scotland,DeathsByDate,4
10/08/2022,England,DeathsByDate,63
10/08/2022,Northern Ireland,DeathsByDate,3
11/08/2022,Northern Ireland,DeathsByDate,1
11/08/2022,Scotland,DeathsByDate,9
11/08/2022,England,DeathsByDate,86
11/08/2022,Wales,DeathsByDate,2
12/08/2022,Wales,DeathsByDate,4
12/08/2022,England,DeathsByDate,96
12/08/2022,Scotland,DeathsByDate,7
12/08/2022,Northern Ireland,DeathsByDate,0
13/08/2022,Northern Ireland,DeathsByDate,4
13/08/2022,Wales,DeathsByDate,8
13/08/2022,England,DeathsByDate,77
13/08/2022,Scotland,DeathsByDate,3
14/08/2022,Wales,DeathsByDate,6
14/08/2022,Scotland,DeathsByDate,12
14/08/2022,England,DeathsByDate,68
14/08/2022,Northern Ireland,DeathsByDate,4
15/08/2022,Northern Ireland,DeathsByDate,1
15/08/2022,Wales,DeathsByDate,8
15/08/2022,Scotland,DeathsByDate,10
15/08/2022,England,DeathsByDate,69
16/08/2022,Scotland,DeathsByDate,4
16/08/2022,Wales,DeathsByDate,6
16/08/2022,England,DeathsByDate,61
16/08/2022,Northern Ireland,DeathsByDate,0
17/08/2022,Northern Ireland,DeathsByDate,0
17/08/2022,Wales,DeathsByDate,0
17/08/2022,England,DeathsByDate,50
17/08/2022,Scotland,DeathsByDate,6
18/08/2022,Wales,DeathsByDate,5
18/08/2022,England,DeathsByDate,52
18/08/2022,Scotland,DeathsByDate,5
18/08/2022,Northern Ireland,DeathsByDate,1
19/08/2022,Northern Ireland,DeathsByDate,0
19/08/2022,England,DeathsByDate,53
19/08/2022,Scotland,DeathsByDate,10
19/08/2022,Wales,DeathsByDate,6
20/08/2022,England,DeathsByDate,66
20/08/2022,Wales,DeathsByDate,4
20/08/2022,Scotland,DeathsByDate,5
20/08/2022,Northern Ireland,DeathsByDate,1
21/08/2022,Northern Ireland,DeathsByDate,1
21/08/2022,Scotland,DeathsByDate,6
21/08/2022,England,DeathsByDate,50
21/08/2022,Wales,DeathsByDate,4
22/08/2022,Scotland,DeathsByDate,4
22/08/2022,Wales,DeathsByDate,2
22/08/2022,England,DeathsByDate,57
22/08/2022,Northern Ireland,DeathsByDate,2
23/08/2022,Northern Ireland,DeathsByDate,4
23/08/2022,Wales,DeathsByDate,5
23/08/2022,Scotland,DeathsByDate,5
23/08/2022,England,DeathsByDate,64
24/08/2022,England,DeathsByDate,41
24/08/2022,Scotland,DeathsByDate,7
24/08/2022,Wales,DeathsByDate,4
24/08/2022,Northern Ireland,DeathsByDate,0
25/08/2022,Northern Ireland,DeathsByDate,1
25/08/2022,Scotland,DeathsByDate,4
25/08/2022,Wales,DeathsByDate,3
25/08/2022,England,DeathsByDate,41
26/08/2022,Wales,DeathsByDate,2
26/08/2022,England,DeathsByDate,33
26/08/2022,Scotland,DeathsByDate,6
26/08/2022,Northern Ireland,DeathsByDate,2
27/08/2022,Northern Ireland,DeathsByDate,0
27/08/2022,Scotland,DeathsByDate,3
27/08/2022,England,DeathsByDate,52
27/08/2022,Wales,DeathsByDate,2
28/08/2022,England,DeathsByDate,54
28/08/2022,Wales,DeathsByDate,1
28/08/2022,Scotland,DeathsByDate,6
28/08/2022,Northern Ireland,DeathsByDate,0
29/08/2022,Northern Ireland,DeathsByDate,2
29/08/2022,Wales,DeathsByDate,5
29/08/2022,England,DeathsByDate,44
29/08/2022,Scotland,DeathsByDate,3
30/08/2022,Wales,DeathsByDate,4
30/08/2022,England,DeathsByDate,35
30/08/2022,Scotland,DeathsByDate,3
30/08/2022,Northern Ireland,DeathsByDate,1
31/08/2022,Northern Ireland,DeathsByDate,3
31/08/2022,England,DeathsByDate,57
31/08/2022,Scotland,DeathsByDate,11
31/08/2022,Wales,DeathsByDate,4
01/09/2022,Scotland,DeathsByDate,8
01/09/2022,Wales,DeathsByDate,1
01/09/2022,England,DeathsByDate,35
01/09/2022,Northern Ireland,DeathsByDate,0
02/09/2022,Northern Ireland,DeathsByDate,0
02/09/2022,England,DeathsByDate,42
02/09/2022,Wales,DeathsByDate,1
02/09/2022,Scotland,DeathsByDate,5
03/09/2022,Wales,DeathsByDate,4
03/09/2022,England,DeathsByDate,40
03/09/2022,Scotland,DeathsByDate,8
03/09/2022,Northern Ireland,DeathsByDate,2
04/09/2022,Northern Ireland,DeathsByDate,1
04/09/2022,Scotland,DeathsByDate,4
04/09/2022,Wales,DeathsByDate,4
04/09/2022,England,DeathsByDate,36
05/09/2022,England,DeathsByDate,31
05/09/2022,Scotland,DeathsByDate,4
05/09/2022,Wales,DeathsByDate,4
05/09/2022,Northern Ireland,DeathsByDate,0
06/09/2022,Northern Ireland,DeathsByDate,2
06/09/2022,Scotland,DeathsByDate,7
06/09/2022,England,DeathsByDate,28
06/09/2022,Wales,DeathsByDate,3
07/09/2022,England,DeathsByDate,49
07/09/2022,Scotland,DeathsByDate,2
07/09/2022,Wales,DeathsByDate,7
07/09/2022,Northern Ireland,DeathsByDate,3
08/09/2022,Northern Ireland,DeathsByDate,2
08/09/2022,England,DeathsByDate,38
08/09/2022,Scotland,DeathsByDate,6
08/09/2022,Wales,DeathsByDate,1
09/09/2022,Wales,DeathsByDate,2
09/09/2022,Scotland,DeathsByDate,4
09/09/2022,England,DeathsByDate,30
09/09/2022,Northern Ireland,DeathsByDate,2
10/09/2022,Northern Ireland,DeathsByDate,1
10/09/2022,Scotland,DeathsByDate,10
10/09/2022,Wales,DeathsByDate,2
10/09/2022,England,DeathsByDate,35
11/09/2022,Wales,DeathsByDate,5
11/09/2022,England,DeathsByDate,18
11/09/2022,Scotland,DeathsByDate,7
11/09/2022,Northern Ireland,DeathsByDate,0
12/09/2022,Northern Ireland,DeathsByDate,0
12/09/2022,Scotland,DeathsByDate,6
12/09/2022,Wales,DeathsByDate,4
12/09/2022,England,DeathsByDate,33
13/09/2022,England,DeathsByDate,47
13/09/2022,Scotland,DeathsByDate,2
13/09/2022,Wales,DeathsByDate,1
13/09/2022,Northern Ireland,DeathsByDate,0
14/09/2022,Northern Ireland,DeathsByDate,1
14/09/2022,Scotland,DeathsByDate,6
14/09/2022,England,DeathsByDate,38
14/09/2022,Wales,DeathsByDate,0
15/09/2022,Scotland,DeathsByDate,5
15/09/2022,Wales,DeathsByDate,2
15/09/2022,England,DeathsByDate,40
15/09/2022,Northern Ireland,DeathsByDate,2
16/09/2022,Northern Ireland,DeathsByDate,0
16/09/2022,Scotland,DeathsByDate,7
16/09/2022,Wales,DeathsByDate,2
16/09/2022,England,DeathsByDate,30
17/09/2022,Wales,DeathsByDate,0
17/09/2022,Scotland,DeathsByDate,7
17/09/2022,England,DeathsByDate,31
17/09/2022,Northern Ireland,DeathsByDate,2
18/09/2022,Northern Ireland,DeathsByDate,0
18/09/2022,Scotland,DeathsByDate,9
18/09/2022,Wales,DeathsByDate,1
18/09/2022,England,DeathsByDate,30
19/09/2022,Scotland,DeathsByDate,5
19/09/2022,Wales,DeathsByDate,3
19/09/2022,England,DeathsByDate,41
19/09/2022,Northern Ireland,DeathsByDate,0
20/09/2022,Northern Ireland,DeathsByDate,2
20/09/2022,England,DeathsByDate,44
20/09/2022,Scotland,DeathsByDate,2
20/09/2022,Wales,DeathsByDate,2
21/09/2022,Wales,DeathsByDate,4
21/09/2022,England,DeathsByDate,30
21/09/2022,Scotland,DeathsByDate,3
21/09/2022,Northern Ireland,DeathsByDate,0
22/09/2022,Northern Ireland,DeathsByDate,2
22/09/2022,Scotland,DeathsByDate,2
22/09/2022,England,DeathsByDate,45
22/09/2022,Wales,DeathsByDate,1
23/09/2022,England,DeathsByDate,43
23/09/2022,Wales,DeathsByDate,2
23/09/2022,Scotland,DeathsByDate,9
23/09/2022,Northern Ireland,DeathsByDate,0
24/09/2022,Northern Ireland,DeathsByDate,0
24/09/2022,Scotland,DeathsByDate,7
24/09/2022,Wales,DeathsByDate,3
24/09/2022,England,DeathsByDate,39
25/09/2022,England,DeathsByDate,32
25/09/2022,Wales,DeathsByDate,2
25/09/2022,Scotland,DeathsByDate,6
25/09/2022,Northern Ireland,DeathsByDate,1
26/09/2022,Northern Ireland,DeathsByDate,2
26/09/2022,England,DeathsByDate,52
26/09/2022,Wales,DeathsByDate,5
26/09/2022,Scotland,DeathsByDate,7
27/09/2022,Wales,DeathsByDate,1
27/09/2022,England,DeathsByDate,57
27/09/2022,Scotland,DeathsByDate,8
27/09/2022,Northern Ireland,DeathsByDate,2
28/09/2022,Northern Ireland,DeathsByDate,2
28/09/2022,Wales,DeathsByDate,3
28/09/2022,England,DeathsByDate,55
28/09/2022,Scotland,DeathsByDate,2
29/09/2022,England,DeathsByDate,53
29/09/2022,Scotland,DeathsByDate,8
29/09/2022,Wales,DeathsByDate,3
29/09/2022,Northern Ireland,DeathsByDate,3
30/09/2022,Northern Ireland,DeathsByDate,4
30/09/2022,England,DeathsByDate,47
30/09/2022,Wales,DeathsByDate,5
30/09/2022,Scotland,DeathsByDate,8
01/10/2022,England,DeathsByDate,61
01/10/2022,Scotland,DeathsByDate,8
01/10/2022,Wales,DeathsByDate,9
01/10/2022,Northern Ireland,DeathsByDate,3
02/10/2022,Northern Ireland,DeathsByDate,1
02/10/2022,Scotland,DeathsByDate,5
02/10/2022,England,DeathsByDate,55
02/10/2022,Wales,DeathsByDate,3
03/10/2022,England,DeathsByDate,69
03/10/2022,Wales,DeathsByDate,6
03/10/2022,Scotland,DeathsByDate,6
03/10/2022,Northern Ireland,DeathsByDate,2
04/10/2022,Northern Ireland,DeathsByDate,1
04/10/2022,Scotland,DeathsByDate,7
04/10/2022,Wales,DeathsByDate,4
04/10/2022,England,DeathsByDate,80
05/10/2022,England,DeathsByDate,85
05/10/2022,Scotland,DeathsByDate,9
05/10/2022,Wales,DeathsByDate,4
05/10/2022,Northern Ireland,DeathsByDate,1
06/10/2022,Northern Ireland,DeathsByDate,0
06/10/2022,Scotland,DeathsByDate,6
06/10/2022,England,DeathsByDate,81
06/10/2022,Wales,DeathsByDate,9
07/10/2022,England,DeathsByDate,86
07/10/2022,Scotland,DeathsByDate,8
07/10/2022,Wales,DeathsByDate,6
07/10/2022,Northern Ireland,DeathsByDate,1
08/10/2022,Northern Ireland,DeathsByDate,0
08/10/2022,Wales,DeathsByDate,4
08/10/2022,England,DeathsByDate,82
08/10/2022,Scotland,DeathsByDate,6
09/10/2022,England,DeathsByDate,84
09/10/2022,Scotland,DeathsByDate,7
09/10/2022,Wales,DeathsByDate,5
09/10/2022,Northern Ireland,DeathsByDate,5
10/10/2022,Northern Ireland,DeathsByDate,2
10/10/2022,England,DeathsByDate,80
10/10/2022,Wales,DeathsByDate,8
10/10/2022,Scotland,DeathsByDate,3
11/10/2022,England,DeathsByDate,102
11/10/2022,Wales,DeathsByDate,2
11/10/2022,Scotland,DeathsByDate,4
11/10/2022,Northern Ireland,DeathsByDate,0
12/10/2022,Northern Ireland,DeathsByDate,0
12/10/2022,Wales,DeathsByDate,9
12/10/2022,England,DeathsByDate,113
12/10/2022,Scotland,DeathsByDate,5
13/10/2022,England,DeathsByDate,101
13/10/2022,Scotland,DeathsByDate,5
13/10/2022,Wales,DeathsByDate,3
13/10/2022,Northern Ireland,DeathsByDate,3
14/10/2022,Northern Ireland,DeathsByDate,1
14/10/2022,England,DeathsByDate,104
14/10/2022,Scotland,DeathsByDate,6
14/10/2022,Wales,DeathsByDate,4
15/10/2022,Scotland,DeathsByDate,9
15/10/2022,England,DeathsByDate,92
15/10/2022,Wales,DeathsByDate,8
15/10/2022,Northern Ireland,DeathsByDate,0
16/10/2022,Northern Ireland,DeathsByDate,1
16/10/2022,England,DeathsByDate,98
16/10/2022,Wales,DeathsByDate,5
16/10/2022,Scotland,DeathsByDate,3
17/10/2022,England,DeathsByDate,103
17/10/2022,Wales,DeathsByDate,6
17/10/2022,Scotland,DeathsByDate,7
17/10/2022,Northern Ireland,DeathsByDate,1
18/10/2022,Northern Ireland,DeathsByDate,4
18/10/2022,Scotland,DeathsByDate,8
18/10/2022,Wales,DeathsByDate,7
18/10/2022,England,DeathsByDate,90
19/10/2022,England,DeathsByDate,87
19/10/2022,Wales,DeathsByDate,3
19/10/2022,Scotland,DeathsByDate,8
19/10/2022,Northern Ireland,DeathsByDate,3
20/10/2022,Northern Ireland,DeathsByDate,3
20/10/2022,England,DeathsByDate,108
20/10/2022,Wales,DeathsByDate,5
20/10/2022,Scotland,DeathsByDate,6
21/10/2022,England,DeathsByDate,94
21/10/2022,Wales,DeathsByDate,6
21/10/2022,Scotland,DeathsByDate,10
21/10/2022,Northern Ireland,DeathsByDate,2
22/10/2022,Northern Ireland,DeathsByDate,1
22/10/2022,Wales,DeathsByDate,4
22/10/2022,Scotland,DeathsByDate,8
22/10/2022,England,DeathsByDate,99
23/10/2022,England,DeathsByDate,86
23/10/2022,Scotland,DeathsByDate,7
23/10/2022,Wales,DeathsByDate,6
23/10/2022,Northern Ireland,DeathsByDate,4
24/10/2022,Northern Ireland,DeathsByDate,1
24/10/2022,England,DeathsByDate,94
24/10/2022,Wales,DeathsByDate,6
24/10/2022,Scotland,DeathsByDate,5
25/10/2022,Scotland,DeathsByDate,9
25/10/2022,Wales,DeathsByDate,5
25/10/2022,England,DeathsByDate,95
25/10/2022,Northern Ireland,DeathsByDate,6
26/10/2022,Northern Ireland,DeathsByDate,0
26/10/2022,England,DeathsByDate,82
26/10/2022,Wales,DeathsByDate,6
26/10/2022,Scotland,DeathsByDate,4
27/10/2022,Wales,DeathsByDate,5
27/10/2022,Scotland,DeathsByDate,3
27/10/2022,England,DeathsByDate,96
27/10/2022,Northern Ireland,DeathsByDate,3
28/10/2022,Northern Ireland,DeathsByDate,2
28/10/2022,England,DeathsByDate,75
28/10/2022,Scotland,DeathsByDate,4
28/10/2022,Wales,DeathsByDate,7
29/10/2022,England,DeathsByDate,81
29/10/2022,Scotland,DeathsByDate,6
29/10/2022,Wales,DeathsByDate,9
29/10/2022,Northern Ireland,DeathsByDate,1
30/10/2022,Northern Ireland,DeathsByDate,0
30/10/2022,Scotland,DeathsByDate,5
30/10/2022,Wales,DeathsByDate,5
30/10/2022,England,DeathsByDate,88
31/10/2022,Wales,DeathsByDate,8
31/10/2022,Scotland,DeathsByDate,9
31/10/2022,England,DeathsByDate,64
31/10/2022,Northern Ireland,DeathsByDate,2
01/11/2022,Northern Ireland,DeathsByDate,2
01/11/2022,England,DeathsByDate,68
01/11/2022,Wales,DeathsByDate,6
01/11/2022,Scotland,DeathsByDate,9
02/11/2022,Wales,DeathsByDate,3
02/11/2022,England,DeathsByDate,66
02/11/2022,Scotland,DeathsByDate,8
02/11/2022,Northern Ireland,DeathsByDate,2
03/11/2022,Northern Ireland,DeathsByDate,2
03/11/2022,Scotland,DeathsByDate,7
03/11/2022,England,DeathsByDate,70
03/11/2022,Wales,DeathsByDate,5
04/11/2022,Scotland,DeathsByDate,12
04/11/2022,England,DeathsByDate,79
04/11/2022,Wales,DeathsByDate,4
04/11/2022,Northern Ireland,DeathsByDate,3
05/11/2022,Northern Ireland,DeathsByDate,4
05/11/2022,England,DeathsByDate,63
05/11/2022,Scotland,DeathsByDate,7
05/11/2022,Wales,DeathsByDate,5
06/11/2022,Wales,DeathsByDate,5
06/11/2022,Northern Ireland,DeathsByDate,1
06/11/2022,England,DeathsByDate,48
06/11/2022,Scotland,DeathsByDate,4
07/11/2022,England,DeathsByDate,63
07/11/2022,Scotland,DeathsByDate,8
07/11/2022,Wales,DeathsByDate,3
07/11/2022,Northern Ireland,DeathsByDate,2
08/11/2022,Northern Ireland,DeathsByDate,0
08/11/2022,England,DeathsByDate,58
08/11/2022,Scotland,DeathsByDate,4
08/11/2022,Wales,DeathsByDate,3
09/11/2022,Wales,DeathsByDate,3
09/11/2022,Northern Ireland,DeathsByDate,2
09/11/2022,Scotland,DeathsByDate,7
09/11/2022,England,DeathsByDate,52
10/11/2022,England,DeathsByDate,45
10/11/2022,Scotland,DeathsByDate,6
10/11/2022,Wales,DeathsByDate,4
10/11/2022,Northern Ireland,DeathsByDate,0
11/11/2022,Northern Ireland,DeathsByDate,0
11/11/2022,Scotland,DeathsByDate,12
11/11/2022,England,DeathsByDate,56
11/11/2022,Wales,DeathsByDate,5
12/11/2022,Wales,DeathsByDate,1
12/11/2022,Northern Ireland,DeathsByDate,0
12/11/2022,Scotland,DeathsByDate,8
12/11/2022,England,DeathsByDate,37
13/11/2022,Scotland,DeathsByDate,3
13/11/2022,England,DeathsByDate,49
13/11/2022,Wales,DeathsByDate,0
13/11/2022,Northern Ireland,DeathsByDate,4
14/11/2022,Northern Ireland,DeathsByDate,0
14/11/2022,Scotland,DeathsByDate,5
14/11/2022,England,DeathsByDate,56
14/11/2022,Wales,DeathsByDate,1
15/11/2022,Wales,DeathsByDate,3
15/11/2022,Northern Ireland,DeathsByDate,1
15/11/2022,Scotland,DeathsByDate,5
15/11/2022,England,DeathsByDate,58
16/11/2022,Scotland,DeathsByDate,5
16/11/2022,England,DeathsByDate,43
16/11/2022,Wales,DeathsByDate,2
16/11/2022,Northern Ireland,DeathsByDate,4
17/11/2022,Northern Ireland,DeathsByDate,2
17/11/2022,England,DeathsByDate,46
17/11/2022,Scotland,DeathsByDate,5
17/11/2022,Wales,DeathsByDate,1
18/11/2022,Wales,DeathsByDate,2
18/11/2022,Northern Ireland,DeathsByDate,0
18/11/2022,England,DeathsByDate,52
18/11/2022,Scotland,DeathsByDate,4
19/11/2022,England,DeathsByDate,45
19/11/2022,Scotland,DeathsByDate,8
19/11/2022,Wales,DeathsByDate,2
19/11/2022,Northern Ireland,DeathsByDate,3
20/11/2022,Northern Ireland,DeathsByDate,1
20/11/2022,England,DeathsByDate,53
20/11/2022,Scotland,DeathsByDate,5
20/11/2022,Wales,DeathsByDate,2
21/11/2022,Wales,DeathsByDate,3
21/11/2022,Northern Ireland,DeathsByDate,2
21/11/2022,Scotland,DeathsByDate,4
21/11/2022,England,DeathsByDate,44
22/11/2022,England,DeathsByDate,43
22/11/2022,Scotland,DeathsByDate,10
22/11/2022,Wales,DeathsByDate,3
22/11/2022,Northern Ireland,DeathsByDate,3
23/11/2022,Northern Ireland,DeathsByDate,5
23/11/2022,Scotland,DeathsByDate,4
23/11/2022,England,DeathsByDate,48
23/11/2022,Wales,DeathsByDate,3
24/11/2022,Wales,DeathsByDate,0
24/11/2022,Northern Ireland,DeathsByDate,2
24/11/2022,England,DeathsByDate,43
24/11/2022,Scotland,DeathsByDate,7
25/11/2022,Scotland,DeathsByDate,1
25/11/2022,England,DeathsByDate,39
25/11/2022,Wales,DeathsByDate,2
25/11/2022,Northern Ireland,DeathsByDate,0
26/11/2022,Northern Ireland,DeathsByDate,2
26/11/2022,Scotland,DeathsByDate,6
26/11/2022,England,DeathsByDate,34
26/11/2022,Wales,DeathsByDate,6
27/11/2022,Wales,DeathsByDate,3
27/11/2022,Northern Ireland,DeathsByDate,2
27/11/2022,England,DeathsByDate,45
27/11/2022,Scotland,DeathsByDate,6
28/11/2022,England,DeathsByDate,49
28/11/2022,Scotland,DeathsByDate,7
28/11/2022,Wales,DeathsByDate,5
28/11/2022,Northern Ireland,DeathsByDate,0
29/11/2022,Northern Ireland,DeathsByDate,4
29/11/2022,Scotland,DeathsByDate,8
29/11/2022,England,DeathsByDate,39
29/11/2022,Wales,DeathsByDate,3
30/11/2022,Wales,DeathsByDate,2
30/11/2022,Northern Ireland,DeathsByDate,2
30/11/2022,England,DeathsByDate,36
30/11/2022,Scotland,DeathsByDate,6
01/12/2022,Scotland,DeathsByDate,5
01/12/2022,England,DeathsByDate,48
01/12/2022,Wales,DeathsByDate,2
01/12/2022,Northern Ireland,DeathsByDate,0
02/12/2022,Northern Ireland,DeathsByDate,0
02/12/2022,England,DeathsByDate,41
02/12/2022,Scotland,DeathsByDate,6
02/12/2022,Wales,DeathsByDate,4
03/12/2022,Wales,DeathsByDate,2
03/12/2022,Northern Ireland,DeathsByDate,3
03/12/2022,Scotland,DeathsByDate,5
03/12/2022,England,DeathsByDate,47
04/12/2022,Scotland,DeathsByDate,9
04/12/2022,England,DeathsByDate,30
04/12/2022,Wales,DeathsByDate,6
04/12/2022,Northern Ireland,DeathsByDate,3
05/12/2022,Northern Ireland,DeathsByDate,1
05/12/2022,England,DeathsByDate,54
05/12/2022,Scotland,DeathsByDate,4
05/12/2022,Wales,DeathsByDate,5
06/12/2022,Wales,DeathsByDate,7
06/12/2022,Northern Ireland,DeathsByDate,2
06/12/2022,Scotland,DeathsByDate,7
06/12/2022,England,DeathsByDate,59
07/12/2022,Scotland,DeathsByDate,5
07/12/2022,England,DeathsByDate,52
07/12/2022,Wales,DeathsByDate,4
07/12/2022,Northern Ireland,DeathsByDate,3
08/12/2022,Northern Ireland,DeathsByDate,1
08/12/2022,England,DeathsByDate,56
08/12/2022,Scotland,DeathsByDate,7
08/12/2022,Wales,DeathsByDate,6
09/12/2022,Wales,DeathsByDate,9
09/12/2022,Northern Ireland,DeathsByDate,2
09/12/2022,England,DeathsByDate,53
09/12/2022,Scotland,DeathsByDate,7
10/12/2022,England,DeathsByDate,59
10/12/2022,Scotland,DeathsByDate,6
10/12/2022,Wales,DeathsByDate,2
10/12/2022,Northern Ireland,DeathsByDate,2
11/12/2022,Northern Ireland,DeathsByDate,1
11/12/2022,Scotland,DeathsByDate,6
11/12/2022,England,DeathsByDate,58
11/12/2022,Wales,DeathsByDate,6
12/12/2022,Wales,DeathsByDate,5
12/12/2022,Northern Ireland,DeathsByDate,0
12/12/2022,England,DeathsByDate,56
12/12/2022,Scotland,DeathsByDate,9
13/12/2022,England,DeathsByDate,61
13/12/2022,Scotland,DeathsByDate,4
13/12/2022,Wales,DeathsByDate,1
13/12/2022,Northern Ireland,DeathsByDate,1
14/12/2022,Northern Ireland,DeathsByDate,2
14/12/2022,England,DeathsByDate,81
14/12/2022,Scotland,DeathsByDate,12
14/12/2022,Wales,DeathsByDate,2
15/12/2022,Wales,DeathsByDate,4
15/12/2022,Northern Ireland,DeathsByDate,3
15/12/2022,Scotland,DeathsByDate,9
15/12/2022,England,DeathsByDate,43
16/12/2022,England,DeathsByDate,72
16/12/2022,Scotland,DeathsByDate,8
16/12/2022,Wales,DeathsByDate,5
16/12/2022,Northern Ireland,DeathsByDate,3
17/12/2022,Northern Ireland,DeathsByDate,2
17/12/2022,England,DeathsByDate,75
17/12/2022,Scotland,DeathsByDate,8
17/12/2022,Wales,DeathsByDate,6
18/12/2022,Wales,DeathsByDate,3
18/12/2022,Northern Ireland,DeathsByDate,1
18/12/2022,England,DeathsByDate,88
18/12/2022,Scotland,DeathsByDate,8
19/12/2022,Scotland,DeathsByDate,10
19/12/2022,England,DeathsByDate,95
19/12/2022,Wales,DeathsByDate,8
19/12/2022,Northern Ireland,DeathsByDate,1
20/12/2022,Northern Ireland,DeathsByDate,2
20/12/2022,Scotland,DeathsByDate,11
20/12/2022,England,DeathsByDate,97
20/12/2022,Wales,DeathsByDate,2
21/12/2022,Wales,DeathsByDate,7
21/12/2022,Northern Ireland,DeathsByDate,4
21/12/2022,Scotland,DeathsByDate,12
21/12/2022,England,DeathsByDate,86
22/12/2022,Scotland,DeathsByDate,13
22/12/2022,England,DeathsByDate,83
22/12/2022,Wales,DeathsByDate,10
22/12/2022,Northern Ireland,DeathsByDate,8
23/12/2022,Northern Ireland,DeathsByDate,2
23/12/2022,Scotland,DeathsByDate,8
23/12/2022,England,DeathsByDate,103
23/12/2022,Wales,DeathsByDate,6
24/12/2022,Wales,DeathsByDate,6
24/12/2022,Northern Ireland,DeathsByDate,3
24/12/2022,England,DeathsByDate,117
24/12/2022,Scotland,DeathsByDate,19
25/12/2022,England,DeathsByDate,106
25/12/2022,Scotland,DeathsByDate,14
25/12/2022,Wales,DeathsByDate,9
25/12/2022,Northern Ireland,DeathsByDate,2
26/12/2022,Northern Ireland,DeathsByDate,1
26/12/2022,England,DeathsByDate,104
26/12/2022,Scotland,DeathsByDate,15
26/12/2022,Wales,DeathsByDate,9
27/12/2022,Wales,DeathsByDate,10
27/12/2022,Northern Ireland,DeathsByDate,1
27/12/2022,Scotland,DeathsByDate,17
27/12/2022,England,DeathsByDate,114
28/12/2022,England,DeathsByDate,110
28/12/2022,Scotland,DeathsByDate,11
28/12/2022,Wales,DeathsByDate,8
28/12/2022,Northern Ireland,DeathsByDate,5
29/12/2022,Northern Ireland,DeathsByDate,3
29/12/2022,Scotland,DeathsByDate,16
29/12/2022,England,DeathsByDate,100
29/12/2022,Wales,DeathsByDate,14
30/12/2022,Wales,DeathsByDate,11
30/12/2022,Northern Ireland,DeathsByDate,6
30/12/2022,England,DeathsByDate,129
30/12/2022,Scotland,DeathsByDate,10
31/12/2022,Scotland,DeathsByDate,9
31/12/2022,England,DeathsByDate,129
31/12/2022,Wales,DeathsByDate,11
31/12/2022,Northern Ireland,DeathsByDate,1
01/01/2023,Northern Ireland,DeathsByDate,2
01/01/2023,Scotland,DeathsByDate,10
01/01/2023,England,DeathsByDate,108
01/01/2023,Wales,DeathsByDate,9
02/01/2023,Wales,DeathsByDate,7
02/01/2023,Northern Ireland,DeathsByDate,4
02/01/2023,Scotland,DeathsByDate,12
02/01/2023,England,DeathsByDate,106
03/01/2023,England,DeathsByDate,114
03/01/2023,Scotland,DeathsByDate,15
03/01/2023,Wales,DeathsByDate,8
03/01/2023,Northern Ireland,DeathsByDate,2
04/01/2023,Northern Ireland,DeathsByDate,0
04/01/2023,Scotland,DeathsByDate,15
04/01/2023,England,DeathsByDate,116
04/01/2023,Wales,DeathsByDate,8
05/01/2023,Wales,DeathsByDate,10
05/01/2023,Northern Ireland,DeathsByDate,6
05/01/2023,Scotland,DeathsByDate,15
05/01/2023,England,DeathsByDate,115
06/01/2023,England,DeathsByDate,88
06/01/2023,Wales,DeathsByDate,7
06/01/2023,Northern Ireland,DeathsByDate,7
06/01/2023,Scotland,DeathsByDate,14
07/01/2023,Northern Ireland,DeathsByDate,3
07/01/2023,Scotland,DeathsByDate,14
07/01/2023,England,DeathsByDate,98
07/01/2023,Wales,DeathsByDate,5
08/01/2023,Wales,DeathsByDate,8
08/01/2023,Northern Ireland,DeathsByDate,3
08/01/2023,Scotland,DeathsByDate,11
08/01/2023,England,DeathsByDate,102
09/01/2023,England,DeathsByDate,108
09/01/2023,Wales,DeathsByDate,5
09/01/2023,Northern Ireland,DeathsByDate,3
09/01/2023,Scotland,DeathsByDate,17
10/01/2023,Northern Ireland,DeathsByDate,2
10/01/2023,Scotland,DeathsByDate,10
10/01/2023,England,DeathsByDate,85
10/01/2023,Wales,DeathsByDate,17
11/01/2023,Wales,DeathsByDate,4
11/01/2023,Northern Ireland,DeathsByDate,3
11/01/2023,Scotland,DeathsByDate,13
11/01/2023,England,DeathsByDate,77
12/01/2023,England,DeathsByDate,103
12/01/2023,Wales,DeathsByDate,5
12/01/2023,Northern Ireland,DeathsByDate,6
12/01/2023,Scotland,DeathsByDate,5
13/01/2023,Scotland,DeathsByDate,9
13/01/2023,Northern Ireland,DeathsByDate,2
13/01/2023,England,DeathsByDate,83
13/01/2023,Wales,DeathsByDate,12
14/01/2023,Wales,DeathsByDate,8
14/01/2023,Scotland,DeathsByDate,6
14/01/2023,Northern Ireland,DeathsByDate,3
14/01/2023,England,DeathsByDate,84
15/01/2023,England,DeathsByDate,87
15/01/2023,Wales,DeathsByDate,9
15/01/2023,Northern Ireland,DeathsByDate,4
15/01/2023,Scotland,DeathsByDate,14
16/01/2023,Scotland,DeathsByDate,8
16/01/2023,Northern Ireland,DeathsByDate,2
16/01/2023,England,DeathsByDate,93
16/01/2023,Wales,DeathsByDate,7
17/01/2023,Wales,DeathsByDate,8
17/01/2023,Northern Ireland,DeathsByDate,1
17/01/2023,Scotland,DeathsByDate,11
17/01/2023,England,DeathsByDate,73
18/01/2023,England,DeathsByDate,74
18/01/2023,Wales,DeathsByDate,4
18/01/2023,Northern Ireland,DeathsByDate,3
18/01/2023,Scotland,DeathsByDate,12
19/01/2023,Scotland,DeathsByDate,8
19/01/2023,Northern Ireland,DeathsByDate,3
19/01/2023,England,DeathsByDate,71
19/01/2023,Wales,DeathsByDate,2
20/01/2023,Wales,DeathsByDate,6
20/01/2023,Northern Ireland,DeathsByDate,3
20/01/2023,Scotland,DeathsByDate,7
20/01/2023,England,DeathsByDate,65
21/01/2023,England,DeathsByDate,64
21/01/2023,Wales,DeathsByDate,0
21/01/2023,Northern Ireland,DeathsByDate,3
21/01/2023,Scotland,DeathsByDate,7
22/01/2023,Scotland,DeathsByDate,6
22/01/2023,Northern Ireland,DeathsByDate,0
22/01/2023,England,DeathsByDate,69
22/01/2023,Wales,DeathsByDate,2
23/01/2023,Wales,DeathsByDate,5
23/01/2023,Scotland,DeathsByDate,7
23/01/2023,Northern Ireland,DeathsByDate,5
23/01/2023,England,DeathsByDate,59
24/01/2023,England,DeathsByDate,71
24/01/2023,Wales,DeathsByDate,4
24/01/2023,Northern Ireland,DeathsByDate,3
24/01/2023,Scotland,DeathsByDate,5
25/01/2023,Scotland,DeathsByDate,7
25/01/2023,Northern Ireland,DeathsByDate,3
25/01/2023,England,DeathsByDate,54
25/01/2023,Wales,DeathsByDate,3
26/01/2023,Wales,DeathsByDate,1
26/01/2023,Northern Ireland,DeathsByDate,4
26/01/2023,Scotland,DeathsByDate,4
26/01/2023,England,DeathsByDate,62
27/01/2023,England,DeathsByDate,68
27/01/2023,Wales,DeathsByDate,3
27/01/2023,Northern Ireland,DeathsByDate,3
27/01/2023,Scotland,DeathsByDate,4
28/01/2023,Northern Ireland,DeathsByDate,2
28/01/2023,Scotland,DeathsByDate,3
28/01/2023,England,DeathsByDate,62
28/01/2023,Wales,DeathsByDate,6
29/01/2023,Wales,DeathsByDate,6
29/01/2023,Northern Ireland,DeathsByDate,2
29/01/2023,Scotland,DeathsByDate,5
29/01/2023,England,DeathsByDate,64
30/01/2023,England,DeathsByDate,55
30/01/2023,Wales,DeathsByDate,2
30/01/2023,Northern Ireland,DeathsByDate,0
30/01/2023,Scotland,DeathsByDate,3
31/01/2023,Northern Ireland,DeathsByDate,2
31/01/2023,Scotland,DeathsByDate,4
31/01/2023,England,DeathsByDate,56
31/01/2023,Wales,DeathsByDate,1
01/02/2023,Wales,DeathsByDate,4
01/02/2023,Northern Ireland,DeathsByDate,1
01/02/2023,Scotland,DeathsByDate,6
01/02/2023,England,DeathsByDate,59
02/02/2023,England,DeathsByDate,68
02/02/2023,Wales,DeathsByDate,0
02/02/2023,Scotland,DeathsByDate,5
02/02/2023,Northern Ireland,DeathsByDate,2
03/02/2023,Northern Ireland,DeathsByDate,6
03/02/2023,Scotland,DeathsByDate,5
03/02/2023,England,DeathsByDate,57
03/02/2023,Wales,DeathsByDate,2
04/02/2023,Wales,DeathsByDate,2
04/02/2023,Scotland,DeathsByDate,8
04/02/2023,Northern Ireland,DeathsByDate,4
04/02/2023,England,DeathsByDate,52
05/02/2023,England,DeathsByDate,65
05/02/2023,Wales,DeathsByDate,1
05/02/2023,Northern Ireland,DeathsByDate,1
05/02/2023,Scotland,DeathsByDate,6
06/02/2023,Scotland,DeathsByDate,4
06/02/2023,Northern Ireland,DeathsByDate,1
06/02/2023,England,DeathsByDate,48
06/02/2023,Wales,DeathsByDate,3
07/02/2023,Wales,DeathsByDate,2
07/02/2023,Scotland,DeathsByDate,4
07/02/2023,Northern Ireland,DeathsByDate,1
07/02/2023,England,DeathsByDate,59
08/02/2023,England,DeathsByDate,62
08/02/2023,Wales,DeathsByDate,1
08/02/2023,Scotland,DeathsByDate,6
08/02/2023,Northern Ireland,DeathsByDate,2
09/02/2023,Northern Ireland,DeathsByDate,3
09/02/2023,Scotland,DeathsByDate,8
09/02/2023,England,DeathsByDate,49
09/02/2023,Wales,DeathsByDate,4
10/02/2023,Wales,DeathsByDate,2
10/02/2023,Scotland,DeathsByDate,4
10/02/2023,Northern Ireland,DeathsByDate,1
10/02/2023,England,DeathsByDate,67
11/02/2023,England,DeathsByDate,56
11/02/2023,Wales,DeathsByDate,1
11/02/2023,Scotland,DeathsByDate,2
11/02/2023,Northern Ireland,DeathsByDate,1
12/02/2023,Northern Ireland,DeathsByDate,2
12/02/2023,Scotland,DeathsByDate,11
12/02/2023,England,DeathsByDate,55
12/02/2023,Wales,DeathsByDate,1
13/02/2023,Wales,DeathsByDate,3
13/02/2023,Scotland,DeathsByDate,5
13/02/2023,Northern Ireland,DeathsByDate,0
13/02/2023,England,DeathsByDate,46
14/02/2023,England,DeathsByDate,69
14/02/2023,Wales,DeathsByDate,1
14/02/2023,Northern Ireland,DeathsByDate,2
14/02/2023,Scotland,DeathsByDate,5
15/02/2023,Scotland,DeathsByDate,10
15/02/2023,Northern Ireland,DeathsByDate,0
15/02/2023,England,DeathsByDate,54
15/02/2023,Wales,DeathsByDate,6
16/02/2023,Wales,DeathsByDate,2
16/02/2023,Northern Ireland,DeathsByDate,0
16/02/2023,Scotland,DeathsByDate,6
16/02/2023,England,DeathsByDate,67
17/02/2023,England,DeathsByDate,71
17/02/2023,Wales,DeathsByDate,0
17/02/2023,Scotland,DeathsByDate,12
17/02/2023,Northern Ireland,DeathsByDate,1
18/02/2023,Scotland,DeathsByDate,6
18/02/2023,Northern Ireland,DeathsByDate,3
18/02/2023,England,DeathsByDate,65
18/02/2023,Wales,DeathsByDate,4
19/02/2023,Wales,DeathsByDate,4
19/02/2023,Northern Ireland,DeathsByDate,0
19/02/2023,Scotland,DeathsByDate,4
19/02/2023,England,DeathsByDate,52
20/02/2023,England,DeathsByDate,66
20/02/2023,Wales,DeathsByDate,1
20/02/2023,Northern Ireland,DeathsByDate,0
20/02/2023,Scotland,DeathsByDate,11
21/02/2023,Northern Ireland,DeathsByDate,1
21/02/2023,Scotland,DeathsByDate,3
21/02/2023,England,DeathsByDate,55
21/02/2023,Wales,DeathsByDate,1
22/02/2023,Wales,DeathsByDate,2
22/02/2023,Northern Ireland,DeathsByDate,2
22/02/2023,Scotland,DeathsByDate,2
22/02/2023,England,DeathsByDate,78
23/02/2023,England,DeathsByDate,67
23/02/2023,Wales,DeathsByDate,1
23/02/2023,Scotland,DeathsByDate,3
23/02/2023,Northern Ireland,DeathsByDate,3
24/02/2023,Northern Ireland,DeathsByDate,0
24/02/2023,Scotland,DeathsByDate,7
24/02/2023,England,DeathsByDate,71
24/02/2023,Wales,DeathsByDate,3
25/02/2023,Wales,DeathsByDate,4
25/02/2023,Northern Ireland,DeathsByDate,2
25/02/2023,Scotland,DeathsByDate,6
25/02/2023,England,DeathsByDate,65
26/02/2023,England,DeathsByDate,77
26/02/2023,Wales,DeathsByDate,1
26/02/2023,Northern Ireland,DeathsByDate,1
26/02/2023,Scotland,DeathsByDate,6
27/02/2023,Scotland,DeathsByDate,6
27/02/2023,Northern Ireland,DeathsByDate,1
27/02/2023,England,DeathsByDate,70
27/02/2023,Wales,DeathsByDate,2
28/02/2023,Wales,DeathsByDate,1
28/02/2023,Northern Ireland,DeathsByDate,0
28/02/2023,Scotland,DeathsByDate,2
28/02/2023,England,DeathsByDate,71
01/03/2023,England,DeathsByDate,63
01/03/2023,Wales,DeathsByDate,2
01/03/2023,Northern Ireland,DeathsByDate,3
01/03/2023,Scotland,DeathsByDate,15
02/03/2023,Northern Ireland,DeathsByDate,0
02/03/2023,Scotland,DeathsByDate,10
02/03/2023,England,DeathsByDate,89
02/03/2023,Wales,DeathsByDate,3
03/03/2023,Wales,DeathsByDate,5
03/03/2023,Northern Ireland,DeathsByDate,1
03/03/2023,Scotland,DeathsByDate,11
03/03/2023,England,DeathsByDate,62
04/03/2023,England,DeathsByDate,83
04/03/2023,Wales,DeathsByDate,4
04/03/2023,Scotland,DeathsByDate,10
04/03/2023,Northern Ireland,DeathsByDate,2
05/03/2023,Scotland,DeathsByDate,6
05/03/2023,Northern Ireland,DeathsByDate,1
05/03/2023,England,DeathsByDate,83
05/03/2023,Wales,DeathsByDate,7
06/03/2023,Wales,DeathsByDate,2
06/03/2023,Northern Ireland,DeathsByDate,1
06/03/2023,Scotland,DeathsByDate,10
06/03/2023,England,DeathsByDate,77
07/03/2023,England,DeathsByDate,76
07/03/2023,Wales,DeathsByDate,7
07/03/2023,Scotland,DeathsByDate,7
07/03/2023,Northern Ireland,DeathsByDate,1
08/03/2023,Scotland,DeathsByDate,11
08/03/2023,Northern Ireland,DeathsByDate,1
08/03/2023,England,DeathsByDate,77
08/03/2023,Wales,DeathsByDate,5
09/03/2023,Wales,DeathsByDate,9
09/03/2023,Northern Ireland,DeathsByDate,0
09/03/2023,Scotland,DeathsByDate,7
09/03/2023,England,DeathsByDate,78
10/03/2023,England,DeathsByDate,77
10/03/2023,Wales,DeathsByDate,9
10/03/2023,Scotland,DeathsByDate,5
10/03/2023,Northern Ireland,DeathsByDate,1
11/03/2023,Northern Ireland,DeathsByDate,0
11/03/2023,Scotland,DeathsByDate,14
11/03/2023,England,DeathsByDate,81
11/03/2023,Wales,DeathsByDate,5
12/03/2023,Wales,DeathsByDate,3
12/03/2023,Northern Ireland,DeathsByDate,5
12/03/2023,Scotland,DeathsByDate,11
12/03/2023,England,DeathsByDate,82
13/03/2023,Scotland,DeathsByDate,5
13/03/2023,Northern Ireland,DeathsByDate,0
13/03/2023,England,DeathsByDate,86
13/03/2023,Wales,DeathsByDate,5
14/03/2023,Wales,DeathsByDate,4
14/03/2023,England,DeathsByDate,80
14/03/2023,Scotland,DeathsByDate,6
14/03/2023,Northern Ireland,DeathsByDate,2
15/03/2023,Scotland,DeathsByDate,8
15/03/2023,Northern Ireland,DeathsByDate,0
15/03/2023,England,DeathsByDate,91
15/03/2023,Wales,DeathsByDate,7
16/03/2023,Wales,DeathsByDate,9
16/03/2023,England,DeathsByDate,82
16/03/2023,Scotland,DeathsByDate,12
16/03/2023,Northern Ireland,DeathsByDate,0
17/03/2023,Northern Ireland,DeathsByDate,0
17/03/2023,Scotland,DeathsByDate,10
17/03/2023,Wales,DeathsByDate,7
17/03/2023,England,DeathsByDate,94
18/03/2023,Wales,DeathsByDate,5
18/03/2023,England,DeathsByDate,82
18/03/2023,Scotland,DeathsByDate,9
18/03/2023,Northern Ireland,DeathsByDate,2
19/03/2023,Scotland,DeathsByDate,5
19/03/2023,Northern Ireland,DeathsByDate,2
19/03/2023,England,DeathsByDate,76
19/03/2023,Wales,DeathsByDate,7
20/03/2023,England,DeathsByDate,74
20/03/2023,Wales,DeathsByDate,8
20/03/2023,Northern Ireland,DeathsByDate,0
20/03/2023,Scotland,DeathsByDate,14
21/03/2023,Scotland,DeathsByDate,19
21/03/2023,Northern Ireland,DeathsByDate,1
21/03/2023,England,DeathsByDate,101
21/03/2023,Wales,DeathsByDate,6
22/03/2023,Wales,DeathsByDate,5
22/03/2023,England,DeathsByDate,85
22/03/2023,Northern Ireland,DeathsByDate,0
22/03/2023,Scotland,DeathsByDate,12
23/03/2023,Northern Ireland,DeathsByDate,0
23/03/2023,Scotland,DeathsByDate,11
23/03/2023,Wales,DeathsByDate,6
23/03/2023,England,DeathsByDate,90
24/03/2023,Wales,DeathsByDate,3
24/03/2023,England,DeathsByDate,94
24/03/2023,Scotland,DeathsByDate,14
24/03/2023,Northern Ireland,DeathsByDate,2
25/03/2023,Scotland,DeathsByDate,12
25/03/2023,Northern Ireland,DeathsByDate,3
25/03/2023,England,DeathsByDate,94
25/03/2023,Wales,DeathsByDate,6
26/03/2023,Wales,DeathsByDate,8
26/03/2023,England,DeathsByDate,69
26/03/2023,Northern Ireland,DeathsByDate,2
26/03/2023,Scotland,DeathsByDate,7
27/03/2023,Scotland,DeathsByDate,7
27/03/2023,Northern Ireland,DeathsByDate,2
27/03/2023,Wales,DeathsByDate,4
27/03/2023,England,DeathsByDate,85
28/03/2023,England,DeathsByDate,95
28/03/2023,Wales,DeathsByDate,3
28/03/2023,Northern Ireland,DeathsByDate,1
28/03/2023,Scotland,DeathsByDate,14
29/03/2023,Scotland,DeathsByDate,10
29/03/2023,Northern Ireland,DeathsByDate,4
29/03/2023,England,DeathsByDate,77
29/03/2023,Wales,DeathsByDate,4
30/03/2023,Wales,DeathsByDate,5
30/03/2023,England,DeathsByDate,88
30/03/2023,Northern Ireland,DeathsByDate,2
30/03/2023,Scotland,DeathsByDate,13
31/03/2023,Scotland,DeathsByDate,10
31/03/2023,Northern Ireland,DeathsByDate,2
31/03/2023,England,DeathsByDate,62
31/03/2023,Wales,DeathsByDate,1
01/04/2023,Wales,DeathsByDate,5
01/04/2023,England,DeathsByDate,59
01/04/2023,Scotland,DeathsByDate,11
01/04/2023,Northern Ireland,DeathsByDate,0
02/04/2023,Northern Ireland,DeathsByDate,2
02/04/2023,Scotland,DeathsByDate,11
02/04/2023,England,DeathsByDate,61
02/04/2023,Wales,DeathsByDate,4
03/04/2023,Wales,DeathsByDate,1
03/04/2023,England,DeathsByDate,79
03/04/2023,Northern Ireland,DeathsByDate,0
03/04/2023,Scotland,DeathsByDate,7
04/04/2023,Northern Ireland,DeathsByDate,1
04/04/2023,Scotland,DeathsByDate,8
04/04/2023,Wales,DeathsByDate,7
04/04/2023,England,DeathsByDate,82
05/04/2023,England,DeathsByDate,50
05/04/2023,Wales,DeathsByDate,5
05/04/2023,Scotland,DeathsByDate,10
05/04/2023,Northern Ireland,DeathsByDate,1
06/04/2023,Scotland,DeathsByDate,11
06/04/2023,Northern Ireland,DeathsByDate,3
06/04/2023,Wales,DeathsByDate,1
06/04/2023,England,DeathsByDate,87
07/04/2023,England,DeathsByDate,76
07/04/2023,Wales,DeathsByDate,6
07/04/2023,Scotland,DeathsByDate,11
07/04/2023,Northern Ireland,DeathsByDate,1
08/04/2023,Scotland,DeathsByDate,19
08/04/2023,Northern Ireland,DeathsByDate,3
08/04/2023,England,DeathsByDate,59
08/04/2023,Wales,DeathsByDate,3
09/04/2023,England,DeathsByDate,55
09/04/2023,Wales,DeathsByDate,1
09/04/2023,Scotland,DeathsByDate,11
09/04/2023,Northern Ireland,DeathsByDate,2
10/04/2023,Northern Ireland,DeathsByDate,2
10/04/2023,Scotland,DeathsByDate,3
10/04/2023,Wales,DeathsByDate,2
10/04/2023,England,DeathsByDate,67
11/04/2023,Wales,DeathsByDate,5
11/04/2023,England,DeathsByDate,57
11/04/2023,Scotland,DeathsByDate,11
11/04/2023,Northern Ireland,DeathsByDate,2
12/04/2023,Northern Ireland,DeathsByDate,1
12/04/2023,Scotland,DeathsByDate,9
12/04/2023,England,DeathsByDate,63
12/04/2023,Wales,DeathsByDate,3
13/04/2023,England,DeathsByDate,75
13/04/2023,Wales,DeathsByDate,1
13/04/2023,Scotland,DeathsByDate,15
13/04/2023,Northern Ireland,DeathsByDate,0
14/04/2023,Northern Ireland,DeathsByDate,1
14/04/2023,Scotland,DeathsByDate,15
14/04/2023,Wales,DeathsByDate,1
14/04/2023,England,DeathsByDate,63
15/04/2023,Wales,DeathsByDate,5
15/04/2023,England,DeathsByDate,60
15/04/2023,Scotland,DeathsByDate,4
15/04/2023,Northern Ireland,DeathsByDate,1
16/04/2023,Northern Ireland,DeathsByDate,1
16/04/2023,Scotland,DeathsByDate,14
16/04/2023,England,DeathsByDate,58
16/04/2023,Wales,DeathsByDate,6
17/04/2023,England,DeathsByDate,52
17/04/2023,Wales,DeathsByDate,3
17/04/2023,Northern Ireland,DeathsByDate,2
17/04/2023,Scotland,DeathsByDate,8
18/04/2023,Scotland,DeathsByDate,8
18/04/2023,Northern Ireland,DeathsByDate,1
18/04/2023,Wales,DeathsByDate,4
18/04/2023,England,DeathsByDate,54
19/04/2023,Wales,DeathsByDate,2
19/04/2023,England,DeathsByDate,64
19/04/2023,Scotland,DeathsByDate,13
19/04/2023,Northern Ireland,DeathsByDate,2
20/04/2023,Scotland,DeathsByDate,7
20/04/2023,Northern Ireland,DeathsByDate,6
20/04/2023,Wales,DeathsByDate,5
20/04/2023,England,DeathsByDate,54
21/04/2023,England,DeathsByDate,71
21/04/2023,Wales,DeathsByDate,4
21/04/2023,Northern Ireland,DeathsByDate,1
21/04/2023,Scotland,DeathsByDate,7
22/04/2023,Northern Ireland,DeathsByDate,3
22/04/2023,Scotland,DeathsByDate,3
22/04/2023,Wales,DeathsByDate,4
22/04/2023,England,DeathsByDate,45
23/04/2023,England,DeathsByDate,54
23/04/2023,Wales,DeathsByDate,8
23/04/2023,Northern Ireland,DeathsByDate,3
23/04/2023,Scotland,DeathsByDate,8
24/04/2023,Scotland,DeathsByDate,5
24/04/2023,Northern Ireland,DeathsByDate,1
24/04/2023,England,DeathsByDate,41
24/04/2023,Wales,DeathsByDate,2
25/04/2023,Wales,DeathsByDate,3
25/04/2023,England,DeathsByDate,44
25/04/2023,Northern Ireland,DeathsByDate,4
25/04/2023,Scotland,DeathsByDate,10
26/04/2023,Northern Ireland,DeathsByDate,1
26/04/2023,Scotland,DeathsByDate,5
26/04/2023,England,DeathsByDate,49
26/04/2023,Wales,DeathsByDate,5
27/04/2023,Wales,DeathsByDate,1
27/04/2023,England,DeathsByDate,42
27/04/2023,Scotland,DeathsByDate,8
27/04/2023,Northern Ireland,DeathsByDate,1
28/04/2023,Scotland,DeathsByDate,9
28/04/2023,Northern Ireland,DeathsByDate,2
28/04/2023,England,DeathsByDate,39
28/04/2023,Wales,DeathsByDate,3
29/04/2023,Wales,DeathsByDate,4
29/04/2023,England,DeathsByDate,41
29/04/2023,Scotland,DeathsByDate,8
29/04/2023,Northern Ireland,DeathsByDate,0
30/04/2023,Northern Ireland,DeathsByDate,1
30/04/2023,Scotland,DeathsByDate,5
30/04/2023,England,DeathsByDate,32
30/04/2023,Wales,DeathsByDate,2
01/05/2023,England,DeathsByDate,43
01/05/2023,Wales,DeathsByDate,3
01/05/2023,Northern Ireland,DeathsByDate,3
01/05/2023,Scotland,DeathsByDate,1
02/05/2023,Northern Ireland,DeathsByDate,3
02/05/2023,Scotland,DeathsByDate,7
02/05/2023,Wales,DeathsByDate,6
02/05/2023,England,DeathsByDate,42
03/05/2023,England,DeathsByDate,43
03/05/2023,Wales,DeathsByDate,1
03/05/2023,Northern Ireland,DeathsByDate,0
03/05/2023,Scotland,DeathsByDate,5
04/05/2023,Northern Ireland,DeathsByDate,1
04/05/2023,Scotland,DeathsByDate,6
04/05/2023,Wales,DeathsByDate,5
04/05/2023,England,DeathsByDate,42
05/05/2023,England,DeathsByDate,38
05/05/2023,Wales,DeathsByDate,1
05/05/2023,Northern Ireland,DeathsByDate,2
05/05/2023,Scotland,DeathsByDate,4
06/05/2023,Northern Ireland,DeathsByDate,1
06/05/2023,Scotland,DeathsByDate,6
06/05/2023,England,DeathsByDate,37
06/05/2023,Wales,DeathsByDate,3
07/05/2023,England,DeathsByDate,44
07/05/2023,Wales,DeathsByDate,3
07/05/2023,Northern Ireland,DeathsByDate,2
07/05/2023,Scotland,DeathsByDate,4
08/05/2023,Scotland,DeathsByDate,3
08/05/2023,Northern Ireland,DeathsByDate,1
08/05/2023,Wales,DeathsByDate,0
08/05/2023,England,DeathsByDate,34
09/05/2023,Wales,DeathsByDate,2
09/05/2023,England,DeathsByDate,32
09/05/2023,Scotland,DeathsByDate,1
09/05/2023,Northern Ireland,DeathsByDate,1
10/05/2023,Northern Ireland,DeathsByDate,2
10/05/2023,Scotland,DeathsByDate,1
10/05/2023,Wales,DeathsByDate,4
10/05/2023,England,DeathsByDate,34
11/05/2023,England,DeathsByDate,46
11/05/2023,Wales,DeathsByDate,5
11/05/2023,Northern Ireland,DeathsByDate,0
11/05/2023,Scotland,DeathsByDate,4
12/05/2023,Scotland,DeathsByDate,7
12/05/2023,Northern Ireland,DeathsByDate,0
12/05/2023,England,DeathsByDate,41
12/05/2023,Wales,DeathsByDate,1
13/05/2023,Wales,DeathsByDate,1
13/05/2023,England,DeathsByDate,26
13/05/2023,Northern Ireland,DeathsByDate,1
13/05/2023,Scotland,DeathsByDate,3
14/05/2023,Scotland,DeathsByDate,2
14/05/2023,Northern Ireland,DeathsByDate,1
14/05/2023,England,DeathsByDate,26
14/05/2023,Wales,DeathsByDate,1
15/05/2023,England,DeathsByDate,27
15/05/2023,Wales,DeathsByDate,1
15/05/2023,Northern Ireland,DeathsByDate,0
15/05/2023,Scotland,DeathsByDate,3
16/05/2023,Scotland,DeathsByDate,4
16/05/2023,Northern Ireland,DeathsByDate,3
16/05/2023,England,DeathsByDate,43
16/05/2023,Wales,DeathsByDate,0
17/05/2023,England,DeathsByDate,45
17/05/2023,Wales,DeathsByDate,1
17/05/2023,Scotland,DeathsByDate,3
17/05/2023,Northern Ireland,DeathsByDate,0
18/05/2023,Scotland,DeathsByDate,1
18/05/2023,Northern Ireland,DeathsByDate,2
18/05/2023,Wales,DeathsByDate,2
18/05/2023,England,DeathsByDate,32
19/05/2023,England,DeathsByDate,40
19/05/2023,Wales,DeathsByDate,2
19/05/2023,Northern Ireland,DeathsByDate,0
19/05/2023,Scotland,DeathsByDate,2
20/05/2023,Scotland,DeathsByDate,3
20/05/2023,Northern Ireland,DeathsByDate,1
20/05/2023,England,DeathsByDate,25
20/05/2023,Wales,DeathsByDate,1
21/05/2023,Wales,DeathsByDate,4
21/05/2023,England,DeathsByDate,24
21/05/2023,Northern Ireland,DeathsByDate,0
21/05/2023,Scotland,DeathsByDate,5
22/05/2023,Northern Ireland,DeathsByDate,0
22/05/2023,Scotland,DeathsByDate,1
22/05/2023,Wales,DeathsByDate,3
22/05/2023,England,DeathsByDate,35
23/05/2023,Wales,DeathsByDate,1
23/05/2023,England,DeathsByDate,30
23/05/2023,Northern Ireland,DeathsByDate,0
23/05/2023,Scotland,DeathsByDate,0
24/05/2023,Scotland,DeathsByDate,2
24/05/2023,Northern Ireland,DeathsByDate,2
24/05/2023,England,DeathsByDate,28
24/05/2023,Wales,DeathsByDate,0
25/05/2023,Wales,DeathsByDate,2
25/05/2023,England,DeathsByDate,21
25/05/2023,Scotland,DeathsByDate,2
25/05/2023,Northern Ireland,DeathsByDate,0
26/05/2023,Northern Ireland,DeathsByDate,5
26/05/2023,Scotland,DeathsByDate,3
26/05/2023,England,DeathsByDate,33
26/05/2023,Wales,DeathsByDate,3
27/05/2023,Wales,DeathsByDate,4
27/05/2023,England,DeathsByDate,31
27/05/2023,Northern Ireland,DeathsByDate,1
27/05/2023,Scotland,DeathsByDate,1
28/05/2023,Scotland,DeathsByDate,3
28/05/2023,Northern Ireland,DeathsByDate,0
28/05/2023,Wales,DeathsByDate,1
28/05/2023,England,DeathsByDate,20
29/05/2023,England,DeathsByDate,21
29/05/2023,Wales,DeathsByDate,1
29/05/2023,Northern Ireland,DeathsByDate,0
29/05/2023,Scotland,DeathsByDate,2
30/05/2023,Northern Ireland,DeathsByDate,0
30/05/2023,Scotland,DeathsByDate,3
30/05/2023,Wales,DeathsByDate,2
30/05/2023,England,DeathsByDate,29
31/05/2023,England,DeathsByDate,20
31/05/2023,Wales,DeathsByDate,0
31/05/2023,Scotland,DeathsByDate,1
31/05/2023,Northern Ireland,DeathsByDate,1
01/06/2023,Northern Ireland,DeathsByDate,0
01/06/2023,Scotland,DeathsByDate,3
01/06/2023,England,DeathsByDate,27
01/06/2023,Wales,DeathsByDate,1
02/06/2023,England,DeathsByDate,20
02/06/2023,Wales,DeathsByDate,2
02/06/2023,Northern Ireland,DeathsByDate,1
02/06/2023,Scotland,DeathsByDate,1
03/06/2023,Northern Ireland,DeathsByDate,0
03/06/2023,Scotland,DeathsByDate,2
03/06/2023,Wales,DeathsByDate,0
03/06/2023,England,DeathsByDate,30
04/06/2023,Wales,DeathsByDate,2
04/06/2023,England,DeathsByDate,23
04/06/2023,Scotland,DeathsByDate,1
04/06/2023,Northern Ireland,DeathsByDate,0
05/06/2023,Northern Ireland,DeathsByDate,1
05/06/2023,Scotland,DeathsByDate,2
05/06/2023,England,DeathsByDate,16
05/06/2023,Wales,DeathsByDate,2
06/06/2023,England,DeathsByDate,20
06/06/2023,Wales,DeathsByDate,0
06/06/2023,Scotland,DeathsByDate,3
06/06/2023,Northern Ireland,DeathsByDate,0
07/06/2023,Northern Ireland,DeathsByDate,1
07/06/2023,Scotland,DeathsByDate,3
07/06/2023,Wales,DeathsByDate,1
07/06/2023,England,DeathsByDate,19
08/06/2023,Wales,DeathsByDate,2
08/06/2023,England,DeathsByDate,22
08/06/2023,Northern Ireland,DeathsByDate,0
08/06/2023,Scotland,DeathsByDate,0
09/06/2023,Scotland,DeathsByDate,0
09/06/2023,Northern Ireland,DeathsByDate,0
09/06/2023,England,DeathsByDate,18
09/06/2023,Wales,DeathsByDate,0
10/06/2023,Wales,DeathsByDate,1
10/06/2023,England,DeathsByDate,19
10/06/2023,Scotland,DeathsByDate,2
10/06/2023,Northern Ireland,DeathsByDate,0
11/06/2023,Scotland,DeathsByDate,2
11/06/2023,Northern Ireland,DeathsByDate,1
11/06/2023,Wales,DeathsByDate,1
11/06/2023,England,DeathsByDate,25
12/06/2023,England,DeathsByDate,25
12/06/2023,Wales,DeathsByDate,3
12/06/2023,Scotland,DeathsByDate,3
12/06/2023,Northern Ireland,DeathsByDate,0
13/06/2023,Northern Ireland,DeathsByDate,3
13/06/2023,Scotland,DeathsByDate,3
13/06/2023,England,DeathsByDate,21
13/06/2023,Wales,DeathsByDate,0
14/06/2023,Wales,DeathsByDate,4
14/06/2023,England,DeathsByDate,22
14/06/2023,Scotland,DeathsByDate,4
14/06/2023,Northern Ireland,DeathsByDate,0
15/06/2023,Northern Ireland,DeathsByDate,0
15/06/2023,Scotland,DeathsByDate,3
15/06/2023,England,DeathsByDate,19
15/06/2023,Wales,DeathsByDate,1
16/06/2023,England,DeathsByDate,19
16/06/2023,Wales,DeathsByDate,1
16/06/2023,Scotland,DeathsByDate,1
16/06/2023,Northern Ireland,DeathsByDate,3
17/06/2023,Scotland,DeathsByDate,0
17/06/2023,Northern Ireland,DeathsByDate,0
17/06/2023,Wales,DeathsByDate,1
17/06/2023,England,DeathsByDate,13
18/06/2023,England,DeathsByDate,14
18/06/2023,Wales,DeathsByDate,1
18/06/2023,Scotland,DeathsByDate,3
18/06/2023,Northern Ireland,DeathsByDate,0
19/06/2023,Northern Ireland,DeathsByDate,1
19/06/2023,Scotland,DeathsByDate,1
19/06/2023,Wales,DeathsByDate,3
19/06/2023,England,DeathsByDate,16
20/06/2023,England,DeathsByDate,17
20/06/2023,Wales,DeathsByDate,1
20/06/2023,Scotland,DeathsByDate,1
20/06/2023,Northern Ireland,DeathsByDate,0
21/06/2023,Northern Ireland,DeathsByDate,1
21/06/2023,Scotland,DeathsByDate,1
21/06/2023,Wales,DeathsByDate,1
21/06/2023,England,DeathsByDate,14
22/06/2023,England,DeathsByDate,9
22/06/2023,Wales,DeathsByDate,0
22/06/2023,Northern Ireland,DeathsByDate,0
22/06/2023,Scotland,DeathsByDate,0
23/06/2023,Scotland,DeathsByDate,3
23/06/2023,Northern Ireland,DeathsByDate,1
23/06/2023,Wales,DeathsByDate,0
23/06/2023,England,DeathsByDate,11
24/06/2023,England,DeathsByDate,11
24/06/2023,Wales,DeathsByDate,1
24/06/2023,Northern Ireland,DeathsByDate,1
24/06/2023,Scotland,DeathsByDate,0
25/06/2023,Northern Ireland,DeathsByDate,0
25/06/2023,Scotland,DeathsByDate,2
25/06/2023,Wales,DeathsByDate,0
25/06/2023,England,DeathsByDate,19
26/06/2023,Wales,DeathsByDate,0
26/06/2023,England,DeathsByDate,10
26/06/2023,Scotland,DeathsByDate,0
26/06/2023,Northern Ireland,DeathsByDate,0
27/06/2023,Scotland,DeathsByDate,4
27/06/2023,Northern Ireland,DeathsByDate,0
27/06/2023,England,DeathsByDate,13
27/06/2023,Wales,DeathsByDate,1
28/06/2023,England,DeathsByDate,4
28/06/2023,Wales,DeathsByDate,0
28/06/2023,Northern Ireland,DeathsByDate,2
28/06/2023,Scotland,DeathsByDate,1
29/06/2023,Scotland,DeathsByDate,1
29/06/2023,Northern Ireland,DeathsByDate,2
29/06/2023,Wales,DeathsByDate,0
29/06/2023,England,DeathsByDate,11
30/06/2023,England,DeathsByDate,17
30/06/2023,Wales,DeathsByDate,2
30/06/2023,Scotland,DeathsByDate,0
30/06/2023,Northern Ireland,DeathsByDate,0
01/07/2023,Northern Ireland,DeathsByDate,0
01/07/2023,Scotland,DeathsByDate,3
01/07/2023,England,DeathsByDate,9
01/07/2023,Wales,DeathsByDate,1
02/07/2023,England,DeathsByDate,12
02/07/2023,Wales,DeathsByDate,1
02/07/2023,Northern Ireland,DeathsByDate,0
02/07/2023,Scotland,DeathsByDate,1
03/07/2023,Scotland,DeathsByDate,0
03/07/2023,Northern Ireland,DeathsByDate,0
03/07/2023,Wales,DeathsByDate,0
03/07/2023,England,DeathsByDate,7
04/07/2023,England,DeathsByDate,7
04/07/2023,Wales,DeathsByDate,1
04/07/2023,Northern Ireland,DeathsByDate,0
04/07/2023,Scotland,DeathsByDate,1
05/07/2023,Northern Ireland,DeathsByDate,0
05/07/2023,Scotland,DeathsByDate,1
05/07/2023,Wales,DeathsByDate,0
05/07/2023,England,DeathsByDate,11
06/07/2023,Wales,DeathsByDate,0
06/07/2023,England,DeathsByDate,11
06/07/2023,Northern Ireland,DeathsByDate,1
06/07/2023,Scotland,DeathsByDate,0
07/07/2023,Northern Ireland,DeathsByDate,0
07/07/2023,Scotland,DeathsByDate,0
07/07/2023,Wales,DeathsByDate,0
07/07/2023,England,DeathsByDate,7
08/07/2023,Wales,DeathsByDate,2
08/07/2023,England,DeathsByDate,5
08/07/2023,Scotland,DeathsByDate,2
08/07/2023,Northern Ireland,DeathsByDate,0
09/07/2023,Scotland,DeathsByDate,2
09/07/2023,Northern Ireland,DeathsByDate,0
09/07/2023,England,DeathsByDate,6
09/07/2023,Wales,DeathsByDate,0
10/07/2023,England,DeathsByDate,9
10/07/2023,Wales,DeathsByDate,0
10/07/2023,Northern Ireland,DeathsByDate,1
10/07/2023,Scotland,DeathsByDate,1
11/07/2023,Scotland,DeathsByDate,1
11/07/2023,Northern Ireland,DeathsByDate,0
11/07/2023,Wales,DeathsByDate,1
11/07/2023,England,DeathsByDate,6
12/07/2023,Wales,DeathsByDate,0
12/07/2023,England,DeathsByDate,6
12/07/2023,Northern Ireland,DeathsByDate,1
12/07/2023,Scotland,DeathsByDate,1
13/07/2023,Scotland,DeathsByDate,1
13/07/2023,Northern Ireland,DeathsByDate,0
13/07/2023,Wales,DeathsByDate,3
13/07/2023,England,DeathsByDate,11
14/07/2023,England,DeathsByDate,2
14/07/2023,Wales,DeathsByDate,0
14/07/2023,Northern Ireland,DeathsByDate,0
14/07/2023,Scotland,DeathsByDate,2
15/07/2023,Scotland,DeathsByDate,2
15/07/2023,Northern Ireland,DeathsByDate,0
15/07/2023,Wales,DeathsByDate,2
15/07/2023,England,DeathsByDate,6
16/07/2023,England,DeathsByDate,6
16/07/2023,Wales,DeathsByDate,0
16/07/2023,Northern Ireland,DeathsByDate,0
16/07/2023,Scotland,DeathsByDate,2
17/07/2023,Northern Ireland,DeathsByDate,0
17/07/2023,Scotland,DeathsByDate,2
17/07/2023,Wales,DeathsByDate,0
17/07/2023,England,DeathsByDate,6
18/07/2023,Wales,DeathsByDate,2
18/07/2023,England,DeathsByDate,8
18/07/2023,Scotland,DeathsByDate,0
18/07/2023,Northern Ireland,DeathsByDate,1
19/07/2023,Northern Ireland,DeathsByDate,0
19/07/2023,Scotland,DeathsByDate,1
19/07/2023,Wales,DeathsByDate,1
19/07/2023,England,DeathsByDate,10
20/07/2023,Wales,DeathsByDate,0
20/07/2023,England,DeathsByDate,3
20/07/2023,Scotland,DeathsByDate,0
20/07/2023,Northern Ireland,DeathsByDate,0
21/07/2023,Northern Ireland,DeathsByDate,0
21/07/2023,Scotland,DeathsByDate,1
21/07/2023,England,DeathsByDate,9
21/07/2023,Wales,DeathsByDate,2
22/07/2023,Wales,DeathsByDate,2
22/07/2023,England,DeathsByDate,5
22/07/2023,Northern Ireland,DeathsByDate,0
22/07/2023,Scotland,DeathsByDate,1
23/07/2023,Scotland,DeathsByDate,0
23/07/2023,Northern Ireland,DeathsByDate,0
23/07/2023,England,DeathsByDate,9
23/07/2023,Wales,DeathsByDate,1
24/07/2023,Wales,DeathsByDate,1
24/07/2023,England,DeathsByDate,7
24/07/2023,Scotland,DeathsByDate,1
24/07/2023,Northern Ireland,DeathsByDate,0
25/07/2023,Scotland,DeathsByDate,1
25/07/2023,Northern Ireland,DeathsByDate,1
25/07/2023,England,DeathsByDate,9
25/07/2023,Wales,DeathsByDate,0
26/07/2023,England,DeathsByDate,12
26/07/2023,Wales,DeathsByDate,0
26/07/2023,Scotland,DeathsByDate,2
26/07/2023,Northern Ireland,DeathsByDate,0
27/07/2023,Northern Ireland,DeathsByDate,2
27/07/2023,Scotland,DeathsByDate,0
27/07/2023,Wales,DeathsByDate,1
27/07/2023,England,DeathsByDate,10
28/07/2023,Wales,DeathsByDate,0
28/07/2023,England,DeathsByDate,14
28/07/2023,Scotland,DeathsByDate,2
28/07/2023,Northern Ireland,DeathsByDate,0
29/07/2023,Scotland,DeathsByDate,3
29/07/2023,Northern Ireland,DeathsByDate,1
29/07/2023,England,DeathsByDate,8
29/07/2023,Wales,DeathsByDate,0
30/07/2023,England,DeathsByDate,6
30/07/2023,Wales,DeathsByDate,2
30/07/2023,Northern Ireland,DeathsByDate,1
30/07/2023,Scotland,DeathsByDate,1
31/07/2023,Scotland,DeathsByDate,2
31/07/2023,Northern Ireland,DeathsByDate,1
31/07/2023,England,DeathsByDate,13
31/07/2023,Wales,DeathsByDate,1
01/08/2023,Wales,DeathsByDate,0
01/08/2023,England,DeathsByDate,16
01/08/2023,Northern Ireland,DeathsByDate,2
01/08/2023,Scotland,DeathsByDate,0
02/08/2023,Scotland,DeathsByDate,3
02/08/2023,Northern Ireland,DeathsByDate,1
02/08/2023,England,DeathsByDate,13
02/08/2023,Wales,DeathsByDate,2
03/08/2023,Wales,DeathsByDate,0
03/08/2023,England,DeathsByDate,10
03/08/2023,Scotland,DeathsByDate,2
03/08/2023,Northern Ireland,DeathsByDate,0
04/08/2023,Northern Ireland,DeathsByDate,1
04/08/2023,Scotland,DeathsByDate,2
04/08/2023,England,DeathsByDate,10
04/08/2023,Wales,DeathsByDate,0
05/08/2023,England,DeathsByDate,15
05/08/2023,Wales,DeathsByDate,2
05/08/2023,Scotland,DeathsByDate,3
05/08/2023,Northern Ireland,DeathsByDate,2
06/08/2023,Scotland,DeathsByDate,2
06/08/2023,Northern Ireland,DeathsByDate,0
06/08/2023,England,DeathsByDate,15
06/08/2023,Wales,DeathsByDate,3
07/08/2023,Wales,DeathsByDate,1
07/08/2023,England,DeathsByDate,9
07/08/2023,Northern Ireland,DeathsByDate,1
07/08/2023,Scotland,DeathsByDate,2
08/08/2023,Scotland,DeathsByDate,2
08/08/2023,Northern Ireland,DeathsByDate,0
08/08/2023,Wales,DeathsByDate,0
08/08/2023,England,DeathsByDate,11
09/08/2023,Wales,DeathsByDate,0
09/08/2023,England,DeathsByDate,11
09/08/2023,Northern Ireland,DeathsByDate,2
09/08/2023,Scotland,DeathsByDate,0
10/08/2023,Northern Ireland,DeathsByDate,1
10/08/2023,Scotland,DeathsByDate,3
10/08/2023,Wales,DeathsByDate,0
10/08/2023,England,DeathsByDate,28
11/08/2023,Wales,DeathsByDate,2
11/08/2023,England,DeathsByDate,18
11/08/2023,Northern Ireland,DeathsByDate,1
11/08/2023,Scotland,DeathsByDate,3
12/08/2023,Scotland,DeathsByDate,5
12/08/2023,Northern Ireland,DeathsByDate,2
12/08/2023,England,DeathsByDate,26
12/08/2023,Wales,DeathsByDate,4
13/08/2023,Wales,DeathsByDate,2
13/08/2023,England,DeathsByDate,14
13/08/2023,Scotland,DeathsByDate,5
13/08/2023,Northern Ireland,DeathsByDate,0
14/08/2023,Northern Ireland,DeathsByDate,2
14/08/2023,Scotland,DeathsByDate,2
14/08/2023,England,DeathsByDate,19
14/08/2023,Wales,DeathsByDate,3
15/08/2023,England,DeathsByDate,13
15/08/2023,Wales,DeathsByDate,4
15/08/2023,Scotland,DeathsByDate,6
15/08/2023,Northern Ireland,DeathsByDate,1
16/08/2023,Northern Ireland,DeathsByDate,1
16/08/2023,Scotland,DeathsByDate,7
16/08/2023,Wales,DeathsByDate,3
16/08/2023,England,DeathsByDate,22
17/08/2023,Wales,DeathsByDate,6
17/08/2023,England,DeathsByDate,25
17/08/2023,Scotland,DeathsByDate,2
17/08/2023,Northern Ireland,DeathsByDate,2
18/08/2023,Scotland,DeathsByDate,2
18/08/2023,Northern Ireland,DeathsByDate,1
18/08/2023,Wales,DeathsByDate,2
18/08/2023,England,DeathsByDate,22
19/08/2023,England,DeathsByDate,34
19/08/2023,Wales,DeathsByDate,5
19/08/2023,Scotland,DeathsByDate,5
19/08/2023,Northern Ireland,DeathsByDate,2
20/08/2023,Scotland,DeathsByDate,4
20/08/2023,Northern Ireland,DeathsByDate,3
20/08/2023,Wales,DeathsByDate,2
20/08/2023,England,DeathsByDate,23
21/08/2023,Wales,DeathsByDate,2
21/08/2023,England,DeathsByDate,24
21/08/2023,Northern Ireland,DeathsByDate,2
21/08/2023,Scotland,DeathsByDate,2
22/08/2023,Northern Ireland,DeathsByDate,1
22/08/2023,Scotland,DeathsByDate,2
22/08/2023,Wales,DeathsByDate,7
22/08/2023,England,DeathsByDate,22
23/08/2023,England,DeathsByDate,19
23/08/2023,Wales,DeathsByDate,2
23/08/2023,Northern Ireland,DeathsByDate,2
23/08/2023,Scotland,DeathsByDate,3
24/08/2023,Northern Ireland,DeathsByDate,2
24/08/2023,Scotland,DeathsByDate,1
24/08/2023,England,DeathsByDate,24
24/08/2023,Wales,DeathsByDate,2
25/08/2023,Wales,DeathsByDate,2
25/08/2023,England,DeathsByDate,26
25/08/2023,Scotland,DeathsByDate,3
25/08/2023,Northern Ireland,DeathsByDate,0
26/08/2023,Northern Ireland,DeathsByDate,0
26/08/2023,Scotland,DeathsByDate,4
26/08/2023,England,DeathsByDate,18
26/08/2023,Wales,DeathsByDate,1
27/08/2023,Wales,DeathsByDate,2
27/08/2023,England,DeathsByDate,25
27/08/2023,Scotland,DeathsByDate,1
27/08/2023,Northern Ireland,DeathsByDate,1
28/08/2023,Northern Ireland,DeathsByDate,2
28/08/2023,Scotland,DeathsByDate,2
28/08/2023,England,DeathsByDate,17
28/08/2023,Wales,DeathsByDate,1
29/08/2023,Wales,DeathsByDate,6
29/08/2023,England,DeathsByDate,23
29/08/2023,Northern Ireland,DeathsByDate,1
29/08/2023,Scotland,DeathsByDate,8
30/08/2023,Scotland,DeathsByDate,4
30/08/2023,Northern Ireland,DeathsByDate,2
30/08/2023,England,DeathsByDate,26
30/08/2023,Wales,DeathsByDate,2
31/08/2023,England,DeathsByDate,16
31/08/2023,Wales,DeathsByDate,0
31/08/2023,Scotland,DeathsByDate,2
31/08/2023,Northern Ireland,DeathsByDate,2
01/09/2023,Northern Ireland,DeathsByDate,0
01/09/2023,Scotland,DeathsByDate,4
01/09/2023,Wales,DeathsByDate,2
01/09/2023,England,DeathsByDate,19
02/09/2023,England,DeathsByDate,28
02/09/2023,Wales,DeathsByDate,1
02/09/2023,Northern Ireland,DeathsByDate,1
02/09/2023,Scotland,DeathsByDate,5
03/09/2023,Northern Ireland,DeathsByDate,0
03/09/2023,Scotland,DeathsByDate,2
03/09/2023,Wales,DeathsByDate,2
03/09/2023,England,DeathsByDate,34
04/09/2023,Wales,DeathsByDate,1
04/09/2023,England,DeathsByDate,26
04/09/2023,Northern Ireland,DeathsByDate,2
04/09/2023,Scotland,DeathsByDate,4
05/09/2023,Scotland,DeathsByDate,4
05/09/2023,Northern Ireland,DeathsByDate,3
05/09/2023,Wales,DeathsByDate,4
05/09/2023,England,DeathsByDate,35
06/09/2023,Wales,DeathsByDate,2
06/09/2023,England,DeathsByDate,38
06/09/2023,Northern Ireland,DeathsByDate,2
06/09/2023,Scotland,DeathsByDate,2
07/09/2023,Scotland,DeathsByDate,4
07/09/2023,Northern Ireland,DeathsByDate,0
07/09/2023,Wales,DeathsByDate,6
07/09/2023,England,DeathsByDate,30
08/09/2023,England,DeathsByDate,43
08/09/2023,Wales,DeathsByDate,2
08/09/2023,Scotland,DeathsByDate,7
08/09/2023,Northern Ireland,DeathsByDate,0
09/09/2023,Scotland,DeathsByDate,5
09/09/2023,Northern Ireland,DeathsByDate,0
09/09/2023,England,DeathsByDate,34
09/09/2023,Wales,DeathsByDate,5
10/09/2023,Wales,DeathsByDate,3
10/09/2023,England,DeathsByDate,39
10/09/2023,Northern Ireland,DeathsByDate,2
10/09/2023,Scotland,DeathsByDate,3
11/09/2023,Northern Ireland,DeathsByDate,1
11/09/2023,Scotland,DeathsByDate,4
11/09/2023,Wales,DeathsByDate,3
11/09/2023,England,DeathsByDate,30
12/09/2023,Wales,DeathsByDate,2
12/09/2023,England,DeathsByDate,32
12/09/2023,Scotland,DeathsByDate,4
12/09/2023,Northern Ireland,DeathsByDate,1
13/09/2023,Northern Ireland,DeathsByDate,1
13/09/2023,Scotland,DeathsByDate,6
13/09/2023,England,DeathsByDate,35
13/09/2023,Wales,DeathsByDate,6
14/09/2023,Wales,DeathsByDate,2
14/09/2023,England,DeathsByDate,36
14/09/2023,Northern Ireland,DeathsByDate,2
14/09/2023,Scotland,DeathsByDate,4
15/09/2023,Northern Ireland,DeathsByDate,4
15/09/2023,Scotland,DeathsByDate,3
15/09/2023,England,DeathsByDate,33
15/09/2023,Wales,DeathsByDate,3
16/09/2023,England,DeathsByDate,19
16/09/2023,Wales,DeathsByDate,1
16/09/2023,Northern Ireland,DeathsByDate,1
16/09/2023,Scotland,DeathsByDate,6
17/09/2023,Scotland,DeathsByDate,2
17/09/2023,Northern Ireland,DeathsByDate,4
17/09/2023,England,DeathsByDate,30
17/09/2023,Wales,DeathsByDate,0
18/09/2023,Wales,DeathsByDate,6
18/09/2023,England,DeathsByDate,34
18/09/2023,Scotland,DeathsByDate,2
18/09/2023,Northern Ireland,DeathsByDate,2
19/09/2023,Northern Ireland,DeathsByDate,0
19/09/2023,Scotland,DeathsByDate,9
19/09/2023,England,DeathsByDate,31
19/09/2023,Wales,DeathsByDate,3
20/09/2023,Wales,DeathsByDate,4
20/09/2023,England,DeathsByDate,31
20/09/2023,Scotland,DeathsByDate,3
20/09/2023,Northern Ireland,DeathsByDate,4
21/09/2023,Northern Ireland,DeathsByDate,0
21/09/2023,Scotland,DeathsByDate,5
21/09/2023,Wales,DeathsByDate,0
21/09/2023,England,DeathsByDate,29
22/09/2023,England,DeathsByDate,29
22/09/2023,Wales,DeathsByDate,5
22/09/2023,Scotland,DeathsByDate,7
22/09/2023,Northern Ireland,DeathsByDate,0
23/09/2023,Northern Ireland,DeathsByDate,2
23/09/2023,Scotland,DeathsByDate,5
23/09/2023,Wales,DeathsByDate,5
23/09/2023,England,DeathsByDate,26
24/09/2023,Wales,DeathsByDate,4
24/09/2023,England,DeathsByDate,30
24/09/2023,Scotland,DeathsByDate,6
24/09/2023,Northern Ireland,DeathsByDate,1
25/09/2023,Northern Ireland,DeathsByDate,2
25/09/2023,Scotland,DeathsByDate,6
25/09/2023,England,DeathsByDate,31
25/09/2023,Wales,DeathsByDate,2
26/09/2023,Wales,DeathsByDate,4
26/09/2023,England,DeathsByDate,22
26/09/2023,Northern Ireland,DeathsByDate,2
26/09/2023,Scotland,DeathsByDate,5
27/09/2023,Northern Ireland,DeathsByDate,0
27/09/2023,Scotland,DeathsByDate,2
27/09/2023,Wales,DeathsByDate,4
27/09/2023,England,DeathsByDate,46
28/09/2023,England,DeathsByDate,44
28/09/2023,Wales,DeathsByDate,2
28/09/2023,Scotland,DeathsByDate,4
28/09/2023,Northern Ireland,DeathsByDate,0
29/09/2023,Scotland,DeathsByDate,5
29/09/2023,Northern Ireland,DeathsByDate,2
29/09/2023,Wales,DeathsByDate,1
29/09/2023,England,DeathsByDate,33
30/09/2023,England,DeathsByDate,38
30/09/2023,Wales,DeathsByDate,2
30/09/2023,Northern Ireland,DeathsByDate,1
30/09/2023,Scotland,DeathsByDate,7
01/10/2023,Scotland,DeathsByDate,4
01/10/2023,Northern Ireland,DeathsByDate,1
01/10/2023,England,DeathsByDate,42
01/10/2023,Wales,DeathsByDate,4
02/10/2023,Wales,DeathsByDate,2
02/10/2023,England,DeathsByDate,39
02/10/2023,Scotland,DeathsByDate,6
02/10/2023,Northern Ireland,DeathsByDate,0
03/10/2023,Scotland,DeathsByDate,2
03/10/2023,Northern Ireland,DeathsByDate,4
03/10/2023,England,DeathsByDate,32
03/10/2023,Wales,DeathsByDate,2
04/10/2023,England,DeathsByDate,40
04/10/2023,Wales,DeathsByDate,4
04/10/2023,Northern Ireland,DeathsByDate,1
04/10/2023,Scotland,DeathsByDate,5
05/10/2023,Northern Ireland,DeathsByDate,1
05/10/2023,Scotland,DeathsByDate,5
05/10/2023,England,DeathsByDate,41
05/10/2023,Wales,DeathsByDate,7
06/10/2023,Wales,DeathsByDate,1
06/10/2023,England,DeathsByDate,49
06/10/2023,Northern Ireland,DeathsByDate,1
06/10/2023,Scotland,DeathsByDate,6
07/10/2023,Northern Ireland,DeathsByDate,1
07/10/2023,Scotland,DeathsByDate,6
07/10/2023,England,DeathsByDate,49
07/10/2023,Wales,DeathsByDate,6
08/10/2023,England,DeathsByDate,44
08/10/2023,Wales,DeathsByDate,5
08/10/2023,Northern Ireland,DeathsByDate,2
08/10/2023,Scotland,DeathsByDate,4
09/10/2023,Northern Ireland,DeathsByDate,1
09/10/2023,Scotland,DeathsByDate,11
09/10/2023,England,DeathsByDate,36
09/10/2023,Wales,DeathsByDate,3
10/10/2023,England,DeathsByDate,39
10/10/2023,Wales,DeathsByDate,1
10/10/2023,Northern Ireland,DeathsByDate,4
10/10/2023,Scotland,DeathsByDate,9
11/10/2023,Northern Ireland,DeathsByDate,2
11/10/2023,Scotland,DeathsByDate,5
11/10/2023,Wales,DeathsByDate,4
11/10/2023,England,DeathsByDate,53
12/10/2023,England,DeathsByDate,40
12/10/2023,Wales,DeathsByDate,2
12/10/2023,Northern Ireland,DeathsByDate,2
12/10/2023,Scotland,DeathsByDate,5
13/10/2023,Northern Ireland,DeathsByDate,0
13/10/2023,Scotland,DeathsByDate,3
13/10/2023,Wales,DeathsByDate,2
13/10/2023,England,DeathsByDate,30
14/10/2023,England,DeathsByDate,42
14/10/2023,Wales,DeathsByDate,2
14/10/2023,Scotland,DeathsByDate,5
14/10/2023,Northern Ireland,DeathsByDate,1
15/10/2023,Scotland,DeathsByDate,5
15/10/2023,Northern Ireland,DeathsByDate,0
15/10/2023,Wales,DeathsByDate,1
15/10/2023,England,DeathsByDate,47
16/10/2023,Wales,DeathsByDate,2
16/10/2023,England,DeathsByDate,40
16/10/2023,Scotland,DeathsByDate,2
16/10/2023,Northern Ireland,DeathsByDate,1
17/10/2023,Northern Ireland,DeathsByDate,1
17/10/2023,Scotland,DeathsByDate,3
17/10/2023,England,DeathsByDate,51
17/10/2023,Wales,DeathsByDate,4
18/10/2023,Wales,DeathsByDate,2
18/10/2023,England,DeathsByDate,45
18/10/2023,Scotland,DeathsByDate,11
18/10/2023,Northern Ireland,DeathsByDate,1
19/10/2023,Northern Ireland,DeathsByDate,3
19/10/2023,Scotland,DeathsByDate,9
19/10/2023,England,DeathsByDate,48
19/10/2023,Wales,DeathsByDate,4
20/10/2023,Wales,DeathsByDate,5
20/10/2023,England,DeathsByDate,45
20/10/2023,Scotland,DeathsByDate,7
20/10/2023,Northern Ireland,DeathsByDate,5
21/10/2023,Scotland,DeathsByDate,5
21/10/2023,Northern Ireland,DeathsByDate,2
21/10/2023,England,DeathsByDate,42
21/10/2023,Wales,DeathsByDate,1
22/10/2023,Wales,DeathsByDate,2
22/10/2023,England,DeathsByDate,35
22/10/2023,Scotland,DeathsByDate,6
22/10/2023,Northern Ireland,DeathsByDate,2
23/10/2023,Northern Ireland,DeathsByDate,3
23/10/2023,Scotland,DeathsByDate,0
23/10/2023,England,DeathsByDate,38
23/10/2023,Wales,DeathsByDate,2
24/10/2023,England,DeathsByDate,40
24/10/2023,Wales,DeathsByDate,1
24/10/2023,Scotland,DeathsByDate,5
24/10/2023,Northern Ireland,DeathsByDate,1
25/10/2023,Scotland,DeathsByDate,3
25/10/2023,Northern Ireland,DeathsByDate,1
25/10/2023,England,DeathsByDate,53
25/10/2023,Wales,DeathsByDate,5
26/10/2023,Wales,DeathsByDate,5
26/10/2023,England,DeathsByDate,35
26/10/2023,Northern Ireland,DeathsByDate,0
26/10/2023,Scotland,DeathsByDate,4
27/10/2023,Northern Ireland,DeathsByDate,0
27/10/2023,Scotland,DeathsByDate,2
27/10/2023,England,DeathsByDate,46
27/10/2023,Wales,DeathsByDate,3
28/10/2023,England,DeathsByDate,38
28/10/2023,Wales,DeathsByDate,4
28/10/2023,Scotland,DeathsByDate,7
28/10/2023,Northern Ireland,DeathsByDate,1
29/10/2023,Northern Ireland,DeathsByDate,0
29/10/2023,Scotland,DeathsByDate,7
29/10/2023,Wales,DeathsByDate,3
29/10/2023,England,DeathsByDate,58
30/10/2023,Wales,DeathsByDate,3
30/10/2023,England,DeathsByDate,41
30/10/2023,Northern Ireland,DeathsByDate,2
30/10/2023,Scotland,DeathsByDate,2
31/10/2023,Scotland,DeathsByDate,3
31/10/2023,Northern Ireland,DeathsByDate,0
31/10/2023,England,DeathsByDate,41
31/10/2023,Wales,DeathsByDate,2
01/11/2023,England,DeathsByDate,46
01/11/2023,Wales,DeathsByDate,1
01/11/2023,Northern Ireland,DeathsByDate,3
01/11/2023,Scotland,DeathsByDate,7
02/11/2023,Scotland,DeathsByDate,5
02/11/2023,Northern Ireland,DeathsByDate,2
02/11/2023,Wales,DeathsByDate,2
02/11/2023,England,DeathsByDate,33
03/11/2023,Wales,DeathsByDate,5
03/11/2023,England,DeathsByDate,44
03/11/2023,Scotland,DeathsByDate,4
03/11/2023,Northern Ireland,DeathsByDate,2
04/11/2023,Northern Ireland,DeathsByDate,2
04/11/2023,Scotland,DeathsByDate,4
04/11/2023,England,DeathsByDate,32
04/11/2023,Wales,DeathsByDate,3
05/11/2023,England,DeathsByDate,45
05/11/2023,Wales,DeathsByDate,3
05/11/2023,Scotland,DeathsByDate,7
05/11/2023,Northern Ireland,DeathsByDate,1
06/11/2023,Northern Ireland,DeathsByDate,2
06/11/2023,Scotland,DeathsByDate,9
06/11/2023,England,DeathsByDate,33
06/11/2023,Wales,DeathsByDate,3
07/11/2023,Wales,DeathsByDate,3
07/11/2023,England,DeathsByDate,30
07/11/2023,Scotland,DeathsByDate,6
07/11/2023,Northern Ireland,DeathsByDate,0
08/11/2023,Scotland,DeathsByDate,10
08/11/2023,Northern Ireland,DeathsByDate,1
08/11/2023,Wales,DeathsByDate,3
08/11/2023,England,DeathsByDate,25
09/11/2023,Wales,DeathsByDate,3
09/11/2023,England,DeathsByDate,43
09/11/2023,Northern Ireland,DeathsByDate,1
09/11/2023,Scotland,DeathsByDate,4
10/11/2023,Scotland,DeathsByDate,1
10/11/2023,Northern Ireland,DeathsByDate,0
10/11/2023,England,DeathsByDate,37
10/11/2023,Wales,DeathsByDate,1
11/11/2023,Wales,DeathsByDate,2
11/11/2023,England,DeathsByDate,28
11/11/2023,Northern Ireland,DeathsByDate,1
11/11/2023,Scotland,DeathsByDate,3
12/11/2023,Scotland,DeathsByDate,3
12/11/2023,Northern Ireland,DeathsByDate,2
12/11/2023,England,DeathsByDate,19
12/11/2023,Wales,DeathsByDate,2
13/11/2023,England,DeathsByDate,25
13/11/2023,Wales,DeathsByDate,1
13/11/2023,Northern Ireland,DeathsByDate,2
13/11/2023,Scotland,DeathsByDate,5
14/11/2023,Northern Ireland,DeathsByDate,2
14/11/2023,Scotland,DeathsByDate,8
14/11/2023,Wales,DeathsByDate,3
14/11/2023,England,DeathsByDate,27
15/11/2023,England,DeathsByDate,19
15/11/2023,Wales,DeathsByDate,2
15/11/2023,Northern Ireland,DeathsByDate,0
15/11/2023,Scotland,DeathsByDate,7
16/11/2023,Northern Ireland,DeathsByDate,2
16/11/2023,Scotland,DeathsByDate,7
16/11/2023,England,DeathsByDate,19
16/11/2023,Wales,DeathsByDate,1
17/11/2023,Wales,DeathsByDate,1
17/11/2023,England,DeathsByDate,22
17/11/2023,Scotland,DeathsByDate,3
17/11/2023,Northern Ireland,DeathsByDate,0
