Date,NHS region,Metric,Admissions
17/03/2020,East of England,NewAdmissions,20
17/03/2020,London,NewAdmissions,176
17/03/2020,North West,NewAdmissions,36
17/03/2020,South West,NewAdmissions,12
17/03/2020,South East,NewAdmissions,66
17/03/2020,North East and Yorkshire,NewAdmissions,16
17/03/2020,Midlands,NewAdmissions,65
18/03/2020,North East and Yorkshire,NewAdmissions,48
18/03/2020,Midlands,NewAdmissions,96
18/03/2020,London,NewAdmissions,240
18/03/2020,East of England,NewAdmissions,23
18/03/2020,North West,NewAdmissions,47
18/03/2020,South West,NewAdmissions,29
18/03/2020,South East,NewAdmissions,103
19/03/2020,South East,NewAdmissions,103
19/03/2020,Midlands,NewAdmissions,96
19/03/2020,North East and Yorkshire,NewAdmissions,48
19/03/2020,East of England,NewAdmissions,23
19/03/2020,North West,NewAdmissions,47
19/03/2020,South West,NewAdmissions,29
19/03/2020,London,NewAdmissions,240
20/03/2020,East of England,NewAdmissions,23
20/03/2020,South West,NewAdmissions,43
20/03/2020,North West,NewAdmissions,56
20/03/2020,London,NewAdmissions,272
20/03/2020,South East,NewAdmissions,90
20/03/2020,Midlands,NewAdmissions,164
20/03/2020,North East and Yorkshire,NewAdmissions,43
21/03/2020,Midlands,NewAdmissions,151
21/03/2020,North East and Yorkshire,NewAdmissions,73
21/03/2020,South West,NewAdmissions,43
21/03/2020,East of England,NewAdmissions,37
21/03/2020,North West,NewAdmissions,71
21/03/2020,London,NewAdmissions,311
21/03/2020,South East,NewAdmissions,91
22/03/2020,South East,NewAdmissions,94
22/03/2020,Midlands,NewAdmissions,192
22/03/2020,North East and Yorkshire,NewAdmissions,69
22/03/2020,South West,NewAdmissions,37
22/03/2020,London,NewAdmissions,335
22/03/2020,East of England,NewAdmissions,49
22/03/2020,North West,NewAdmissions,83
23/03/2020,London,NewAdmissions,505
23/03/2020,North West,NewAdmissions,86
23/03/2020,South West,NewAdmissions,62
23/03/2020,East of England,NewAdmissions,46
23/03/2020,South East,NewAdmissions,114
23/03/2020,North East and Yorkshire,NewAdmissions,107
23/03/2020,Midlands,NewAdmissions,208
24/03/2020,Midlands,NewAdmissions,329
24/03/2020,North East and Yorkshire,NewAdmissions,167
24/03/2020,London,NewAdmissions,637
24/03/2020,South West,NewAdmissions,60
24/03/2020,North West,NewAdmissions,122
24/03/2020,East of England,NewAdmissions,106
24/03/2020,South East,NewAdmissions,123
25/03/2020,South East,NewAdmissions,141
25/03/2020,North East and Yorkshire,NewAdmissions,160
25/03/2020,Midlands,NewAdmissions,422
25/03/2020,London,NewAdmissions,675
25/03/2020,South West,NewAdmissions,94
25/03/2020,North West,NewAdmissions,187
25/03/2020,East of England,NewAdmissions,76
26/03/2020,London,NewAdmissions,519
26/03/2020,South West,NewAdmissions,86
26/03/2020,East of England,NewAdmissions,160
26/03/2020,North West,NewAdmissions,184
26/03/2020,South East,NewAdmissions,138
26/03/2020,Midlands,NewAdmissions,356
26/03/2020,North East and Yorkshire,NewAdmissions,196
27/03/2020,Midlands,NewAdmissions,404
27/03/2020,North East and Yorkshire,NewAdmissions,240
27/03/2020,South West,NewAdmissions,105
27/03/2020,East of England,NewAdmissions,94
27/03/2020,North West,NewAdmissions,219
27/03/2020,London,NewAdmissions,639
27/03/2020,South East,NewAdmissions,230
28/03/2020,South East,NewAdmissions,250
28/03/2020,Midlands,NewAdmissions,350
28/03/2020,North East and Yorkshire,NewAdmissions,258
28/03/2020,London,NewAdmissions,551
28/03/2020,North West,NewAdmissions,210
28/03/2020,East of England,NewAdmissions,124
28/03/2020,South West,NewAdmissions,130
29/03/2020,East of England,NewAdmissions,201
29/03/2020,London,NewAdmissions,672
29/03/2020,South West,NewAdmissions,107
29/03/2020,North West,NewAdmissions,198
29/03/2020,Midlands,NewAdmissions,481
29/03/2020,South East,NewAdmissions,273
29/03/2020,North East and Yorkshire,NewAdmissions,254
30/03/2020,North East and Yorkshire,NewAdmissions,340
30/03/2020,East of England,NewAdmissions,148
30/03/2020,London,NewAdmissions,883
30/03/2020,South West,NewAdmissions,128
30/03/2020,North West,NewAdmissions,420
30/03/2020,South East,NewAdmissions,317
30/03/2020,Midlands,NewAdmissions,581
31/03/2020,South East,NewAdmissions,295
31/03/2020,Midlands,NewAdmissions,594
31/03/2020,North East and Yorkshire,NewAdmissions,303
31/03/2020,London,NewAdmissions,645
31/03/2020,South West,NewAdmissions,122
31/03/2020,North West,NewAdmissions,342
31/03/2020,East of England,NewAdmissions,146
01/04/2020,South West,NewAdmissions,112
01/04/2020,East of England,NewAdmissions,167
01/04/2020,North West,NewAdmissions,466
01/04/2020,London,NewAdmissions,767
01/04/2020,Midlands,NewAdmissions,776
01/04/2020,South East,NewAdmissions,304
01/04/2020,North East and Yorkshire,NewAdmissions,507
02/04/2020,North East and Yorkshire,NewAdmissions,423
02/04/2020,East of England,NewAdmissions,184
02/04/2020,South West,NewAdmissions,152
02/04/2020,London,NewAdmissions,835
02/04/2020,North West,NewAdmissions,434
02/04/2020,Midlands,NewAdmissions,582
02/04/2020,South East,NewAdmissions,322
03/04/2020,Midlands,NewAdmissions,451
03/04/2020,South East,NewAdmissions,332
03/04/2020,North East and Yorkshire,NewAdmissions,373
03/04/2020,East of England,NewAdmissions,192
03/04/2020,South West,NewAdmissions,123
03/04/2020,London,NewAdmissions,647
03/04/2020,North West,NewAdmissions,446
04/04/2020,London,NewAdmissions,733
04/04/2020,South West,NewAdmissions,98
04/04/2020,North West,NewAdmissions,398
04/04/2020,East of England,NewAdmissions,163
04/04/2020,South East,NewAdmissions,348
04/04/2020,Midlands,NewAdmissions,559
04/04/2020,North East and Yorkshire,NewAdmissions,294
05/04/2020,North East and Yorkshire,NewAdmissions,365
05/04/2020,North West,NewAdmissions,379
05/04/2020,London,NewAdmissions,732
05/04/2020,East of England,NewAdmissions,220
05/04/2020,South West,NewAdmissions,130
05/04/2020,Midlands,NewAdmissions,489
05/04/2020,South East,NewAdmissions,277
06/04/2020,South East,NewAdmissions,326
06/04/2020,Midlands,NewAdmissions,439
06/04/2020,North East and Yorkshire,NewAdmissions,404
06/04/2020,South West,NewAdmissions,144
06/04/2020,East of England,NewAdmissions,231
06/04/2020,London,NewAdmissions,743
06/04/2020,North West,NewAdmissions,392
07/04/2020,London,NewAdmissions,722
07/04/2020,South West,NewAdmissions,152
07/04/2020,North West,NewAdmissions,375
07/04/2020,East of England,NewAdmissions,164
07/04/2020,Midlands,NewAdmissions,532
07/04/2020,South East,NewAdmissions,353
07/04/2020,North East and Yorkshire,NewAdmissions,446
08/04/2020,North East and Yorkshire,NewAdmissions,327
08/04/2020,London,NewAdmissions,744
08/04/2020,East of England,NewAdmissions,219
08/04/2020,South West,NewAdmissions,134
08/04/2020,South East,NewAdmissions,249
08/04/2020,Midlands,NewAdmissions,536
08/04/2020,North West,NewAdmissions,410
09/04/2020,Midlands,NewAdmissions,374
09/04/2020,North West,NewAdmissions,477
09/04/2020,South East,NewAdmissions,286
09/04/2020,North East and Yorkshire,NewAdmissions,336
09/04/2020,South West,NewAdmissions,121
09/04/2020,East of England,NewAdmissions,192
09/04/2020,London,NewAdmissions,554
10/04/2020,South West,NewAdmissions,131
10/04/2020,East of England,NewAdmissions,215
10/04/2020,London,NewAdmissions,531
10/04/2020,North West,NewAdmissions,352
10/04/2020,South East,NewAdmissions,269
10/04/2020,Midlands,NewAdmissions,379
10/04/2020,North East and Yorkshire,NewAdmissions,319
11/04/2020,North East and Yorkshire,NewAdmissions,290
11/04/2020,South West,NewAdmissions,127
11/04/2020,East of England,NewAdmissions,165
11/04/2020,London,NewAdmissions,490
11/04/2020,South East,NewAdmissions,235
11/04/2020,Midlands,NewAdmissions,335
11/04/2020,North West,NewAdmissions,313
12/04/2020,South East,NewAdmissions,228
12/04/2020,Midlands,NewAdmissions,303
12/04/2020,North West,NewAdmissions,294
12/04/2020,North East and Yorkshire,NewAdmissions,309
12/04/2020,London,NewAdmissions,384
12/04/2020,South West,NewAdmissions,129
12/04/2020,East of England,NewAdmissions,144
13/04/2020,South West,NewAdmissions,113
13/04/2020,London,NewAdmissions,416
13/04/2020,East of England,NewAdmissions,214
13/04/2020,South East,NewAdmissions,227
13/04/2020,North West,NewAdmissions,304
13/04/2020,Midlands,NewAdmissions,333
13/04/2020,North East and Yorkshire,NewAdmissions,305
14/04/2020,North East and Yorkshire,NewAdmissions,306
14/04/2020,London,NewAdmissions,447
14/04/2020,South West,NewAdmissions,106
14/04/2020,East of England,NewAdmissions,187
14/04/2020,South East,NewAdmissions,185
14/04/2020,North West,NewAdmissions,269
14/04/2020,Midlands,NewAdmissions,359
15/04/2020,Midlands,NewAdmissions,242
15/04/2020,North West,NewAdmissions,247
15/04/2020,South East,NewAdmissions,228
15/04/2020,North East and Yorkshire,NewAdmissions,254
15/04/2020,London,NewAdmissions,412
15/04/2020,South West,NewAdmissions,112
15/04/2020,East of England,NewAdmissions,113
16/04/2020,London,NewAdmissions,388
16/04/2020,East of England,NewAdmissions,133
16/04/2020,South West,NewAdmissions,118
16/04/2020,North West,NewAdmissions,254
16/04/2020,South East,NewAdmissions,326
16/04/2020,Midlands,NewAdmissions,283
16/04/2020,North East and Yorkshire,NewAdmissions,275
17/04/2020,North East and Yorkshire,NewAdmissions,236
17/04/2020,London,NewAdmissions,358
17/04/2020,East of England,NewAdmissions,154
17/04/2020,South West,NewAdmissions,102
17/04/2020,North West,NewAdmissions,273
17/04/2020,South East,NewAdmissions,260
17/04/2020,Midlands,NewAdmissions,291
18/04/2020,Midlands,NewAdmissions,229
18/04/2020,South East,NewAdmissions,180
18/04/2020,North West,NewAdmissions,206
18/04/2020,North East and Yorkshire,NewAdmissions,231
18/04/2020,South West,NewAdmissions,91
18/04/2020,East of England,NewAdmissions,191
18/04/2020,London,NewAdmissions,283
19/04/2020,London,NewAdmissions,290
19/04/2020,South West,NewAdmissions,76
19/04/2020,East of England,NewAdmissions,148
19/04/2020,Midlands,NewAdmissions,281
19/04/2020,South East,NewAdmissions,199
19/04/2020,North West,NewAdmissions,214
19/04/2020,North East and Yorkshire,NewAdmissions,267
20/04/2020,North East and Yorkshire,NewAdmissions,278
20/04/2020,East of England,NewAdmissions,126
20/04/2020,London,NewAdmissions,308
20/04/2020,South West,NewAdmissions,77
20/04/2020,South East,NewAdmissions,227
20/04/2020,North West,NewAdmissions,226
20/04/2020,Midlands,NewAdmissions,280
21/04/2020,South East,NewAdmissions,198
21/04/2020,Midlands,NewAdmissions,259
21/04/2020,North West,NewAdmissions,260
21/04/2020,North East and Yorkshire,NewAdmissions,253
21/04/2020,South West,NewAdmissions,89
21/04/2020,East of England,NewAdmissions,148
21/04/2020,London,NewAdmissions,288
22/04/2020,South West,NewAdmissions,84
22/04/2020,East of England,NewAdmissions,120
22/04/2020,London,NewAdmissions,225
22/04/2020,South East,NewAdmissions,202
22/04/2020,North West,NewAdmissions,214
22/04/2020,Midlands,NewAdmissions,218
22/04/2020,North East and Yorkshire,NewAdmissions,247
23/04/2020,North East and Yorkshire,NewAdmissions,227
23/04/2020,London,NewAdmissions,266
23/04/2020,South West,NewAdmissions,84
23/04/2020,East of England,NewAdmissions,128
23/04/2020,South East,NewAdmissions,181
23/04/2020,Midlands,NewAdmissions,221
23/04/2020,North West,NewAdmissions,182
24/04/2020,North West,NewAdmissions,211
24/04/2020,Midlands,NewAdmissions,204
24/04/2020,South East,NewAdmissions,235
24/04/2020,North East and Yorkshire,NewAdmissions,223
24/04/2020,London,NewAdmissions,171
24/04/2020,East of England,NewAdmissions,141
24/04/2020,South West,NewAdmissions,92
25/04/2020,East of England,NewAdmissions,128
25/04/2020,South West,NewAdmissions,60
25/04/2020,London,NewAdmissions,137
25/04/2020,South East,NewAdmissions,168
25/04/2020,Midlands,NewAdmissions,187
25/04/2020,North West,NewAdmissions,202
25/04/2020,North East and Yorkshire,NewAdmissions,198
26/04/2020,North East and Yorkshire,NewAdmissions,249
26/04/2020,East of England,NewAdmissions,148
26/04/2020,South West,NewAdmissions,51
26/04/2020,London,NewAdmissions,187
26/04/2020,South East,NewAdmissions,182
26/04/2020,Midlands,NewAdmissions,210
26/04/2020,North West,NewAdmissions,181
27/04/2020,South East,NewAdmissions,199
27/04/2020,Midlands,NewAdmissions,206
27/04/2020,North West,NewAdmissions,223
27/04/2020,North East and Yorkshire,NewAdmissions,259
27/04/2020,South West,NewAdmissions,69
27/04/2020,East of England,NewAdmissions,127
27/04/2020,London,NewAdmissions,261
28/04/2020,London,NewAdmissions,248
28/04/2020,East of England,NewAdmissions,184
28/04/2020,South West,NewAdmissions,71
28/04/2020,North West,NewAdmissions,194
28/04/2020,Midlands,NewAdmissions,220
28/04/2020,South East,NewAdmissions,153
28/04/2020,North East and Yorkshire,NewAdmissions,226
29/04/2020,North East and Yorkshire,NewAdmissions,230
29/04/2020,London,NewAdmissions,212
29/04/2020,East of England,NewAdmissions,157
29/04/2020,South West,NewAdmissions,50
29/04/2020,North West,NewAdmissions,227
29/04/2020,Midlands,NewAdmissions,223
29/04/2020,South East,NewAdmissions,196
30/04/2020,Midlands,NewAdmissions,206
30/04/2020,North West,NewAdmissions,214
30/04/2020,North East and Yorkshire,NewAdmissions,192
30/04/2020,South East,NewAdmissions,164
30/04/2020,East of England,NewAdmissions,198
30/04/2020,South West,NewAdmissions,70
30/04/2020,London,NewAdmissions,183
01/05/2020,East of England,NewAdmissions,127
01/05/2020,South East,NewAdmissions,154
01/05/2020,South West,NewAdmissions,62
01/05/2020,London,NewAdmissions,201
01/05/2020,North West,NewAdmissions,181
01/05/2020,Midlands,NewAdmissions,199
01/05/2020,North East and Yorkshire,NewAdmissions,157
02/05/2020,North East and Yorkshire,NewAdmissions,172
02/05/2020,South East,NewAdmissions,142
02/05/2020,South West,NewAdmissions,68
02/05/2020,London,NewAdmissions,150
02/05/2020,East of England,NewAdmissions,111
02/05/2020,Midlands,NewAdmissions,151
02/05/2020,North West,NewAdmissions,186
03/05/2020,North West,NewAdmissions,194
03/05/2020,Midlands,NewAdmissions,142
03/05/2020,North East and Yorkshire,NewAdmissions,180
03/05/2020,South West,NewAdmissions,68
03/05/2020,London,NewAdmissions,157
03/05/2020,South East,NewAdmissions,137
03/05/2020,East of England,NewAdmissions,166
04/05/2020,London,NewAdmissions,169
04/05/2020,South West,NewAdmissions,70
04/05/2020,South East,NewAdmissions,121
04/05/2020,East of England,NewAdmissions,106
04/05/2020,Midlands,NewAdmissions,228
04/05/2020,North West,NewAdmissions,189
04/05/2020,North East and Yorkshire,NewAdmissions,180
05/05/2020,North East and Yorkshire,NewAdmissions,146
05/05/2020,London,NewAdmissions,178
05/05/2020,East of England,NewAdmissions,90
05/05/2020,South East,NewAdmissions,111
05/05/2020,South West,NewAdmissions,49
05/05/2020,North West,NewAdmissions,201
05/05/2020,Midlands,NewAdmissions,184
06/05/2020,Midlands,NewAdmissions,201
06/05/2020,North West,NewAdmissions,158
06/05/2020,North East and Yorkshire,NewAdmissions,152
06/05/2020,East of England,NewAdmissions,128
06/05/2020,London,NewAdmissions,216
06/05/2020,South East,NewAdmissions,127
06/05/2020,South West,NewAdmissions,58
07/05/2020,South East,NewAdmissions,107
07/05/2020,London,NewAdmissions,202
07/05/2020,South West,NewAdmissions,53
07/05/2020,East of England,NewAdmissions,116
07/05/2020,Midlands,NewAdmissions,167
07/05/2020,North West,NewAdmissions,182
07/05/2020,North East and Yorkshire,NewAdmissions,171
08/05/2020,North East and Yorkshire,NewAdmissions,104
08/05/2020,London,NewAdmissions,99
08/05/2020,South East,NewAdmissions,91
08/05/2020,East of England,NewAdmissions,70
08/05/2020,South West,NewAdmissions,53
08/05/2020,Midlands,NewAdmissions,157
08/05/2020,North West,NewAdmissions,169
09/05/2020,North West,NewAdmissions,167
09/05/2020,Midlands,NewAdmissions,159
09/05/2020,North East and Yorkshire,NewAdmissions,145
09/05/2020,South West,NewAdmissions,45
09/05/2020,South East,NewAdmissions,96
09/05/2020,East of England,NewAdmissions,101
09/05/2020,London,NewAdmissions,85
10/05/2020,South East,NewAdmissions,139
10/05/2020,London,NewAdmissions,86
10/05/2020,South West,NewAdmissions,41
10/05/2020,East of England,NewAdmissions,71
10/05/2020,North West,NewAdmissions,156
10/05/2020,Midlands,NewAdmissions,124
10/05/2020,North East and Yorkshire,NewAdmissions,139
11/05/2020,North East and Yorkshire,NewAdmissions,148
11/05/2020,London,NewAdmissions,91
11/05/2020,East of England,NewAdmissions,88
11/05/2020,South West,NewAdmissions,58
11/05/2020,South East,NewAdmissions,113
11/05/2020,Midlands,NewAdmissions,165
11/05/2020,North West,NewAdmissions,203
12/05/2020,Midlands,NewAdmissions,160
12/05/2020,North West,NewAdmissions,186
12/05/2020,North East and Yorkshire,NewAdmissions,155
12/05/2020,South East,NewAdmissions,109
12/05/2020,London,NewAdmissions,80
12/05/2020,East of England,NewAdmissions,116
12/05/2020,South West,NewAdmissions,38
13/05/2020,East of England,NewAdmissions,72
13/05/2020,London,NewAdmissions,91
13/05/2020,South East,NewAdmissions,99
13/05/2020,South West,NewAdmissions,52
13/05/2020,Midlands,NewAdmissions,148
13/05/2020,North West,NewAdmissions,186
13/05/2020,North East and Yorkshire,NewAdmissions,156
14/05/2020,North East and Yorkshire,NewAdmissions,127
14/05/2020,South East,NewAdmissions,113
14/05/2020,East of England,NewAdmissions,88
14/05/2020,South West,NewAdmissions,37
14/05/2020,London,NewAdmissions,91
14/05/2020,Midlands,NewAdmissions,143
14/05/2020,North West,NewAdmissions,164
15/05/2020,North West,NewAdmissions,153
15/05/2020,Midlands,NewAdmissions,172
15/05/2020,North East and Yorkshire,NewAdmissions,109
15/05/2020,East of England,NewAdmissions,92
15/05/2020,London,NewAdmissions,77
15/05/2020,South West,NewAdmissions,50
15/05/2020,South East,NewAdmissions,85
16/05/2020,East of England,NewAdmissions,72
16/05/2020,South East,NewAdmissions,71
16/05/2020,London,NewAdmissions,59
16/05/2020,South West,NewAdmissions,53
16/05/2020,North West,NewAdmissions,178
16/05/2020,Midlands,NewAdmissions,143
16/05/2020,North East and Yorkshire,NewAdmissions,95
17/05/2020,North East and Yorkshire,NewAdmissions,95
17/05/2020,South East,NewAdmissions,94
17/05/2020,London,NewAdmissions,51
17/05/2020,East of England,NewAdmissions,85
17/05/2020,South West,NewAdmissions,27
17/05/2020,Midlands,NewAdmissions,152
17/05/2020,North West,NewAdmissions,169
18/05/2020,North West,NewAdmissions,171
18/05/2020,Midlands,NewAdmissions,154
18/05/2020,North East and Yorkshire,NewAdmissions,101
18/05/2020,London,NewAdmissions,74
18/05/2020,East of England,NewAdmissions,81
18/05/2020,South West,NewAdmissions,48
18/05/2020,South East,NewAdmissions,104
19/05/2020,South East,NewAdmissions,96
19/05/2020,South West,NewAdmissions,52
19/05/2020,London,NewAdmissions,89
19/05/2020,East of England,NewAdmissions,86
19/05/2020,Midlands,NewAdmissions,157
19/05/2020,North West,NewAdmissions,173
19/05/2020,North East and Yorkshire,NewAdmissions,99
20/05/2020,North East and Yorkshire,NewAdmissions,106
20/05/2020,East of England,NewAdmissions,93
20/05/2020,South West,NewAdmissions,55
20/05/2020,London,NewAdmissions,71
20/05/2020,South East,NewAdmissions,107
20/05/2020,Midlands,NewAdmissions,149
20/05/2020,North West,NewAdmissions,151
21/05/2020,Midlands,NewAdmissions,133
21/05/2020,North West,NewAdmissions,165
21/05/2020,North East and Yorkshire,NewAdmissions,123
21/05/2020,South East,NewAdmissions,88
21/05/2020,South West,NewAdmissions,53
21/05/2020,London,NewAdmissions,76
21/05/2020,East of England,NewAdmissions,77
22/05/2020,London,NewAdmissions,77
22/05/2020,East of England,NewAdmissions,79
22/05/2020,South West,NewAdmissions,39
22/05/2020,South East,NewAdmissions,78
22/05/2020,Midlands,NewAdmissions,120
22/05/2020,North West,NewAdmissions,160
22/05/2020,North East and Yorkshire,NewAdmissions,85
23/05/2020,North East and Yorkshire,NewAdmissions,97
23/05/2020,South East,NewAdmissions,59
23/05/2020,East of England,NewAdmissions,39
23/05/2020,London,NewAdmissions,43
23/05/2020,South West,NewAdmissions,28
23/05/2020,North West,NewAdmissions,125
23/05/2020,Midlands,NewAdmissions,113
24/05/2020,Midlands,NewAdmissions,90
24/05/2020,North West,NewAdmissions,128
24/05/2020,North East and Yorkshire,NewAdmissions,85
24/05/2020,South West,NewAdmissions,23
24/05/2020,East of England,NewAdmissions,52
24/05/2020,South East,NewAdmissions,78
24/05/2020,London,NewAdmissions,41
25/05/2020,South East,NewAdmissions,82
25/05/2020,South West,NewAdmissions,36
25/05/2020,East of England,NewAdmissions,51
25/05/2020,London,NewAdmissions,49
25/05/2020,Midlands,NewAdmissions,92
25/05/2020,North West,NewAdmissions,121
25/05/2020,North East and Yorkshire,NewAdmissions,67
26/05/2020,North East and Yorkshire,NewAdmissions,85
26/05/2020,South East,NewAdmissions,74
26/05/2020,London,NewAdmissions,67
26/05/2020,East of England,NewAdmissions,85
26/05/2020,South West,NewAdmissions,37
26/05/2020,Midlands,NewAdmissions,118
26/05/2020,North West,NewAdmissions,112
27/05/2020,North West,NewAdmissions,148
27/05/2020,Midlands,NewAdmissions,126
27/05/2020,North East and Yorkshire,NewAdmissions,82
27/05/2020,South East,NewAdmissions,72
27/05/2020,London,NewAdmissions,69
27/05/2020,South West,NewAdmissions,35
27/05/2020,East of England,NewAdmissions,57
28/05/2020,London,NewAdmissions,57
28/05/2020,East of England,NewAdmissions,53
28/05/2020,South East,NewAdmissions,79
28/05/2020,South West,NewAdmissions,48
28/05/2020,Midlands,NewAdmissions,114
28/05/2020,North West,NewAdmissions,145
28/05/2020,North East and Yorkshire,NewAdmissions,74
29/05/2020,North East and Yorkshire,NewAdmissions,71
29/05/2020,South West,NewAdmissions,25
29/05/2020,East of England,NewAdmissions,54
29/05/2020,South East,NewAdmissions,65
29/05/2020,London,NewAdmissions,51
29/05/2020,North West,NewAdmissions,121
29/05/2020,Midlands,NewAdmissions,112
30/05/2020,Midlands,NewAdmissions,116
30/05/2020,North West,NewAdmissions,97
30/05/2020,North East and Yorkshire,NewAdmissions,75
30/05/2020,East of England,NewAdmissions,43
30/05/2020,South East,NewAdmissions,74
30/05/2020,South West,NewAdmissions,31
30/05/2020,London,NewAdmissions,30
31/05/2020,London,NewAdmissions,42
31/05/2020,South East,NewAdmissions,46
31/05/2020,South West,NewAdmissions,23
31/05/2020,East of England,NewAdmissions,29
31/05/2020,Midlands,NewAdmissions,102
31/05/2020,North West,NewAdmissions,126
31/05/2020,North East and Yorkshire,NewAdmissions,78
01/06/2020,North East and Yorkshire,NewAdmissions,71
01/06/2020,East of England,NewAdmissions,58
01/06/2020,South West,NewAdmissions,46
01/06/2020,London,NewAdmissions,48
01/06/2020,South East,NewAdmissions,56
01/06/2020,North West,NewAdmissions,149
01/06/2020,Midlands,NewAdmissions,94
02/06/2020,North West,NewAdmissions,121
02/06/2020,Midlands,NewAdmissions,126
02/06/2020,North East and Yorkshire,NewAdmissions,70
02/06/2020,South East,NewAdmissions,83
02/06/2020,East of England,NewAdmissions,60
02/06/2020,South West,NewAdmissions,42
02/06/2020,London,NewAdmissions,51
03/06/2020,South West,NewAdmissions,33
03/06/2020,East of England,NewAdmissions,46
03/06/2020,London,NewAdmissions,68
03/06/2020,South East,NewAdmissions,57
03/06/2020,Midlands,NewAdmissions,112
03/06/2020,North West,NewAdmissions,122
03/06/2020,North East and Yorkshire,NewAdmissions,53
04/06/2020,North East and Yorkshire,NewAdmissions,52
04/06/2020,London,NewAdmissions,58
04/06/2020,South East,NewAdmissions,56
04/06/2020,South West,NewAdmissions,16
04/06/2020,East of England,NewAdmissions,58
04/06/2020,Midlands,NewAdmissions,94
04/06/2020,North West,NewAdmissions,124
05/06/2020,North West,NewAdmissions,75
05/06/2020,Midlands,NewAdmissions,70
05/06/2020,North East and Yorkshire,NewAdmissions,69
05/06/2020,South West,NewAdmissions,30
05/06/2020,East of England,NewAdmissions,44
05/06/2020,South East,NewAdmissions,42
05/06/2020,London,NewAdmissions,50
06/06/2020,South West,NewAdmissions,28
06/06/2020,East of England,NewAdmissions,30
06/06/2020,South East,NewAdmissions,49
06/06/2020,London,NewAdmissions,46
06/06/2020,North West,NewAdmissions,56
06/06/2020,Midlands,NewAdmissions,51
06/06/2020,North East and Yorkshire,NewAdmissions,46
07/06/2020,North East and Yorkshire,NewAdmissions,39
07/06/2020,London,NewAdmissions,56
07/06/2020,South West,NewAdmissions,22
07/06/2020,South East,NewAdmissions,43
07/06/2020,East of England,NewAdmissions,32
07/06/2020,North West,NewAdmissions,66
07/06/2020,Midlands,NewAdmissions,65
08/06/2020,Midlands,NewAdmissions,86
08/06/2020,North West,NewAdmissions,68
08/06/2020,North East and Yorkshire,NewAdmissions,52
08/06/2020,South West,NewAdmissions,7
08/06/2020,London,NewAdmissions,69
08/06/2020,South East,NewAdmissions,38
08/06/2020,East of England,NewAdmissions,28
09/06/2020,South East,NewAdmissions,39
09/06/2020,East of England,NewAdmissions,44
09/06/2020,South West,NewAdmissions,17
09/06/2020,London,NewAdmissions,35
09/06/2020,North West,NewAdmissions,98
09/06/2020,Midlands,NewAdmissions,103
09/06/2020,North East and Yorkshire,NewAdmissions,61
10/06/2020,North East and Yorkshire,NewAdmissions,58
10/06/2020,East of England,NewAdmissions,39
10/06/2020,London,NewAdmissions,41
10/06/2020,South East,NewAdmissions,23
10/06/2020,South West,NewAdmissions,23
10/06/2020,North West,NewAdmissions,113
10/06/2020,Midlands,NewAdmissions,105
11/06/2020,North West,NewAdmissions,101
11/06/2020,Midlands,NewAdmissions,76
11/06/2020,North East and Yorkshire,NewAdmissions,45
11/06/2020,South West,NewAdmissions,7
11/06/2020,London,NewAdmissions,32
11/06/2020,East of England,NewAdmissions,42
11/06/2020,South East,NewAdmissions,27
12/06/2020,South East,NewAdmissions,28
12/06/2020,South West,NewAdmissions,4
12/06/2020,London,NewAdmissions,30
12/06/2020,East of England,NewAdmissions,30
12/06/2020,North West,NewAdmissions,92
12/06/2020,Midlands,NewAdmissions,69
12/06/2020,North East and Yorkshire,NewAdmissions,45
13/06/2020,North East and Yorkshire,NewAdmissions,37
13/06/2020,London,NewAdmissions,20
13/06/2020,East of England,NewAdmissions,32
13/06/2020,South West,NewAdmissions,12
13/06/2020,South East,NewAdmissions,28
13/06/2020,North West,NewAdmissions,63
13/06/2020,Midlands,NewAdmissions,73
14/06/2020,Midlands,NewAdmissions,72
14/06/2020,North West,NewAdmissions,80
14/06/2020,North East and Yorkshire,NewAdmissions,43
14/06/2020,South West,NewAdmissions,5
14/06/2020,London,NewAdmissions,22
14/06/2020,South East,NewAdmissions,46
14/06/2020,East of England,NewAdmissions,38
15/06/2020,London,NewAdmissions,49
15/06/2020,South West,NewAdmissions,9
15/06/2020,East of England,NewAdmissions,57
15/06/2020,South East,NewAdmissions,45
15/06/2020,Midlands,NewAdmissions,78
15/06/2020,North West,NewAdmissions,78
15/06/2020,North East and Yorkshire,NewAdmissions,49
16/06/2020,North East and Yorkshire,NewAdmissions,62
16/06/2020,South West,NewAdmissions,11
16/06/2020,London,NewAdmissions,56
16/06/2020,South East,NewAdmissions,37
16/06/2020,East of England,NewAdmissions,33
16/06/2020,North West,NewAdmissions,83
16/06/2020,Midlands,NewAdmissions,72
17/06/2020,North West,NewAdmissions,77
17/06/2020,Midlands,NewAdmissions,66
17/06/2020,North East and Yorkshire,NewAdmissions,54
17/06/2020,East of England,NewAdmissions,43
17/06/2020,London,NewAdmissions,56
17/06/2020,South West,NewAdmissions,10
17/06/2020,South East,NewAdmissions,28
18/06/2020,South West,NewAdmissions,13
18/06/2020,South East,NewAdmissions,22
18/06/2020,London,NewAdmissions,50
18/06/2020,East of England,NewAdmissions,38
18/06/2020,Midlands,NewAdmissions,66
18/06/2020,North West,NewAdmissions,71
18/06/2020,North East and Yorkshire,NewAdmissions,52
19/06/2020,North East and Yorkshire,NewAdmissions,33
19/06/2020,South East,NewAdmissions,25
19/06/2020,London,NewAdmissions,47
19/06/2020,South West,NewAdmissions,9
19/06/2020,East of England,NewAdmissions,28
19/06/2020,Midlands,NewAdmissions,54
19/06/2020,North West,NewAdmissions,57
20/06/2020,Midlands,NewAdmissions,42
20/06/2020,North West,NewAdmissions,34
20/06/2020,North East and Yorkshire,NewAdmissions,30
20/06/2020,South West,NewAdmissions,5
20/06/2020,East of England,NewAdmissions,19
20/06/2020,London,NewAdmissions,19
20/06/2020,South East,NewAdmissions,35
21/06/2020,London,NewAdmissions,25
21/06/2020,East of England,NewAdmissions,22
21/06/2020,South West,NewAdmissions,3
21/06/2020,South East,NewAdmissions,27
21/06/2020,Midlands,NewAdmissions,61
21/06/2020,North West,NewAdmissions,54
21/06/2020,North East and Yorkshire,NewAdmissions,23
22/06/2020,North East and Yorkshire,NewAdmissions,58
22/06/2020,London,NewAdmissions,60
22/06/2020,South West,NewAdmissions,1
22/06/2020,East of England,NewAdmissions,43
22/06/2020,South East,NewAdmissions,32
22/06/2020,North West,NewAdmissions,69
22/06/2020,Midlands,NewAdmissions,55
23/06/2020,Midlands,NewAdmissions,59
23/06/2020,North West,NewAdmissions,52
23/06/2020,North East and Yorkshire,NewAdmissions,44
23/06/2020,London,NewAdmissions,69
23/06/2020,South West,NewAdmissions,9
23/06/2020,East of England,NewAdmissions,21
23/06/2020,South East,NewAdmissions,21
24/06/2020,South East,NewAdmissions,27
24/06/2020,South West,NewAdmissions,8
24/06/2020,East of England,NewAdmissions,20
24/06/2020,London,NewAdmissions,51
24/06/2020,North West,NewAdmissions,71
24/06/2020,Midlands,NewAdmissions,55
24/06/2020,North East and Yorkshire,NewAdmissions,30
25/06/2020,North East and Yorkshire,NewAdmissions,36
25/06/2020,London,NewAdmissions,47
25/06/2020,South West,NewAdmissions,12
25/06/2020,South East,NewAdmissions,27
25/06/2020,East of England,NewAdmissions,42
25/06/2020,North West,NewAdmissions,53
25/06/2020,Midlands,NewAdmissions,39
26/06/2020,Midlands,NewAdmissions,60
26/06/2020,North West,NewAdmissions,53
26/06/2020,North East and Yorkshire,NewAdmissions,35
26/06/2020,South West,NewAdmissions,7
26/06/2020,East of England,NewAdmissions,32
26/06/2020,South East,NewAdmissions,22
26/06/2020,London,NewAdmissions,39
27/06/2020,South West,NewAdmissions,12
27/06/2020,East of England,NewAdmissions,15
27/06/2020,London,NewAdmissions,29
27/06/2020,South East,NewAdmissions,31
27/06/2020,North West,NewAdmissions,48
27/06/2020,Midlands,NewAdmissions,42
27/06/2020,North East and Yorkshire,NewAdmissions,32
28/06/2020,North East and Yorkshire,NewAdmissions,28
28/06/2020,South West,NewAdmissions,8
28/06/2020,London,NewAdmissions,18
28/06/2020,South East,NewAdmissions,24
28/06/2020,East of England,NewAdmissions,9
28/06/2020,North West,NewAdmissions,39
28/06/2020,Midlands,NewAdmissions,29
29/06/2020,Midlands,NewAdmissions,41
29/06/2020,North West,NewAdmissions,36
29/06/2020,North East and Yorkshire,NewAdmissions,24
29/06/2020,East of England,NewAdmissions,21
29/06/2020,South West,NewAdmissions,7
29/06/2020,South East,NewAdmissions,23
29/06/2020,London,NewAdmissions,20
30/06/2020,London,NewAdmissions,28
30/06/2020,East of England,NewAdmissions,20
30/06/2020,South West,NewAdmissions,11
30/06/2020,South East,NewAdmissions,31
30/06/2020,North West,NewAdmissions,22
30/06/2020,Midlands,NewAdmissions,44
30/06/2020,North East and Yorkshire,NewAdmissions,33
01/07/2020,North East and Yorkshire,NewAdmissions,28
01/07/2020,South East,NewAdmissions,27
01/07/2020,London,NewAdmissions,53
01/07/2020,South West,NewAdmissions,4
01/07/2020,East of England,NewAdmissions,20
01/07/2020,Midlands,NewAdmissions,42
01/07/2020,North West,NewAdmissions,27
02/07/2020,Midlands,NewAdmissions,31
02/07/2020,North West,NewAdmissions,17
02/07/2020,North East and Yorkshire,NewAdmissions,30
02/07/2020,East of England,NewAdmissions,22
02/07/2020,South East,NewAdmissions,20
02/07/2020,London,NewAdmissions,27
02/07/2020,South West,NewAdmissions,2
03/07/2020,East of England,NewAdmissions,9
03/07/2020,London,NewAdmissions,20
03/07/2020,South West,NewAdmissions,5
03/07/2020,South East,NewAdmissions,19
03/07/2020,North West,NewAdmissions,30
03/07/2020,Midlands,NewAdmissions,37
03/07/2020,North East and Yorkshire,NewAdmissions,26
04/07/2020,North East and Yorkshire,NewAdmissions,22
04/07/2020,London,NewAdmissions,16
04/07/2020,East of England,NewAdmissions,17
04/07/2020,South East,NewAdmissions,21
04/07/2020,South West,NewAdmissions,6
04/07/2020,North West,NewAdmissions,19
04/07/2020,Midlands,NewAdmissions,19
05/07/2020,Midlands,NewAdmissions,25
05/07/2020,North West,NewAdmissions,23
05/07/2020,North East and Yorkshire,NewAdmissions,16
05/07/2020,South West,NewAdmissions,5
05/07/2020,London,NewAdmissions,23
05/07/2020,South East,NewAdmissions,15
05/07/2020,East of England,NewAdmissions,24
06/07/2020,South East,NewAdmissions,19
06/07/2020,South West,NewAdmissions,2
06/07/2020,London,NewAdmissions,30
06/07/2020,East of England,NewAdmissions,22
06/07/2020,Midlands,NewAdmissions,31
06/07/2020,North West,NewAdmissions,20
06/07/2020,North East and Yorkshire,NewAdmissions,26
07/07/2020,North East and Yorkshire,NewAdmissions,34
07/07/2020,London,NewAdmissions,26
07/07/2020,South East,NewAdmissions,23
07/07/2020,East of England,NewAdmissions,18
07/07/2020,South West,NewAdmissions,3
07/07/2020,Midlands,NewAdmissions,27
07/07/2020,North West,NewAdmissions,17
08/07/2020,Midlands,NewAdmissions,29
08/07/2020,North West,NewAdmissions,20
08/07/2020,North East and Yorkshire,NewAdmissions,26
08/07/2020,London,NewAdmissions,30
08/07/2020,South West,NewAdmissions,1
08/07/2020,South East,NewAdmissions,19
08/07/2020,East of England,NewAdmissions,16
09/07/2020,South East,NewAdmissions,25
09/07/2020,South West,NewAdmissions,5
09/07/2020,East of England,NewAdmissions,8
09/07/2020,London,NewAdmissions,27
09/07/2020,North West,NewAdmissions,24
09/07/2020,Midlands,NewAdmissions,25
09/07/2020,North East and Yorkshire,NewAdmissions,22
10/07/2020,North East and Yorkshire,NewAdmissions,22
10/07/2020,East of England,NewAdmissions,9
10/07/2020,London,NewAdmissions,26
10/07/2020,South West,NewAdmissions,6
10/07/2020,South East,NewAdmissions,16
10/07/2020,North West,NewAdmissions,9
10/07/2020,Midlands,NewAdmissions,16
11/07/2020,North West,NewAdmissions,12
11/07/2020,Midlands,NewAdmissions,15
11/07/2020,North East and Yorkshire,NewAdmissions,21
11/07/2020,South West,NewAdmissions,6
11/07/2020,East of England,NewAdmissions,12
11/07/2020,London,NewAdmissions,17
11/07/2020,South East,NewAdmissions,14
12/07/2020,East of England,NewAdmissions,11
12/07/2020,South West,NewAdmissions,2
12/07/2020,South East,NewAdmissions,8
12/07/2020,London,NewAdmissions,16
12/07/2020,North West,NewAdmissions,8
12/07/2020,Midlands,NewAdmissions,14
12/07/2020,North East and Yorkshire,NewAdmissions,13
13/07/2020,North East and Yorkshire,NewAdmissions,27
13/07/2020,London,NewAdmissions,18
13/07/2020,South East,NewAdmissions,25
13/07/2020,South West,NewAdmissions,6
13/07/2020,East of England,NewAdmissions,19
13/07/2020,North West,NewAdmissions,18
13/07/2020,Midlands,NewAdmissions,24
14/07/2020,Midlands,NewAdmissions,21
14/07/2020,North West,NewAdmissions,20
14/07/2020,North East and Yorkshire,NewAdmissions,25
14/07/2020,London,NewAdmissions,19
14/07/2020,South East,NewAdmissions,15
14/07/2020,South West,NewAdmissions,5
14/07/2020,East of England,NewAdmissions,17
15/07/2020,South East,NewAdmissions,15
15/07/2020,London,NewAdmissions,22
15/07/2020,South West,NewAdmissions,5
15/07/2020,East of England,NewAdmissions,19
15/07/2020,Midlands,NewAdmissions,16
15/07/2020,North West,NewAdmissions,19
15/07/2020,North East and Yorkshire,NewAdmissions,20
16/07/2020,North East and Yorkshire,NewAdmissions,19
16/07/2020,South East,NewAdmissions,15
16/07/2020,London,NewAdmissions,24
16/07/2020,South West,NewAdmissions,3
16/07/2020,East of England,NewAdmissions,17
16/07/2020,Midlands,NewAdmissions,16
16/07/2020,North West,NewAdmissions,20
17/07/2020,North West,NewAdmissions,10
17/07/2020,Midlands,NewAdmissions,11
17/07/2020,North East and Yorkshire,NewAdmissions,15
17/07/2020,South East,NewAdmissions,12
17/07/2020,South West,NewAdmissions,7
17/07/2020,London,NewAdmissions,18
17/07/2020,East of England,NewAdmissions,10
18/07/2020,South East,NewAdmissions,11
18/07/2020,London,NewAdmissions,5
18/07/2020,East of England,NewAdmissions,8
18/07/2020,South West,NewAdmissions,2
18/07/2020,North West,NewAdmissions,10
18/07/2020,Midlands,NewAdmissions,7
18/07/2020,North East and Yorkshire,NewAdmissions,5
19/07/2020,North East and Yorkshire,NewAdmissions,20
19/07/2020,London,NewAdmissions,7
19/07/2020,South West,NewAdmissions,2
19/07/2020,East of England,NewAdmissions,6
19/07/2020,South East,NewAdmissions,13
19/07/2020,North West,NewAdmissions,13
19/07/2020,Midlands,NewAdmissions,11
20/07/2020,Midlands,NewAdmissions,22
20/07/2020,North West,NewAdmissions,26
20/07/2020,North East and Yorkshire,NewAdmissions,6
20/07/2020,East of England,NewAdmissions,8
20/07/2020,South East,NewAdmissions,8
20/07/2020,South West,NewAdmissions,2
20/07/2020,London,NewAdmissions,14
21/07/2020,East of England,NewAdmissions,7
21/07/2020,South West,NewAdmissions,1
21/07/2020,London,NewAdmissions,11
21/07/2020,South East,NewAdmissions,7
21/07/2020,North West,NewAdmissions,27
21/07/2020,Midlands,NewAdmissions,20
21/07/2020,North East and Yorkshire,NewAdmissions,6
22/07/2020,North East and Yorkshire,NewAdmissions,9
22/07/2020,South East,NewAdmissions,11
22/07/2020,South West,NewAdmissions,3
22/07/2020,East of England,NewAdmissions,13
22/07/2020,London,NewAdmissions,11
22/07/2020,Midlands,NewAdmissions,13
22/07/2020,North West,NewAdmissions,22
23/07/2020,North West,NewAdmissions,27
23/07/2020,Midlands,NewAdmissions,22
23/07/2020,North East and Yorkshire,NewAdmissions,8
23/07/2020,London,NewAdmissions,14
23/07/2020,South West,NewAdmissions,2
23/07/2020,East of England,NewAdmissions,24
23/07/2020,South East,NewAdmissions,12
24/07/2020,London,NewAdmissions,15
24/07/2020,South West,NewAdmissions,0
24/07/2020,East of England,NewAdmissions,12
24/07/2020,South East,NewAdmissions,14
24/07/2020,Midlands,NewAdmissions,15
24/07/2020,North West,NewAdmissions,22
24/07/2020,North East and Yorkshire,NewAdmissions,15
25/07/2020,North East and Yorkshire,NewAdmissions,9
25/07/2020,East of England,NewAdmissions,16
25/07/2020,South East,NewAdmissions,7
25/07/2020,London,NewAdmissions,5
25/07/2020,South West,NewAdmissions,5
25/07/2020,Midlands,NewAdmissions,12
25/07/2020,North West,NewAdmissions,11
26/07/2020,Midlands,NewAdmissions,12
26/07/2020,North West,NewAdmissions,13
26/07/2020,North East and Yorkshire,NewAdmissions,11
26/07/2020,London,NewAdmissions,9
26/07/2020,South West,NewAdmissions,3
26/07/2020,South East,NewAdmissions,9
26/07/2020,East of England,NewAdmissions,7
27/07/2020,East of England,NewAdmissions,18
27/07/2020,London,NewAdmissions,10
27/07/2020,South East,NewAdmissions,13
27/07/2020,South West,NewAdmissions,6
27/07/2020,Midlands,NewAdmissions,8
27/07/2020,North West,NewAdmissions,12
27/07/2020,North East and Yorkshire,NewAdmissions,15
28/07/2020,North East and Yorkshire,NewAdmissions,8
28/07/2020,London,NewAdmissions,7
28/07/2020,South East,NewAdmissions,12
28/07/2020,East of England,NewAdmissions,9
28/07/2020,South West,NewAdmissions,2
28/07/2020,North West,NewAdmissions,16
28/07/2020,Midlands,NewAdmissions,15
29/07/2020,Midlands,NewAdmissions,14
29/07/2020,North West,NewAdmissions,12
29/07/2020,North East and Yorkshire,NewAdmissions,6
29/07/2020,East of England,NewAdmissions,8
29/07/2020,South East,NewAdmissions,9
29/07/2020,London,NewAdmissions,11
29/07/2020,South West,NewAdmissions,3
30/07/2020,East of England,NewAdmissions,8
30/07/2020,South East,NewAdmissions,8
30/07/2020,London,NewAdmissions,5
30/07/2020,South West,NewAdmissions,2
30/07/2020,Midlands,NewAdmissions,15
30/07/2020,North West,NewAdmissions,21
30/07/2020,North East and Yorkshire,NewAdmissions,16
31/07/2020,North East and Yorkshire,NewAdmissions,11
31/07/2020,London,NewAdmissions,2
31/07/2020,South East,NewAdmissions,10
31/07/2020,East of England,NewAdmissions,5
31/07/2020,South West,NewAdmissions,4
31/07/2020,North West,NewAdmissions,12
31/07/2020,Midlands,NewAdmissions,11
01/08/2020,North West,NewAdmissions,11
01/08/2020,Midlands,NewAdmissions,8
01/08/2020,North East and Yorkshire,NewAdmissions,9
01/08/2020,London,NewAdmissions,5
01/08/2020,East of England,NewAdmissions,2
01/08/2020,South East,NewAdmissions,14
01/08/2020,South West,NewAdmissions,1
02/08/2020,South East,NewAdmissions,5
02/08/2020,South West,NewAdmissions,4
02/08/2020,East of England,NewAdmissions,7
02/08/2020,London,NewAdmissions,10
02/08/2020,North West,NewAdmissions,12
02/08/2020,Midlands,NewAdmissions,5
02/08/2020,North East and Yorkshire,NewAdmissions,14
03/08/2020,North East and Yorkshire,NewAdmissions,25
03/08/2020,South West,NewAdmissions,4
03/08/2020,South East,NewAdmissions,4
03/08/2020,London,NewAdmissions,2
03/08/2020,East of England,NewAdmissions,7
03/08/2020,North West,NewAdmissions,19
03/08/2020,Midlands,NewAdmissions,13
04/08/2020,Midlands,NewAdmissions,8
04/08/2020,North West,NewAdmissions,11
04/08/2020,North East and Yorkshire,NewAdmissions,16
04/08/2020,South East,NewAdmissions,9
04/08/2020,East of England,NewAdmissions,5
04/08/2020,London,NewAdmissions,5
04/08/2020,South West,NewAdmissions,4
05/08/2020,South West,NewAdmissions,1
05/08/2020,East of England,NewAdmissions,5
05/08/2020,London,NewAdmissions,12
05/08/2020,South East,NewAdmissions,12
05/08/2020,Midlands,NewAdmissions,12
05/08/2020,North West,NewAdmissions,12
05/08/2020,North East and Yorkshire,NewAdmissions,6
06/08/2020,North East and Yorkshire,NewAdmissions,15
06/08/2020,East of England,NewAdmissions,4
06/08/2020,London,NewAdmissions,7
06/08/2020,South East,NewAdmissions,2
06/08/2020,South West,NewAdmissions,3
06/08/2020,North West,NewAdmissions,13
06/08/2020,Midlands,NewAdmissions,8
07/08/2020,Midlands,NewAdmissions,5
07/08/2020,North West,NewAdmissions,17
07/08/2020,North East and Yorkshire,NewAdmissions,11
07/08/2020,London,NewAdmissions,7
07/08/2020,East of England,NewAdmissions,10
07/08/2020,South East,NewAdmissions,6
07/08/2020,South West,NewAdmissions,4
08/08/2020,South East,NewAdmissions,7
08/08/2020,South West,NewAdmissions,2
08/08/2020,East of England,NewAdmissions,6
08/08/2020,London,NewAdmissions,2
08/08/2020,Midlands,NewAdmissions,12
08/08/2020,North West,NewAdmissions,41
08/08/2020,North East and Yorkshire,NewAdmissions,8
09/08/2020,North East and Yorkshire,NewAdmissions,14
09/08/2020,East of England,NewAdmissions,3
09/08/2020,South West,NewAdmissions,0
09/08/2020,London,NewAdmissions,10
09/08/2020,South East,NewAdmissions,4
09/08/2020,Midlands,NewAdmissions,12
09/08/2020,North West,NewAdmissions,10
10/08/2020,North West,NewAdmissions,11
10/08/2020,Midlands,NewAdmissions,4
10/08/2020,North East and Yorkshire,NewAdmissions,10
10/08/2020,South East,NewAdmissions,4
10/08/2020,East of England,NewAdmissions,8
10/08/2020,South West,NewAdmissions,4
10/08/2020,London,NewAdmissions,9
11/08/2020,East of England,NewAdmissions,7
11/08/2020,South West,NewAdmissions,2
11/08/2020,London,NewAdmissions,18
11/08/2020,South East,NewAdmissions,3
11/08/2020,Midlands,NewAdmissions,6
11/08/2020,North West,NewAdmissions,13
11/08/2020,North East and Yorkshire,NewAdmissions,14
12/08/2020,North East and Yorkshire,NewAdmissions,13
12/08/2020,East of England,NewAdmissions,1
12/08/2020,London,NewAdmissions,5
12/08/2020,South East,NewAdmissions,13
12/08/2020,South West,NewAdmissions,4
12/08/2020,Midlands,NewAdmissions,6
12/08/2020,North West,NewAdmissions,9
13/08/2020,North West,NewAdmissions,12
13/08/2020,Midlands,NewAdmissions,16
13/08/2020,North East and Yorkshire,NewAdmissions,6
13/08/2020,South East,NewAdmissions,10
13/08/2020,East of England,NewAdmissions,6
13/08/2020,South West,NewAdmissions,1
13/08/2020,London,NewAdmissions,9
14/08/2020,East of England,NewAdmissions,8
14/08/2020,South East,NewAdmissions,9
14/08/2020,London,NewAdmissions,8
14/08/2020,South West,NewAdmissions,2
14/08/2020,Midlands,NewAdmissions,13
14/08/2020,North West,NewAdmissions,7
14/08/2020,North East and Yorkshire,NewAdmissions,8
15/08/2020,North East and Yorkshire,NewAdmissions,8
15/08/2020,East of England,NewAdmissions,2
15/08/2020,South East,NewAdmissions,3
15/08/2020,London,NewAdmissions,4
15/08/2020,South West,NewAdmissions,2
15/08/2020,Midlands,NewAdmissions,15
15/08/2020,North West,NewAdmissions,4
16/08/2020,Midlands,NewAdmissions,11
16/08/2020,North West,NewAdmissions,3
16/08/2020,North East and Yorkshire,NewAdmissions,7
16/08/2020,South West,NewAdmissions,2
16/08/2020,South East,NewAdmissions,5
16/08/2020,London,NewAdmissions,7
16/08/2020,East of England,NewAdmissions,4
17/08/2020,London,NewAdmissions,2
17/08/2020,South West,NewAdmissions,3
17/08/2020,South East,NewAdmissions,5
17/08/2020,East of England,NewAdmissions,5
17/08/2020,North West,NewAdmissions,9
17/08/2020,Midlands,NewAdmissions,14
17/08/2020,North East and Yorkshire,NewAdmissions,8
18/08/2020,North East and Yorkshire,NewAdmissions,10
18/08/2020,East of England,NewAdmissions,4
18/08/2020,London,NewAdmissions,6
18/08/2020,South East,NewAdmissions,6
18/08/2020,South West,NewAdmissions,5
18/08/2020,North West,NewAdmissions,10
18/08/2020,Midlands,NewAdmissions,15
19/08/2020,North West,NewAdmissions,22
19/08/2020,Midlands,NewAdmissions,9
19/08/2020,North East and Yorkshire,NewAdmissions,5
19/08/2020,London,NewAdmissions,7
19/08/2020,East of England,NewAdmissions,4
19/08/2020,South West,NewAdmissions,4
19/08/2020,South East,NewAdmissions,7
20/08/2020,London,NewAdmissions,6
20/08/2020,East of England,NewAdmissions,2
20/08/2020,South East,NewAdmissions,4
20/08/2020,South West,NewAdmissions,5
20/08/2020,North West,NewAdmissions,6
20/08/2020,Midlands,NewAdmissions,12
20/08/2020,North East and Yorkshire,NewAdmissions,10
21/08/2020,North East and Yorkshire,NewAdmissions,10
21/08/2020,East of England,NewAdmissions,3
21/08/2020,London,NewAdmissions,5
21/08/2020,South East,NewAdmissions,2
21/08/2020,South West,NewAdmissions,6
21/08/2020,North West,NewAdmissions,13
21/08/2020,Midlands,NewAdmissions,10
22/08/2020,North West,NewAdmissions,1
22/08/2020,Midlands,NewAdmissions,9
22/08/2020,North East and Yorkshire,NewAdmissions,4
22/08/2020,East of England,NewAdmissions,2
22/08/2020,South West,NewAdmissions,1
22/08/2020,South East,NewAdmissions,5
22/08/2020,London,NewAdmissions,3
23/08/2020,London,NewAdmissions,8
23/08/2020,South West,NewAdmissions,1
23/08/2020,South East,NewAdmissions,8
23/08/2020,East of England,NewAdmissions,2
23/08/2020,Midlands,NewAdmissions,9
23/08/2020,North West,NewAdmissions,9
23/08/2020,North East and Yorkshire,NewAdmissions,7
24/08/2020,North East and Yorkshire,NewAdmissions,8
24/08/2020,East of England,NewAdmissions,0
24/08/2020,London,NewAdmissions,6
24/08/2020,South West,NewAdmissions,2
24/08/2020,South East,NewAdmissions,8
24/08/2020,Midlands,NewAdmissions,8
24/08/2020,North West,NewAdmissions,9
25/08/2020,North West,NewAdmissions,8
25/08/2020,Midlands,NewAdmissions,12
25/08/2020,North East and Yorkshire,NewAdmissions,12
25/08/2020,East of England,NewAdmissions,8
25/08/2020,London,NewAdmissions,9
25/08/2020,South East,NewAdmissions,9
25/08/2020,South West,NewAdmissions,2
26/08/2020,South West,NewAdmissions,0
26/08/2020,East of England,NewAdmissions,4
26/08/2020,South East,NewAdmissions,7
26/08/2020,London,NewAdmissions,5
26/08/2020,Midlands,NewAdmissions,12
26/08/2020,North West,NewAdmissions,12
26/08/2020,North East and Yorkshire,NewAdmissions,12
27/08/2020,North East and Yorkshire,NewAdmissions,11
27/08/2020,London,NewAdmissions,5
27/08/2020,South East,NewAdmissions,12
27/08/2020,South West,NewAdmissions,2
27/08/2020,East of England,NewAdmissions,3
27/08/2020,North West,NewAdmissions,23
27/08/2020,Midlands,NewAdmissions,13
28/08/2020,Midlands,NewAdmissions,2
28/08/2020,North West,NewAdmissions,12
28/08/2020,North East and Yorkshire,NewAdmissions,7
28/08/2020,South West,NewAdmissions,2
28/08/2020,London,NewAdmissions,11
28/08/2020,East of England,NewAdmissions,3
28/08/2020,South East,NewAdmissions,7
29/08/2020,London,NewAdmissions,6
29/08/2020,South West,NewAdmissions,2
29/08/2020,South East,NewAdmissions,5
29/08/2020,East of England,NewAdmissions,5
29/08/2020,Midlands,NewAdmissions,12
29/08/2020,North West,NewAdmissions,15
29/08/2020,North East and Yorkshire,NewAdmissions,7
30/08/2020,North East and Yorkshire,NewAdmissions,9
30/08/2020,London,NewAdmissions,6
30/08/2020,South East,NewAdmissions,2
30/08/2020,East of England,NewAdmissions,1
30/08/2020,South West,NewAdmissions,1
30/08/2020,Midlands,NewAdmissions,8
30/08/2020,North West,NewAdmissions,11
31/08/2020,North West,NewAdmissions,14
31/08/2020,Midlands,NewAdmissions,15
31/08/2020,North East and Yorkshire,NewAdmissions,11
31/08/2020,East of England,NewAdmissions,0
31/08/2020,London,NewAdmissions,6
31/08/2020,South East,NewAdmissions,6
31/08/2020,South West,NewAdmissions,0
01/09/2020,South East,NewAdmissions,7
01/09/2020,London,NewAdmissions,6
01/09/2020,East of England,NewAdmissions,2
01/09/2020,South West,NewAdmissions,2
01/09/2020,North West,NewAdmissions,17
01/09/2020,Midlands,NewAdmissions,10
01/09/2020,North East and Yorkshire,NewAdmissions,14
02/09/2020,East of England,NewAdmissions,8
02/09/2020,South East,NewAdmissions,12
02/09/2020,London,NewAdmissions,11
02/09/2020,South West,NewAdmissions,4
02/09/2020,North East and Yorkshire,NewAdmissions,9
02/09/2020,Midlands,NewAdmissions,14
02/09/2020,North West,NewAdmissions,21
03/09/2020,North West,NewAdmissions,23
03/09/2020,Midlands,NewAdmissions,7
03/09/2020,South East,NewAdmissions,8
03/09/2020,South West,NewAdmissions,1
03/09/2020,East of England,NewAdmissions,5
03/09/2020,London,NewAdmissions,15
03/09/2020,North East and Yorkshire,NewAdmissions,10
04/09/2020,London,NewAdmissions,11
04/09/2020,North East and Yorkshire,NewAdmissions,13
04/09/2020,South West,NewAdmissions,1
04/09/2020,East of England,NewAdmissions,2
04/09/2020,South East,NewAdmissions,9
04/09/2020,North West,NewAdmissions,14
04/09/2020,Midlands,NewAdmissions,17
05/09/2020,Midlands,NewAdmissions,24
05/09/2020,North West,NewAdmissions,25
05/09/2020,London,NewAdmissions,23
05/09/2020,South East,NewAdmissions,6
05/09/2020,East of England,NewAdmissions,6
05/09/2020,South West,NewAdmissions,1
05/09/2020,North East and Yorkshire,NewAdmissions,9
06/09/2020,East of England,NewAdmissions,1
06/09/2020,South West,NewAdmissions,2
06/09/2020,South East,NewAdmissions,8
06/09/2020,London,NewAdmissions,12
06/09/2020,North East and Yorkshire,NewAdmissions,10
06/09/2020,North West,NewAdmissions,33
06/09/2020,Midlands,NewAdmissions,19
07/09/2020,Midlands,NewAdmissions,20
07/09/2020,North West,NewAdmissions,31
07/09/2020,North East and Yorkshire,NewAdmissions,17
07/09/2020,East of England,NewAdmissions,5
07/09/2020,London,NewAdmissions,5
07/09/2020,South East,NewAdmissions,4
07/09/2020,South West,NewAdmissions,2
08/09/2020,East of England,NewAdmissions,2
08/09/2020,London,NewAdmissions,11
08/09/2020,North East and Yorkshire,NewAdmissions,25
08/09/2020,South West,NewAdmissions,5
08/09/2020,South East,NewAdmissions,9
08/09/2020,Midlands,NewAdmissions,27
08/09/2020,North West,NewAdmissions,20
09/09/2020,North West,NewAdmissions,26
09/09/2020,Midlands,NewAdmissions,32
09/09/2020,South East,NewAdmissions,17
09/09/2020,London,NewAdmissions,17
09/09/2020,South West,NewAdmissions,5
09/09/2020,East of England,NewAdmissions,5
09/09/2020,North East and Yorkshire,NewAdmissions,34
10/09/2020,South West,NewAdmissions,7
10/09/2020,North East and Yorkshire,NewAdmissions,29
10/09/2020,South East,NewAdmissions,10
10/09/2020,East of England,NewAdmissions,5
10/09/2020,London,NewAdmissions,19
10/09/2020,Midlands,NewAdmissions,30
10/09/2020,North West,NewAdmissions,43
11/09/2020,Midlands,NewAdmissions,31
11/09/2020,North West,NewAdmissions,41
11/09/2020,London,NewAdmissions,13
11/09/2020,South East,NewAdmissions,11
11/09/2020,North East and Yorkshire,NewAdmissions,30
11/09/2020,South West,NewAdmissions,3
11/09/2020,East of England,NewAdmissions,6
12/09/2020,London,NewAdmissions,19
12/09/2020,South West,NewAdmissions,1
12/09/2020,North East and Yorkshire,NewAdmissions,32
12/09/2020,South East,NewAdmissions,12
12/09/2020,East of England,NewAdmissions,11
12/09/2020,Midlands,NewAdmissions,22
12/09/2020,North West,NewAdmissions,46
13/09/2020,North West,NewAdmissions,51
13/09/2020,Midlands,NewAdmissions,31
13/09/2020,South East,NewAdmissions,12
13/09/2020,London,NewAdmissions,23
13/09/2020,East of England,NewAdmissions,4
13/09/2020,South West,NewAdmissions,3
13/09/2020,North East and Yorkshire,NewAdmissions,29
14/09/2020,South West,NewAdmissions,0
14/09/2020,North East and Yorkshire,NewAdmissions,38
14/09/2020,London,NewAdmissions,31
14/09/2020,East of England,NewAdmissions,11
14/09/2020,South East,NewAdmissions,9
14/09/2020,Midlands,NewAdmissions,36
14/09/2020,North West,NewAdmissions,47
15/09/2020,North West,NewAdmissions,62
15/09/2020,Midlands,NewAdmissions,33
15/09/2020,East of England,NewAdmissions,13
15/09/2020,South West,NewAdmissions,4
15/09/2020,London,NewAdmissions,26
15/09/2020,South East,NewAdmissions,7
15/09/2020,North East and Yorkshire,NewAdmissions,49
16/09/2020,East of England,NewAdmissions,8
16/09/2020,North East and Yorkshire,NewAdmissions,41
16/09/2020,London,NewAdmissions,25
16/09/2020,South West,NewAdmissions,5
16/09/2020,South East,NewAdmissions,13
16/09/2020,Midlands,NewAdmissions,37
16/09/2020,North West,NewAdmissions,54
17/09/2020,North West,NewAdmissions,58
17/09/2020,Midlands,NewAdmissions,36
17/09/2020,London,NewAdmissions,28
17/09/2020,East of England,NewAdmissions,6
17/09/2020,South East,NewAdmissions,8
17/09/2020,South West,NewAdmissions,4
17/09/2020,North East and Yorkshire,NewAdmissions,59
18/09/2020,London,NewAdmissions,41
18/09/2020,North East and Yorkshire,NewAdmissions,64
18/09/2020,East of England,NewAdmissions,4
18/09/2020,South West,NewAdmissions,4
18/09/2020,South East,NewAdmissions,9
18/09/2020,Midlands,NewAdmissions,39
18/09/2020,North West,NewAdmissions,44
19/09/2020,North West,NewAdmissions,52
19/09/2020,Midlands,NewAdmissions,43
19/09/2020,South East,NewAdmissions,16
19/09/2020,North East and Yorkshire,NewAdmissions,50
19/09/2020,East of England,NewAdmissions,4
19/09/2020,London,NewAdmissions,32
19/09/2020,South West,NewAdmissions,7
20/09/2020,East of England,NewAdmissions,6
20/09/2020,South West,NewAdmissions,8
20/09/2020,South East,NewAdmissions,9
20/09/2020,North East and Yorkshire,NewAdmissions,67
20/09/2020,London,NewAdmissions,38
20/09/2020,Midlands,NewAdmissions,43
20/09/2020,North West,NewAdmissions,66
21/09/2020,North West,NewAdmissions,92
21/09/2020,Midlands,NewAdmissions,30
21/09/2020,North East and Yorkshire,NewAdmissions,80
21/09/2020,South West,NewAdmissions,8
21/09/2020,London,NewAdmissions,44
21/09/2020,South East,NewAdmissions,14
21/09/2020,East of England,NewAdmissions,7
22/09/2020,London,NewAdmissions,35
22/09/2020,South West,NewAdmissions,8
22/09/2020,South East,NewAdmissions,15
22/09/2020,North East and Yorkshire,NewAdmissions,58
22/09/2020,East of England,NewAdmissions,11
22/09/2020,North West,NewAdmissions,80
22/09/2020,Midlands,NewAdmissions,61
23/09/2020,North West,NewAdmissions,97
23/09/2020,Midlands,NewAdmissions,55
23/09/2020,South West,NewAdmissions,6
23/09/2020,London,NewAdmissions,36
23/09/2020,East of England,NewAdmissions,7
23/09/2020,North East and Yorkshire,NewAdmissions,89
23/09/2020,South East,NewAdmissions,24
24/09/2020,South East,NewAdmissions,15
24/09/2020,South West,NewAdmissions,9
24/09/2020,East of England,NewAdmissions,13
24/09/2020,North East and Yorkshire,NewAdmissions,65
24/09/2020,London,NewAdmissions,47
24/09/2020,North West,NewAdmissions,80
24/09/2020,Midlands,NewAdmissions,59
25/09/2020,Midlands,NewAdmissions,61
25/09/2020,North West,NewAdmissions,71
25/09/2020,East of England,NewAdmissions,16
25/09/2020,South West,NewAdmissions,8
25/09/2020,South East,NewAdmissions,18
25/09/2020,North East and Yorkshire,NewAdmissions,64
25/09/2020,London,NewAdmissions,36
26/09/2020,East of England,NewAdmissions,12
26/09/2020,South East,NewAdmissions,14
26/09/2020,South West,NewAdmissions,5
26/09/2020,London,NewAdmissions,28
26/09/2020,North East and Yorkshire,NewAdmissions,68
26/09/2020,Midlands,NewAdmissions,52
26/09/2020,North West,NewAdmissions,66
27/09/2020,Midlands,NewAdmissions,48
27/09/2020,North West,NewAdmissions,73
27/09/2020,South East,NewAdmissions,6
27/09/2020,London,NewAdmissions,23
27/09/2020,South West,NewAdmissions,4
27/09/2020,North East and Yorkshire,NewAdmissions,72
27/09/2020,East of England,NewAdmissions,15
28/09/2020,North East and Yorkshire,NewAdmissions,82
28/09/2020,South West,NewAdmissions,4
28/09/2020,South East,NewAdmissions,13
28/09/2020,East of England,NewAdmissions,13
28/09/2020,London,NewAdmissions,28
28/09/2020,Midlands,NewAdmissions,58
28/09/2020,North West,NewAdmissions,110
29/09/2020,North West,NewAdmissions,82
29/09/2020,Midlands,NewAdmissions,55
29/09/2020,North East and Yorkshire,NewAdmissions,104
29/09/2020,London,NewAdmissions,36
29/09/2020,South West,NewAdmissions,9
29/09/2020,South East,NewAdmissions,14
29/09/2020,East of England,NewAdmissions,10
30/09/2020,London,NewAdmissions,31
30/09/2020,East of England,NewAdmissions,18
30/09/2020,North East and Yorkshire,NewAdmissions,94
30/09/2020,South West,NewAdmissions,5
30/09/2020,South East,NewAdmissions,22
30/09/2020,North West,NewAdmissions,101
30/09/2020,Midlands,NewAdmissions,57
01/10/2020,Midlands,NewAdmissions,62
01/10/2020,North West,NewAdmissions,128
01/10/2020,East of England,NewAdmissions,11
01/10/2020,South West,NewAdmissions,13
01/10/2020,London,NewAdmissions,50
01/10/2020,South East,NewAdmissions,16
01/10/2020,North East and Yorkshire,NewAdmissions,88
02/10/2020,South West,NewAdmissions,14
02/10/2020,London,NewAdmissions,37
02/10/2020,South East,NewAdmissions,12
02/10/2020,East of England,NewAdmissions,19
02/10/2020,North East and Yorkshire,NewAdmissions,100
02/10/2020,North West,NewAdmissions,122
02/10/2020,Midlands,NewAdmissions,67
03/10/2020,North West,NewAdmissions,130
03/10/2020,Midlands,NewAdmissions,53
03/10/2020,South West,NewAdmissions,10
03/10/2020,South East,NewAdmissions,19
03/10/2020,East of England,NewAdmissions,19
03/10/2020,London,NewAdmissions,38
03/10/2020,North East and Yorkshire,NewAdmissions,117
04/10/2020,South East,NewAdmissions,18
04/10/2020,East of England,NewAdmissions,16
04/10/2020,London,NewAdmissions,27
04/10/2020,North East and Yorkshire,NewAdmissions,126
04/10/2020,North West,NewAdmissions,208
04/10/2020,South West,NewAdmissions,15
04/10/2020,Midlands,NewAdmissions,68
05/10/2020,South West,NewAdmissions,20
05/10/2020,North West,NewAdmissions,141
05/10/2020,Midlands,NewAdmissions,97
05/10/2020,North East and Yorkshire,NewAdmissions,123
05/10/2020,London,NewAdmissions,47
05/10/2020,South East,NewAdmissions,21
05/10/2020,East of England,NewAdmissions,23
06/10/2020,North East and Yorkshire,NewAdmissions,161
06/10/2020,East of England,NewAdmissions,11
06/10/2020,London,NewAdmissions,43
06/10/2020,South East,NewAdmissions,25
06/10/2020,North West,NewAdmissions,185
06/10/2020,South West,NewAdmissions,21
06/10/2020,Midlands,NewAdmissions,78
07/10/2020,South West,NewAdmissions,21
07/10/2020,Midlands,NewAdmissions,81
07/10/2020,North West,NewAdmissions,145
07/10/2020,East of England,NewAdmissions,17
07/10/2020,South East,NewAdmissions,41
07/10/2020,North East and Yorkshire,NewAdmissions,140
07/10/2020,London,NewAdmissions,46
08/10/2020,London,NewAdmissions,39
08/10/2020,North East and Yorkshire,NewAdmissions,125
08/10/2020,South East,NewAdmissions,36
08/10/2020,East of England,NewAdmissions,23
08/10/2020,South West,NewAdmissions,35
08/10/2020,Midlands,NewAdmissions,77
08/10/2020,North West,NewAdmissions,178
09/10/2020,North West,NewAdmissions,180
09/10/2020,Midlands,NewAdmissions,87
09/10/2020,South West,NewAdmissions,23
09/10/2020,London,NewAdmissions,55
09/10/2020,East of England,NewAdmissions,19
09/10/2020,North East and Yorkshire,NewAdmissions,146
09/10/2020,South East,NewAdmissions,34
10/10/2020,South East,NewAdmissions,30
10/10/2020,London,NewAdmissions,51
10/10/2020,East of England,NewAdmissions,16
10/10/2020,North East and Yorkshire,NewAdmissions,145
10/10/2020,Midlands,NewAdmissions,78
10/10/2020,South West,NewAdmissions,18
10/10/2020,North West,NewAdmissions,177
11/10/2020,Midlands,NewAdmissions,101
11/10/2020,North West,NewAdmissions,209
11/10/2020,South West,NewAdmissions,34
11/10/2020,London,NewAdmissions,50
11/10/2020,South East,NewAdmissions,27
11/10/2020,North East and Yorkshire,NewAdmissions,180
11/10/2020,East of England,NewAdmissions,27
12/10/2020,South East,NewAdmissions,37
12/10/2020,London,NewAdmissions,69
12/10/2020,North East and Yorkshire,NewAdmissions,173
12/10/2020,East of England,NewAdmissions,24
12/10/2020,Midlands,NewAdmissions,109
12/10/2020,South West,NewAdmissions,32
12/10/2020,North West,NewAdmissions,220
13/10/2020,South West,NewAdmissions,23
13/10/2020,North West,NewAdmissions,244
13/10/2020,Midlands,NewAdmissions,161
13/10/2020,East of England,NewAdmissions,32
13/10/2020,London,NewAdmissions,73
13/10/2020,South East,NewAdmissions,48
13/10/2020,North East and Yorkshire,NewAdmissions,183
14/10/2020,South East,NewAdmissions,38
14/10/2020,East of England,NewAdmissions,27
14/10/2020,London,NewAdmissions,76
14/10/2020,North East and Yorkshire,NewAdmissions,167
14/10/2020,South West,NewAdmissions,46
14/10/2020,North West,NewAdmissions,223
14/10/2020,Midlands,NewAdmissions,129
15/10/2020,Midlands,NewAdmissions,146
15/10/2020,North West,NewAdmissions,258
15/10/2020,South West,NewAdmissions,33
15/10/2020,North East and Yorkshire,NewAdmissions,184
15/10/2020,South East,NewAdmissions,52
15/10/2020,London,NewAdmissions,78
15/10/2020,East of England,NewAdmissions,41
16/10/2020,East of England,NewAdmissions,23
16/10/2020,London,NewAdmissions,67
16/10/2020,North East and Yorkshire,NewAdmissions,159
16/10/2020,South East,NewAdmissions,33
16/10/2020,Midlands,NewAdmissions,132
16/10/2020,North West,NewAdmissions,196
16/10/2020,South West,NewAdmissions,22
17/10/2020,South West,NewAdmissions,37
17/10/2020,North West,NewAdmissions,272
17/10/2020,Midlands,NewAdmissions,108
17/10/2020,North East and Yorkshire,NewAdmissions,210
17/10/2020,East of England,NewAdmissions,37
17/10/2020,London,NewAdmissions,87
17/10/2020,South East,NewAdmissions,34
18/10/2020,East of England,NewAdmissions,41
18/10/2020,North East and Yorkshire,NewAdmissions,219
18/10/2020,London,NewAdmissions,95
18/10/2020,South East,NewAdmissions,40
18/10/2020,Midlands,NewAdmissions,165
18/10/2020,North West,NewAdmissions,276
18/10/2020,South West,NewAdmissions,34
19/10/2020,Midlands,NewAdmissions,173
19/10/2020,South West,NewAdmissions,52
19/10/2020,North West,NewAdmissions,230
19/10/2020,East of England,NewAdmissions,43
19/10/2020,North East and Yorkshire,NewAdmissions,222
19/10/2020,London,NewAdmissions,90
19/10/2020,South East,NewAdmissions,51
20/10/2020,East of England,NewAdmissions,33
20/10/2020,North East and Yorkshire,NewAdmissions,274
20/10/2020,South East,NewAdmissions,37
20/10/2020,London,NewAdmissions,89
20/10/2020,North West,NewAdmissions,241
20/10/2020,South West,NewAdmissions,43
20/10/2020,Midlands,NewAdmissions,208
21/10/2020,South West,NewAdmissions,48
21/10/2020,North West,NewAdmissions,252
21/10/2020,Midlands,NewAdmissions,197
21/10/2020,East of England,NewAdmissions,50
21/10/2020,South East,NewAdmissions,65
21/10/2020,North East and Yorkshire,NewAdmissions,271
21/10/2020,London,NewAdmissions,114
22/10/2020,North East and Yorkshire,NewAdmissions,242
22/10/2020,East of England,NewAdmissions,51
22/10/2020,London,NewAdmissions,108
22/10/2020,South East,NewAdmissions,77
22/10/2020,Midlands,NewAdmissions,230
22/10/2020,South West,NewAdmissions,36
22/10/2020,North West,NewAdmissions,243
23/10/2020,North West,NewAdmissions,275
23/10/2020,Midlands,NewAdmissions,181
23/10/2020,South West,NewAdmissions,36
23/10/2020,South East,NewAdmissions,70
23/10/2020,London,NewAdmissions,125
23/10/2020,East of England,NewAdmissions,56
23/10/2020,North East and Yorkshire,NewAdmissions,254
24/10/2020,London,NewAdmissions,108
24/10/2020,North East and Yorkshire,NewAdmissions,277
24/10/2020,East of England,NewAdmissions,42
24/10/2020,South East,NewAdmissions,65
24/10/2020,North West,NewAdmissions,278
24/10/2020,Midlands,NewAdmissions,174
24/10/2020,South West,NewAdmissions,46
25/10/2020,Midlands,NewAdmissions,220
25/10/2020,North West,NewAdmissions,335
25/10/2020,South West,NewAdmissions,64
25/10/2020,South East,NewAdmissions,67
25/10/2020,North East and Yorkshire,NewAdmissions,320
25/10/2020,London,NewAdmissions,118
25/10/2020,East of England,NewAdmissions,62
26/10/2020,North East and Yorkshire,NewAdmissions,323
26/10/2020,East of England,NewAdmissions,55
26/10/2020,South East,NewAdmissions,86
26/10/2020,London,NewAdmissions,155
26/10/2020,South West,NewAdmissions,88
26/10/2020,North West,NewAdmissions,294
26/10/2020,Midlands,NewAdmissions,278
27/10/2020,South West,NewAdmissions,63
27/10/2020,Midlands,NewAdmissions,268
27/10/2020,North West,NewAdmissions,314
27/10/2020,East of England,NewAdmissions,51
27/10/2020,South East,NewAdmissions,84
27/10/2020,London,NewAdmissions,109
27/10/2020,North East and Yorkshire,NewAdmissions,301
28/10/2020,South East,NewAdmissions,81
28/10/2020,London,NewAdmissions,112
28/10/2020,North East and Yorkshire,NewAdmissions,357
28/10/2020,East of England,NewAdmissions,68
28/10/2020,Midlands,NewAdmissions,229
28/10/2020,South West,NewAdmissions,69
28/10/2020,North West,NewAdmissions,323
29/10/2020,North West,NewAdmissions,340
29/10/2020,South West,NewAdmissions,69
29/10/2020,East of England,NewAdmissions,68
29/10/2020,Midlands,NewAdmissions,288
29/10/2020,South East,NewAdmissions,103
29/10/2020,London,NewAdmissions,140
29/10/2020,North East and Yorkshire,NewAdmissions,337
30/10/2020,North East and Yorkshire,NewAdmissions,262
30/10/2020,South East,NewAdmissions,84
30/10/2020,London,NewAdmissions,126
30/10/2020,South West,NewAdmissions,80
30/10/2020,North West,NewAdmissions,256
30/10/2020,East of England,NewAdmissions,67
30/10/2020,Midlands,NewAdmissions,234
31/10/2020,East of England,NewAdmissions,56
31/10/2020,North West,NewAdmissions,280
31/10/2020,Midlands,NewAdmissions,250
31/10/2020,South West,NewAdmissions,99
31/10/2020,London,NewAdmissions,132
31/10/2020,South East,NewAdmissions,98
31/10/2020,North East and Yorkshire,NewAdmissions,325
01/11/2020,South East,NewAdmissions,88
01/11/2020,North East and Yorkshire,NewAdmissions,348
01/11/2020,London,NewAdmissions,134
01/11/2020,South West,NewAdmissions,76
01/11/2020,North West,NewAdmissions,293
01/11/2020,Midlands,NewAdmissions,274
01/11/2020,East of England,NewAdmissions,67
02/11/2020,South West,NewAdmissions,91
02/11/2020,East of England,NewAdmissions,55
02/11/2020,Midlands,NewAdmissions,284
02/11/2020,North West,NewAdmissions,288
02/11/2020,South East,NewAdmissions,115
02/11/2020,North East and Yorkshire,NewAdmissions,362
02/11/2020,London,NewAdmissions,136
03/11/2020,London,NewAdmissions,103
03/11/2020,South East,NewAdmissions,81
03/11/2020,North East and Yorkshire,NewAdmissions,362
03/11/2020,South West,NewAdmissions,86
03/11/2020,North West,NewAdmissions,277
03/11/2020,East of England,NewAdmissions,76
03/11/2020,Midlands,NewAdmissions,261
04/11/2020,North West,NewAdmissions,312
04/11/2020,South West,NewAdmissions,102
04/11/2020,Midlands,NewAdmissions,298
04/11/2020,East of England,NewAdmissions,87
04/11/2020,North East and Yorkshire,NewAdmissions,351
04/11/2020,London,NewAdmissions,123
04/11/2020,South East,NewAdmissions,109
05/11/2020,London,NewAdmissions,118
05/11/2020,South East,NewAdmissions,140
05/11/2020,North East and Yorkshire,NewAdmissions,345
05/11/2020,Midlands,NewAdmissions,324
05/11/2020,South West,NewAdmissions,105
05/11/2020,North West,NewAdmissions,247
05/11/2020,East of England,NewAdmissions,67
06/11/2020,Midlands,NewAdmissions,279
06/11/2020,East of England,NewAdmissions,61
06/11/2020,South West,NewAdmissions,103
06/11/2020,North West,NewAdmissions,207
06/11/2020,North East and Yorkshire,NewAdmissions,324
06/11/2020,South East,NewAdmissions,107
06/11/2020,London,NewAdmissions,101
07/11/2020,North East and Yorkshire,NewAdmissions,337
07/11/2020,London,NewAdmissions,109
07/11/2020,South East,NewAdmissions,150
07/11/2020,Midlands,NewAdmissions,300
07/11/2020,East of England,NewAdmissions,58
07/11/2020,North West,NewAdmissions,255
07/11/2020,South West,NewAdmissions,110
08/11/2020,South West,NewAdmissions,111
08/11/2020,East of England,NewAdmissions,70
08/11/2020,Midlands,NewAdmissions,362
08/11/2020,North West,NewAdmissions,298
08/11/2020,London,NewAdmissions,150
08/11/2020,North East and Yorkshire,NewAdmissions,360
08/11/2020,South East,NewAdmissions,137
09/11/2020,London,NewAdmissions,136
09/11/2020,South East,NewAdmissions,137
09/11/2020,North East and Yorkshire,NewAdmissions,407
09/11/2020,South West,NewAdmissions,109
09/11/2020,Midlands,NewAdmissions,397
09/11/2020,East of England,NewAdmissions,103
09/11/2020,North West,NewAdmissions,262
10/11/2020,North West,NewAdmissions,297
10/11/2020,South West,NewAdmissions,79
10/11/2020,Midlands,NewAdmissions,392
10/11/2020,East of England,NewAdmissions,103
10/11/2020,London,NewAdmissions,147
10/11/2020,South East,NewAdmissions,110
10/11/2020,North East and Yorkshire,NewAdmissions,464
11/11/2020,South East,NewAdmissions,149
11/11/2020,North East and Yorkshire,NewAdmissions,440
11/11/2020,London,NewAdmissions,134
11/11/2020,Midlands,NewAdmissions,437
11/11/2020,South West,NewAdmissions,135
11/11/2020,North West,NewAdmissions,314
11/11/2020,East of England,NewAdmissions,102
12/11/2020,East of England,NewAdmissions,127
12/11/2020,Midlands,NewAdmissions,368
12/11/2020,South West,NewAdmissions,170
12/11/2020,North West,NewAdmissions,306
12/11/2020,South East,NewAdmissions,181
12/11/2020,London,NewAdmissions,152
12/11/2020,North East and Yorkshire,NewAdmissions,362
13/11/2020,South East,NewAdmissions,97
13/11/2020,North East and Yorkshire,NewAdmissions,381
13/11/2020,London,NewAdmissions,136
13/11/2020,South West,NewAdmissions,129
13/11/2020,Midlands,NewAdmissions,372
13/11/2020,East of England,NewAdmissions,83
13/11/2020,North West,NewAdmissions,235
14/11/2020,North West,NewAdmissions,224
14/11/2020,East of England,NewAdmissions,87
14/11/2020,Midlands,NewAdmissions,346
14/11/2020,South West,NewAdmissions,105
14/11/2020,North East and Yorkshire,NewAdmissions,355
14/11/2020,South East,NewAdmissions,132
14/11/2020,London,NewAdmissions,139
15/11/2020,London,NewAdmissions,170
15/11/2020,South East,NewAdmissions,130
15/11/2020,North East and Yorkshire,NewAdmissions,376
15/11/2020,South West,NewAdmissions,120
15/11/2020,Midlands,NewAdmissions,330
15/11/2020,East of England,NewAdmissions,109
15/11/2020,North West,NewAdmissions,232
16/11/2020,South West,NewAdmissions,105
16/11/2020,East of England,NewAdmissions,82
16/11/2020,Midlands,NewAdmissions,391
16/11/2020,North West,NewAdmissions,287
16/11/2020,South East,NewAdmissions,139
16/11/2020,London,NewAdmissions,154
16/11/2020,North East and Yorkshire,NewAdmissions,402
17/11/2020,London,NewAdmissions,152
17/11/2020,North East and Yorkshire,NewAdmissions,335
17/11/2020,South East,NewAdmissions,141
17/11/2020,North West,NewAdmissions,278
17/11/2020,South West,NewAdmissions,127
17/11/2020,East of England,NewAdmissions,100
17/11/2020,Midlands,NewAdmissions,358
18/11/2020,North West,NewAdmissions,249
18/11/2020,East of England,NewAdmissions,109
18/11/2020,South West,NewAdmissions,127
18/11/2020,Midlands,NewAdmissions,381
18/11/2020,North East and Yorkshire,NewAdmissions,362
18/11/2020,South East,NewAdmissions,164
18/11/2020,London,NewAdmissions,179
19/11/2020,London,NewAdmissions,173
19/11/2020,North East and Yorkshire,NewAdmissions,345
19/11/2020,South East,NewAdmissions,201
19/11/2020,North West,NewAdmissions,226
19/11/2020,South West,NewAdmissions,94
19/11/2020,Midlands,NewAdmissions,352
19/11/2020,East of England,NewAdmissions,93
20/11/2020,North West,NewAdmissions,180
20/11/2020,Midlands,NewAdmissions,325
20/11/2020,East of England,NewAdmissions,105
20/11/2020,South West,NewAdmissions,95
20/11/2020,South East,NewAdmissions,145
20/11/2020,North East and Yorkshire,NewAdmissions,350
20/11/2020,London,NewAdmissions,116
21/11/2020,South East,NewAdmissions,174
21/11/2020,North East and Yorkshire,NewAdmissions,280
21/11/2020,London,NewAdmissions,165
21/11/2020,North West,NewAdmissions,185
21/11/2020,South West,NewAdmissions,103
21/11/2020,East of England,NewAdmissions,73
21/11/2020,Midlands,NewAdmissions,275
22/11/2020,Midlands,NewAdmissions,305
22/11/2020,South West,NewAdmissions,117
22/11/2020,East of England,NewAdmissions,131
22/11/2020,North West,NewAdmissions,216
22/11/2020,South East,NewAdmissions,144
22/11/2020,North East and Yorkshire,NewAdmissions,275
22/11/2020,London,NewAdmissions,145
23/11/2020,London,NewAdmissions,147
23/11/2020,South East,NewAdmissions,158
23/11/2020,North East and Yorkshire,NewAdmissions,309
23/11/2020,North West,NewAdmissions,181
23/11/2020,East of England,NewAdmissions,96
23/11/2020,South West,NewAdmissions,122
23/11/2020,Midlands,NewAdmissions,372
24/11/2020,East of England,NewAdmissions,103
24/11/2020,Midlands,NewAdmissions,333
24/11/2020,North West,NewAdmissions,184
24/11/2020,South West,NewAdmissions,103
24/11/2020,London,NewAdmissions,131
24/11/2020,North East and Yorkshire,NewAdmissions,275
24/11/2020,South East,NewAdmissions,148
25/11/2020,North East and Yorkshire,NewAdmissions,264
25/11/2020,South East,NewAdmissions,166
25/11/2020,London,NewAdmissions,200
25/11/2020,South West,NewAdmissions,121
25/11/2020,North West,NewAdmissions,216
25/11/2020,Midlands,NewAdmissions,349
25/11/2020,East of England,NewAdmissions,99
26/11/2020,East of England,NewAdmissions,85
26/11/2020,Midlands,NewAdmissions,270
26/11/2020,North West,NewAdmissions,188
26/11/2020,South West,NewAdmissions,101
26/11/2020,South East,NewAdmissions,136
26/11/2020,North East and Yorkshire,NewAdmissions,263
26/11/2020,London,NewAdmissions,155
27/11/2020,South East,NewAdmissions,124
27/11/2020,London,NewAdmissions,124
27/11/2020,North East and Yorkshire,NewAdmissions,236
27/11/2020,South West,NewAdmissions,87
27/11/2020,Midlands,NewAdmissions,232
27/11/2020,North West,NewAdmissions,188
27/11/2020,East of England,NewAdmissions,64
28/11/2020,East of England,NewAdmissions,87
28/11/2020,Midlands,NewAdmissions,253
28/11/2020,South West,NewAdmissions,100
28/11/2020,North West,NewAdmissions,151
28/11/2020,London,NewAdmissions,107
28/11/2020,North East and Yorkshire,NewAdmissions,220
28/11/2020,South East,NewAdmissions,147
29/11/2020,London,NewAdmissions,154
29/11/2020,North East and Yorkshire,NewAdmissions,246
29/11/2020,South East,NewAdmissions,164
29/11/2020,Midlands,NewAdmissions,277
29/11/2020,North West,NewAdmissions,193
29/11/2020,South West,NewAdmissions,94
29/11/2020,East of England,NewAdmissions,87
30/11/2020,Midlands,NewAdmissions,284
30/11/2020,North West,NewAdmissions,178
30/11/2020,South West,NewAdmissions,84
30/11/2020,East of England,NewAdmissions,130
30/11/2020,North East and Yorkshire,NewAdmissions,242
30/11/2020,South East,NewAdmissions,152
30/11/2020,London,NewAdmissions,146
01/12/2020,North East and Yorkshire,NewAdmissions,241
01/12/2020,London,NewAdmissions,160
01/12/2020,South East,NewAdmissions,134
01/12/2020,South West,NewAdmissions,78
01/12/2020,North West,NewAdmissions,213
01/12/2020,East of England,NewAdmissions,122
01/12/2020,Midlands,NewAdmissions,323
02/12/2020,North West,NewAdmissions,156
02/12/2020,South West,NewAdmissions,97
02/12/2020,East of England,NewAdmissions,109
02/12/2020,Midlands,NewAdmissions,328
02/12/2020,North East and Yorkshire,NewAdmissions,231
02/12/2020,South East,NewAdmissions,179
02/12/2020,London,NewAdmissions,162
03/12/2020,North East and Yorkshire,NewAdmissions,246
03/12/2020,South East,NewAdmissions,208
03/12/2020,London,NewAdmissions,156
03/12/2020,East of England,NewAdmissions,124
03/12/2020,South West,NewAdmissions,87
03/12/2020,Midlands,NewAdmissions,344
03/12/2020,North West,NewAdmissions,172
04/12/2020,Midlands,NewAdmissions,356
04/12/2020,East of England,NewAdmissions,106
04/12/2020,North West,NewAdmissions,174
04/12/2020,South West,NewAdmissions,69
04/12/2020,London,NewAdmissions,170
04/12/2020,South East,NewAdmissions,175
04/12/2020,North East and Yorkshire,NewAdmissions,198
05/12/2020,London,NewAdmissions,141
05/12/2020,South East,NewAdmissions,187
05/12/2020,North East and Yorkshire,NewAdmissions,239
05/12/2020,Midlands,NewAdmissions,262
05/12/2020,South West,NewAdmissions,83
05/12/2020,East of England,NewAdmissions,115
05/12/2020,North West,NewAdmissions,159
06/12/2020,South West,NewAdmissions,92
06/12/2020,Midlands,NewAdmissions,323
06/12/2020,North West,NewAdmissions,182
06/12/2020,East of England,NewAdmissions,114
06/12/2020,London,NewAdmissions,179
06/12/2020,North East and Yorkshire,NewAdmissions,226
06/12/2020,South East,NewAdmissions,195
07/12/2020,South East,NewAdmissions,204
07/12/2020,London,NewAdmissions,210
07/12/2020,North East and Yorkshire,NewAdmissions,256
07/12/2020,South West,NewAdmissions,114
07/12/2020,East of England,NewAdmissions,167
07/12/2020,Midlands,NewAdmissions,303
07/12/2020,North West,NewAdmissions,212
08/12/2020,Midlands,NewAdmissions,360
08/12/2020,South West,NewAdmissions,85
08/12/2020,North West,NewAdmissions,218
08/12/2020,East of England,NewAdmissions,211
08/12/2020,South East,NewAdmissions,203
08/12/2020,London,NewAdmissions,203
08/12/2020,North East and Yorkshire,NewAdmissions,248
09/12/2020,South East,NewAdmissions,232
09/12/2020,North East and Yorkshire,NewAdmissions,248
09/12/2020,London,NewAdmissions,248
09/12/2020,North West,NewAdmissions,209
09/12/2020,Midlands,NewAdmissions,319
09/12/2020,South West,NewAdmissions,131
09/12/2020,East of England,NewAdmissions,163
10/12/2020,Midlands,NewAdmissions,376
10/12/2020,South West,NewAdmissions,104
10/12/2020,North West,NewAdmissions,200
10/12/2020,East of England,NewAdmissions,136
10/12/2020,South East,NewAdmissions,259
10/12/2020,North East and Yorkshire,NewAdmissions,214
10/12/2020,London,NewAdmissions,235
11/12/2020,South East,NewAdmissions,235
11/12/2020,London,NewAdmissions,277
11/12/2020,North East and Yorkshire,NewAdmissions,238
11/12/2020,Midlands,NewAdmissions,324
11/12/2020,South West,NewAdmissions,103
11/12/2020,North West,NewAdmissions,139
11/12/2020,East of England,NewAdmissions,134
12/12/2020,East of England,NewAdmissions,183
12/12/2020,South West,NewAdmissions,103
12/12/2020,Midlands,NewAdmissions,357
12/12/2020,North West,NewAdmissions,187
12/12/2020,South East,NewAdmissions,262
12/12/2020,North East and Yorkshire,NewAdmissions,249
12/12/2020,London,NewAdmissions,246
13/12/2020,North East and Yorkshire,NewAdmissions,256
13/12/2020,South East,NewAdmissions,258
13/12/2020,London,NewAdmissions,287
13/12/2020,East of England,NewAdmissions,159
13/12/2020,South West,NewAdmissions,118
13/12/2020,Midlands,NewAdmissions,304
13/12/2020,North West,NewAdmissions,199
14/12/2020,North West,NewAdmissions,176
14/12/2020,Midlands,NewAdmissions,329
14/12/2020,South West,NewAdmissions,125
14/12/2020,East of England,NewAdmissions,274
14/12/2020,North East and Yorkshire,NewAdmissions,301
14/12/2020,London,NewAdmissions,292
14/12/2020,South East,NewAdmissions,249
15/12/2020,London,NewAdmissions,332
15/12/2020,North East and Yorkshire,NewAdmissions,271
15/12/2020,South East,NewAdmissions,271
15/12/2020,South West,NewAdmissions,112
15/12/2020,North West,NewAdmissions,178
15/12/2020,Midlands,NewAdmissions,368
15/12/2020,East of England,NewAdmissions,198
16/12/2020,East of England,NewAdmissions,235
16/12/2020,Midlands,NewAdmissions,385
16/12/2020,South West,NewAdmissions,105
16/12/2020,North West,NewAdmissions,222
16/12/2020,London,NewAdmissions,252
16/12/2020,South East,NewAdmissions,337
16/12/2020,North East and Yorkshire,NewAdmissions,260
17/12/2020,London,NewAdmissions,366
17/12/2020,South East,NewAdmissions,309
17/12/2020,North East and Yorkshire,NewAdmissions,231
17/12/2020,South West,NewAdmissions,133
17/12/2020,East of England,NewAdmissions,245
17/12/2020,Midlands,NewAdmissions,369
17/12/2020,North West,NewAdmissions,220
18/12/2020,North West,NewAdmissions,216
18/12/2020,Midlands,NewAdmissions,287
18/12/2020,South West,NewAdmissions,90
18/12/2020,East of England,NewAdmissions,192
18/12/2020,South East,NewAdmissions,300
18/12/2020,North East and Yorkshire,NewAdmissions,230
18/12/2020,London,NewAdmissions,357
19/12/2020,South East,NewAdmissions,379
19/12/2020,North East and Yorkshire,NewAdmissions,248
19/12/2020,London,NewAdmissions,404
19/12/2020,Midlands,NewAdmissions,270
19/12/2020,North West,NewAdmissions,187
19/12/2020,East of England,NewAdmissions,233
19/12/2020,South West,NewAdmissions,91
20/12/2020,East of England,NewAdmissions,269
20/12/2020,South West,NewAdmissions,106
20/12/2020,Midlands,NewAdmissions,364
20/12/2020,North West,NewAdmissions,221
20/12/2020,North East and Yorkshire,NewAdmissions,256
20/12/2020,South East,NewAdmissions,347
20/12/2020,London,NewAdmissions,413
21/12/2020,North East and Yorkshire,NewAdmissions,272
21/12/2020,South East,NewAdmissions,354
21/12/2020,London,NewAdmissions,505
21/12/2020,South West,NewAdmissions,112
21/12/2020,East of England,NewAdmissions,259
21/12/2020,North West,NewAdmissions,215
21/12/2020,Midlands,NewAdmissions,398
22/12/2020,South West,NewAdmissions,130
22/12/2020,East of England,NewAdmissions,308
22/12/2020,Midlands,NewAdmissions,364
22/12/2020,North West,NewAdmissions,231
22/12/2020,London,NewAdmissions,508
22/12/2020,South East,NewAdmissions,368
22/12/2020,North East and Yorkshire,NewAdmissions,294
23/12/2020,South East,NewAdmissions,321
23/12/2020,North East and Yorkshire,NewAdmissions,250
23/12/2020,London,NewAdmissions,511
23/12/2020,North West,NewAdmissions,217
23/12/2020,East of England,NewAdmissions,264
23/12/2020,South West,NewAdmissions,103
23/12/2020,Midlands,NewAdmissions,314
24/12/2020,South West,NewAdmissions,91
24/12/2020,Midlands,NewAdmissions,294
24/12/2020,North West,NewAdmissions,156
24/12/2020,East of England,NewAdmissions,243
24/12/2020,London,NewAdmissions,492
24/12/2020,North East and Yorkshire,NewAdmissions,192
24/12/2020,South East,NewAdmissions,327
25/12/2020,South East,NewAdmissions,329
25/12/2020,North East and Yorkshire,NewAdmissions,234
25/12/2020,London,NewAdmissions,578
25/12/2020,East of England,NewAdmissions,242
25/12/2020,Midlands,NewAdmissions,281
25/12/2020,South West,NewAdmissions,101
25/12/2020,North West,NewAdmissions,187
26/12/2020,East of England,NewAdmissions,254
26/12/2020,North West,NewAdmissions,191
26/12/2020,South West,NewAdmissions,114
26/12/2020,Midlands,NewAdmissions,429
26/12/2020,South East,NewAdmissions,421
26/12/2020,North East and Yorkshire,NewAdmissions,282
26/12/2020,London,NewAdmissions,607
27/12/2020,London,NewAdmissions,629
27/12/2020,North East and Yorkshire,NewAdmissions,298
27/12/2020,South East,NewAdmissions,515
27/12/2020,East of England,NewAdmissions,382
27/12/2020,South West,NewAdmissions,113
27/12/2020,North West,NewAdmissions,234
27/12/2020,Midlands,NewAdmissions,401
28/12/2020,South West,NewAdmissions,163
28/12/2020,East of England,NewAdmissions,393
28/12/2020,North West,NewAdmissions,262
28/12/2020,Midlands,NewAdmissions,506
28/12/2020,London,NewAdmissions,739
28/12/2020,North East and Yorkshire,NewAdmissions,309
28/12/2020,South East,NewAdmissions,423
29/12/2020,North East and Yorkshire,NewAdmissions,363
29/12/2020,London,NewAdmissions,679
29/12/2020,South East,NewAdmissions,504
29/12/2020,East of England,NewAdmissions,373
29/12/2020,South West,NewAdmissions,148
29/12/2020,North West,NewAdmissions,257
29/12/2020,Midlands,NewAdmissions,562
30/12/2020,North West,NewAdmissions,278
30/12/2020,Midlands,NewAdmissions,487
30/12/2020,South West,NewAdmissions,220
30/12/2020,East of England,NewAdmissions,332
30/12/2020,South East,NewAdmissions,552
30/12/2020,London,NewAdmissions,681
30/12/2020,North East and Yorkshire,NewAdmissions,311
31/12/2020,London,NewAdmissions,708
31/12/2020,South East,NewAdmissions,404
31/12/2020,North East and Yorkshire,NewAdmissions,300
31/12/2020,North West,NewAdmissions,209
31/12/2020,East of England,NewAdmissions,340
31/12/2020,Midlands,NewAdmissions,435
31/12/2020,South West,NewAdmissions,140
01/01/2021,North West,NewAdmissions,210
01/01/2021,East of England,NewAdmissions,386
01/01/2021,South West,NewAdmissions,173
01/01/2021,Midlands,NewAdmissions,469
01/01/2021,North East and Yorkshire,NewAdmissions,338
01/01/2021,London,NewAdmissions,796
01/01/2021,South East,NewAdmissions,638
02/01/2021,South East,NewAdmissions,591
02/01/2021,North East and Yorkshire,NewAdmissions,312
02/01/2021,London,NewAdmissions,828
02/01/2021,East of England,NewAdmissions,453
02/01/2021,North West,NewAdmissions,247
02/01/2021,Midlands,NewAdmissions,546
02/01/2021,South West,NewAdmissions,168
03/01/2021,North West,NewAdmissions,315
03/01/2021,East of England,NewAdmissions,438
03/01/2021,South West,NewAdmissions,190
03/01/2021,Midlands,NewAdmissions,543
03/01/2021,London,NewAdmissions,865
03/01/2021,South East,NewAdmissions,665
03/01/2021,North East and Yorkshire,NewAdmissions,335
04/01/2021,South East,NewAdmissions,657
04/01/2021,London,NewAdmissions,830
04/01/2021,North East and Yorkshire,NewAdmissions,388
04/01/2021,North West,NewAdmissions,353
04/01/2021,East of England,NewAdmissions,479
04/01/2021,South West,NewAdmissions,272
04/01/2021,Midlands,NewAdmissions,608
05/01/2021,North West,NewAdmissions,414
05/01/2021,Midlands,NewAdmissions,655
05/01/2021,East of England,NewAdmissions,500
05/01/2021,South West,NewAdmissions,200
05/01/2021,North East and Yorkshire,NewAdmissions,378
05/01/2021,South East,NewAdmissions,637
05/01/2021,London,NewAdmissions,913
06/01/2021,London,NewAdmissions,977
06/01/2021,South East,NewAdmissions,716
06/01/2021,North East and Yorkshire,NewAdmissions,399
06/01/2021,Midlands,NewAdmissions,660
06/01/2021,East of England,NewAdmissions,523
06/01/2021,North West,NewAdmissions,441
06/01/2021,South West,NewAdmissions,251
07/01/2021,East of England,NewAdmissions,524
07/01/2021,Midlands,NewAdmissions,727
07/01/2021,North West,NewAdmissions,421
07/01/2021,South West,NewAdmissions,243
07/01/2021,North East and Yorkshire,NewAdmissions,453
07/01/2021,South East,NewAdmissions,661
07/01/2021,London,NewAdmissions,820
08/01/2021,North East and Yorkshire,NewAdmissions,370
08/01/2021,London,NewAdmissions,813
08/01/2021,South East,NewAdmissions,641
08/01/2021,South West,NewAdmissions,249
08/01/2021,Midlands,NewAdmissions,666
08/01/2021,East of England,NewAdmissions,425
08/01/2021,North West,NewAdmissions,385
09/01/2021,Midlands,NewAdmissions,638
09/01/2021,East of England,NewAdmissions,462
09/01/2021,North West,NewAdmissions,446
09/01/2021,South West,NewAdmissions,277
09/01/2021,London,NewAdmissions,832
09/01/2021,North East and Yorkshire,NewAdmissions,407
09/01/2021,South East,NewAdmissions,656
10/01/2021,London,NewAdmissions,734
10/01/2021,South East,NewAdmissions,583
10/01/2021,North East and Yorkshire,NewAdmissions,446
10/01/2021,Midlands,NewAdmissions,660
10/01/2021,North West,NewAdmissions,396
10/01/2021,South West,NewAdmissions,279
10/01/2021,East of England,NewAdmissions,473
11/01/2021,North West,NewAdmissions,452
11/01/2021,East of England,NewAdmissions,462
11/01/2021,South West,NewAdmissions,288
11/01/2021,Midlands,NewAdmissions,824
11/01/2021,South East,NewAdmissions,607
11/01/2021,London,NewAdmissions,795
11/01/2021,North East and Yorkshire,NewAdmissions,466
12/01/2021,London,NewAdmissions,875
12/01/2021,South East,NewAdmissions,630
12/01/2021,North East and Yorkshire,NewAdmissions,463
12/01/2021,Midlands,NewAdmissions,862
12/01/2021,South West,NewAdmissions,319
12/01/2021,East of England,NewAdmissions,518
12/01/2021,North West,NewAdmissions,467
13/01/2021,Midlands,NewAdmissions,738
13/01/2021,East of England,NewAdmissions,456
13/01/2021,North West,NewAdmissions,480
13/01/2021,South West,NewAdmissions,347
13/01/2021,London,NewAdmissions,804
13/01/2021,North East and Yorkshire,NewAdmissions,393
13/01/2021,South East,NewAdmissions,622
14/01/2021,South East,NewAdmissions,582
14/01/2021,London,NewAdmissions,763
14/01/2021,North East and Yorkshire,NewAdmissions,416
14/01/2021,South West,NewAdmissions,326
14/01/2021,North West,NewAdmissions,420
14/01/2021,East of England,NewAdmissions,442
14/01/2021,Midlands,NewAdmissions,729
15/01/2021,South West,NewAdmissions,272
15/01/2021,East of England,NewAdmissions,360
15/01/2021,North West,NewAdmissions,434
15/01/2021,Midlands,NewAdmissions,671
15/01/2021,North East and Yorkshire,NewAdmissions,416
15/01/2021,London,NewAdmissions,670
15/01/2021,South East,NewAdmissions,472
16/01/2021,South East,NewAdmissions,490
16/01/2021,London,NewAdmissions,758
16/01/2021,North East and Yorkshire,NewAdmissions,464
16/01/2021,East of England,NewAdmissions,418
16/01/2021,Midlands,NewAdmissions,753
16/01/2021,North West,NewAdmissions,439
16/01/2021,South West,NewAdmissions,247
17/01/2021,North West,NewAdmissions,386
17/01/2021,Midlands,NewAdmissions,738
17/01/2021,South West,NewAdmissions,281
17/01/2021,East of England,NewAdmissions,402
17/01/2021,North East and Yorkshire,NewAdmissions,445
17/01/2021,London,NewAdmissions,652
17/01/2021,South East,NewAdmissions,520
18/01/2021,South East,NewAdmissions,526
18/01/2021,London,NewAdmissions,704
18/01/2021,North East and Yorkshire,NewAdmissions,462
18/01/2021,Midlands,NewAdmissions,824
18/01/2021,North West,NewAdmissions,438
18/01/2021,East of England,NewAdmissions,461
18/01/2021,South West,NewAdmissions,296
19/01/2021,North West,NewAdmissions,472
19/01/2021,East of England,NewAdmissions,404
19/01/2021,Midlands,NewAdmissions,835
19/01/2021,South West,NewAdmissions,285
19/01/2021,London,NewAdmissions,742
19/01/2021,South East,NewAdmissions,538
19/01/2021,North East and Yorkshire,NewAdmissions,492
20/01/2021,London,NewAdmissions,660
20/01/2021,North East and Yorkshire,NewAdmissions,472
20/01/2021,South East,NewAdmissions,558
20/01/2021,Midlands,NewAdmissions,777
20/01/2021,South West,NewAdmissions,281
20/01/2021,East of England,NewAdmissions,446
20/01/2021,North West,NewAdmissions,485
21/01/2021,East of England,NewAdmissions,392
21/01/2021,South West,NewAdmissions,239
21/01/2021,North West,NewAdmissions,417
21/01/2021,Midlands,NewAdmissions,659
21/01/2021,South East,NewAdmissions,501
21/01/2021,North East and Yorkshire,NewAdmissions,431
21/01/2021,London,NewAdmissions,598
22/01/2021,London,NewAdmissions,580
22/01/2021,South East,NewAdmissions,397
22/01/2021,North East and Yorkshire,NewAdmissions,364
22/01/2021,East of England,NewAdmissions,407
22/01/2021,Midlands,NewAdmissions,592
22/01/2021,North West,NewAdmissions,405
22/01/2021,South West,NewAdmissions,271
23/01/2021,East of England,NewAdmissions,359
23/01/2021,South West,NewAdmissions,193
23/01/2021,Midlands,NewAdmissions,540
23/01/2021,North West,NewAdmissions,355
23/01/2021,South East,NewAdmissions,453
23/01/2021,London,NewAdmissions,520
23/01/2021,North East and Yorkshire,NewAdmissions,360
24/01/2021,North East and Yorkshire,NewAdmissions,416
24/01/2021,London,NewAdmissions,544
24/01/2021,South East,NewAdmissions,385
24/01/2021,South West,NewAdmissions,212
24/01/2021,East of England,NewAdmissions,328
24/01/2021,Midlands,NewAdmissions,549
24/01/2021,North West,NewAdmissions,390
25/01/2021,Midlands,NewAdmissions,537
25/01/2021,East of England,NewAdmissions,346
25/01/2021,North West,NewAdmissions,362
25/01/2021,South West,NewAdmissions,208
25/01/2021,North East and Yorkshire,NewAdmissions,345
25/01/2021,London,NewAdmissions,478
25/01/2021,South East,NewAdmissions,372
26/01/2021,South East,NewAdmissions,394
26/01/2021,London,NewAdmissions,472
26/01/2021,North East and Yorkshire,NewAdmissions,380
26/01/2021,Midlands,NewAdmissions,595
26/01/2021,North West,NewAdmissions,413
26/01/2021,East of England,NewAdmissions,338
26/01/2021,South West,NewAdmissions,207
27/01/2021,South West,NewAdmissions,211
27/01/2021,East of England,NewAdmissions,335
27/01/2021,Midlands,NewAdmissions,574
27/01/2021,North West,NewAdmissions,377
27/01/2021,North East and Yorkshire,NewAdmissions,360
27/01/2021,South East,NewAdmissions,400
27/01/2021,London,NewAdmissions,485
28/01/2021,South East,NewAdmissions,390
28/01/2021,London,NewAdmissions,473
28/01/2021,North East and Yorkshire,NewAdmissions,355
28/01/2021,East of England,NewAdmissions,344
28/01/2021,North West,NewAdmissions,342
28/01/2021,Midlands,NewAdmissions,592
28/01/2021,South West,NewAdmissions,223
29/01/2021,North West,NewAdmissions,331
29/01/2021,East of England,NewAdmissions,290
29/01/2021,South West,NewAdmissions,206
29/01/2021,Midlands,NewAdmissions,468
29/01/2021,London,NewAdmissions,423
29/01/2021,South East,NewAdmissions,307
29/01/2021,North East and Yorkshire,NewAdmissions,354
30/01/2021,London,NewAdmissions,370
30/01/2021,South East,NewAdmissions,349
30/01/2021,North East and Yorkshire,NewAdmissions,312
30/01/2021,East of England,NewAdmissions,270
30/01/2021,South West,NewAdmissions,150
30/01/2021,North West,NewAdmissions,256
30/01/2021,Midlands,NewAdmissions,486
31/01/2021,East of England,NewAdmissions,268
31/01/2021,North West,NewAdmissions,308
31/01/2021,South West,NewAdmissions,148
31/01/2021,Midlands,NewAdmissions,484
31/01/2021,North East and Yorkshire,NewAdmissions,266
31/01/2021,London,NewAdmissions,394
31/01/2021,South East,NewAdmissions,315
01/02/2021,North East and Yorkshire,NewAdmissions,334
01/02/2021,South East,NewAdmissions,335
01/02/2021,London,NewAdmissions,421
01/02/2021,South West,NewAdmissions,173
01/02/2021,East of England,NewAdmissions,247
01/02/2021,Midlands,NewAdmissions,485
01/02/2021,North West,NewAdmissions,352
02/02/2021,North West,NewAdmissions,309
02/02/2021,Midlands,NewAdmissions,509
02/02/2021,South West,NewAdmissions,184
02/02/2021,East of England,NewAdmissions,258
02/02/2021,South East,NewAdmissions,297
02/02/2021,North East and Yorkshire,NewAdmissions,308
02/02/2021,London,NewAdmissions,357
03/02/2021,London,NewAdmissions,349
03/02/2021,South East,NewAdmissions,298
03/02/2021,North East and Yorkshire,NewAdmissions,333
03/02/2021,East of England,NewAdmissions,242
03/02/2021,South West,NewAdmissions,157
03/02/2021,North West,NewAdmissions,303
03/02/2021,Midlands,NewAdmissions,414
04/02/2021,Midlands,NewAdmissions,412
04/02/2021,East of England,NewAdmissions,229
04/02/2021,South West,NewAdmissions,110
04/02/2021,North West,NewAdmissions,277
04/02/2021,South East,NewAdmissions,249
04/02/2021,London,NewAdmissions,329
04/02/2021,North East and Yorkshire,NewAdmissions,301
05/02/2021,South East,NewAdmissions,235
05/02/2021,North East and Yorkshire,NewAdmissions,254
05/02/2021,London,NewAdmissions,292
05/02/2021,East of England,NewAdmissions,212
05/02/2021,North West,NewAdmissions,241
05/02/2021,South West,NewAdmissions,149
05/02/2021,Midlands,NewAdmissions,374
06/02/2021,East of England,NewAdmissions,213
06/02/2021,Midlands,NewAdmissions,382
06/02/2021,North West,NewAdmissions,224
06/02/2021,South West,NewAdmissions,124
06/02/2021,London,NewAdmissions,236
06/02/2021,North East and Yorkshire,NewAdmissions,274
06/02/2021,South East,NewAdmissions,226
07/02/2021,North East and Yorkshire,NewAdmissions,250
07/02/2021,South East,NewAdmissions,206
07/02/2021,London,NewAdmissions,302
07/02/2021,North West,NewAdmissions,234
07/02/2021,Midlands,NewAdmissions,346
07/02/2021,South West,NewAdmissions,120
07/02/2021,East of England,NewAdmissions,217
08/02/2021,South West,NewAdmissions,128
08/02/2021,North West,NewAdmissions,242
08/02/2021,Midlands,NewAdmissions,398
08/02/2021,East of England,NewAdmissions,186
08/02/2021,South East,NewAdmissions,234
08/02/2021,London,NewAdmissions,287
08/02/2021,North East and Yorkshire,NewAdmissions,264
09/02/2021,North East and Yorkshire,NewAdmissions,272
09/02/2021,South East,NewAdmissions,200
09/02/2021,London,NewAdmissions,232
09/02/2021,North West,NewAdmissions,233
09/02/2021,South West,NewAdmissions,97
09/02/2021,Midlands,NewAdmissions,329
09/02/2021,East of England,NewAdmissions,168
10/02/2021,East of England,NewAdmissions,179
10/02/2021,Midlands,NewAdmissions,319
10/02/2021,South West,NewAdmissions,110
10/02/2021,North West,NewAdmissions,234
10/02/2021,London,NewAdmissions,243
10/02/2021,North East and Yorkshire,NewAdmissions,242
10/02/2021,South East,NewAdmissions,208
11/02/2021,South East,NewAdmissions,171
11/02/2021,London,NewAdmissions,217
11/02/2021,North East and Yorkshire,NewAdmissions,217
11/02/2021,South West,NewAdmissions,110
11/02/2021,Midlands,NewAdmissions,329
11/02/2021,East of England,NewAdmissions,173
11/02/2021,North West,NewAdmissions,223
12/02/2021,North West,NewAdmissions,189
12/02/2021,East of England,NewAdmissions,142
12/02/2021,South West,NewAdmissions,96
12/02/2021,Midlands,NewAdmissions,278
12/02/2021,South East,NewAdmissions,183
12/02/2021,London,NewAdmissions,190
12/02/2021,North East and Yorkshire,NewAdmissions,240
13/02/2021,London,NewAdmissions,175
13/02/2021,South East,NewAdmissions,167
13/02/2021,North East and Yorkshire,NewAdmissions,199
13/02/2021,Midlands,NewAdmissions,274
13/02/2021,East of England,NewAdmissions,142
13/02/2021,South West,NewAdmissions,71
13/02/2021,North West,NewAdmissions,212
14/02/2021,Midlands,NewAdmissions,322
14/02/2021,East of England,NewAdmissions,148
14/02/2021,North West,NewAdmissions,177
14/02/2021,South West,NewAdmissions,89
14/02/2021,South East,NewAdmissions,218
14/02/2021,North East and Yorkshire,NewAdmissions,214
14/02/2021,London,NewAdmissions,196
15/02/2021,London,NewAdmissions,179
15/02/2021,Midlands,NewAdmissions,325
15/02/2021,South East,NewAdmissions,144
15/02/2021,North East and Yorkshire,NewAdmissions,225
15/02/2021,South West,NewAdmissions,79
15/02/2021,North West,NewAdmissions,227
15/02/2021,East of England,NewAdmissions,143
16/02/2021,North West,NewAdmissions,174
16/02/2021,East of England,NewAdmissions,129
16/02/2021,South West,NewAdmissions,88
16/02/2021,South East,NewAdmissions,215
16/02/2021,North East and Yorkshire,NewAdmissions,222
16/02/2021,London,NewAdmissions,166
16/02/2021,Midlands,NewAdmissions,317
17/02/2021,North East and Yorkshire,NewAdmissions,197
17/02/2021,London,NewAdmissions,150
17/02/2021,South East,NewAdmissions,183
17/02/2021,Midlands,NewAdmissions,298
17/02/2021,South West,NewAdmissions,96
17/02/2021,East of England,NewAdmissions,131
17/02/2021,North West,NewAdmissions,178
18/02/2021,South West,NewAdmissions,78
18/02/2021,North West,NewAdmissions,148
18/02/2021,East of England,NewAdmissions,145
18/02/2021,North East and Yorkshire,NewAdmissions,214
18/02/2021,South East,NewAdmissions,155
18/02/2021,Midlands,NewAdmissions,267
18/02/2021,London,NewAdmissions,142
19/02/2021,London,NewAdmissions,150
19/02/2021,North East and Yorkshire,NewAdmissions,167
19/02/2021,South East,NewAdmissions,155
19/02/2021,Midlands,NewAdmissions,270
19/02/2021,South West,NewAdmissions,66
19/02/2021,East of England,NewAdmissions,97
19/02/2021,North West,NewAdmissions,163
20/02/2021,South West,NewAdmissions,38
20/02/2021,East of England,NewAdmissions,98
20/02/2021,North West,NewAdmissions,148
20/02/2021,Midlands,NewAdmissions,229
20/02/2021,London,NewAdmissions,110
20/02/2021,North East and Yorkshire,NewAdmissions,168
20/02/2021,South East,NewAdmissions,113
21/02/2021,North East and Yorkshire,NewAdmissions,163
21/02/2021,South East,NewAdmissions,158
21/02/2021,London,NewAdmissions,127
21/02/2021,Midlands,NewAdmissions,228
21/02/2021,East of England,NewAdmissions,132
21/02/2021,South West,NewAdmissions,67
21/02/2021,North West,NewAdmissions,133
22/02/2021,South West,NewAdmissions,52
22/02/2021,North West,NewAdmissions,144
22/02/2021,East of England,NewAdmissions,102
22/02/2021,Midlands,NewAdmissions,246
22/02/2021,London,NewAdmissions,129
22/02/2021,South East,NewAdmissions,113
22/02/2021,North East and Yorkshire,NewAdmissions,194
23/02/2021,London,NewAdmissions,103
23/02/2021,Midlands,NewAdmissions,248
23/02/2021,South East,NewAdmissions,130
23/02/2021,North East and Yorkshire,NewAdmissions,172
23/02/2021,North West,NewAdmissions,165
23/02/2021,South West,NewAdmissions,61
23/02/2021,East of England,NewAdmissions,97
24/02/2021,North West,NewAdmissions,108
24/02/2021,South West,NewAdmissions,56
24/02/2021,East of England,NewAdmissions,104
24/02/2021,London,NewAdmissions,105
24/02/2021,South East,NewAdmissions,137
24/02/2021,North East and Yorkshire,NewAdmissions,145
24/02/2021,Midlands,NewAdmissions,219
25/02/2021,London,NewAdmissions,110
25/02/2021,North East and Yorkshire,NewAdmissions,172
25/02/2021,South East,NewAdmissions,110
25/02/2021,Midlands,NewAdmissions,210
25/02/2021,East of England,NewAdmissions,68
25/02/2021,South West,NewAdmissions,42
25/02/2021,North West,NewAdmissions,120
26/02/2021,South West,NewAdmissions,37
26/02/2021,East of England,NewAdmissions,81
26/02/2021,North West,NewAdmissions,103
26/02/2021,London,NewAdmissions,72
26/02/2021,North East and Yorkshire,NewAdmissions,159
26/02/2021,Midlands,NewAdmissions,172
26/02/2021,South East,NewAdmissions,94
27/02/2021,South East,NewAdmissions,75
27/02/2021,London,NewAdmissions,64
27/02/2021,Midlands,NewAdmissions,147
27/02/2021,North East and Yorkshire,NewAdmissions,152
27/02/2021,East of England,NewAdmissions,58
27/02/2021,South West,NewAdmissions,32
27/02/2021,North West,NewAdmissions,96
28/02/2021,North West,NewAdmissions,121
28/02/2021,North East and Yorkshire,NewAdmissions,132
28/02/2021,London,NewAdmissions,97
28/02/2021,Midlands,NewAdmissions,126
28/02/2021,South East,NewAdmissions,82
28/02/2021,East of England,NewAdmissions,68
28/02/2021,South West,NewAdmissions,36
01/03/2021,South West,NewAdmissions,36
01/03/2021,East of England,NewAdmissions,77
01/03/2021,North West,NewAdmissions,110
01/03/2021,South East,NewAdmissions,99
01/03/2021,Midlands,NewAdmissions,163
01/03/2021,London,NewAdmissions,89
01/03/2021,North East and Yorkshire,NewAdmissions,130
02/03/2021,North East and Yorkshire,NewAdmissions,121
02/03/2021,London,NewAdmissions,95
02/03/2021,South East,NewAdmissions,89
02/03/2021,Midlands,NewAdmissions,150
02/03/2021,South West,NewAdmissions,31
02/03/2021,East of England,NewAdmissions,100
02/03/2021,North West,NewAdmissions,97
03/03/2021,North West,NewAdmissions,79
03/03/2021,North East and Yorkshire,NewAdmissions,140
03/03/2021,South East,NewAdmissions,76
03/03/2021,London,NewAdmissions,67
03/03/2021,Midlands,NewAdmissions,168
03/03/2021,East of England,NewAdmissions,47
03/03/2021,South West,NewAdmissions,30
04/03/2021,East of England,NewAdmissions,57
04/03/2021,South West,NewAdmissions,44
04/03/2021,North West,NewAdmissions,80
04/03/2021,South East,NewAdmissions,77
04/03/2021,North East and Yorkshire,NewAdmissions,121
04/03/2021,London,NewAdmissions,88
04/03/2021,Midlands,NewAdmissions,129
05/03/2021,London,NewAdmissions,62
05/03/2021,South East,NewAdmissions,69
05/03/2021,North East and Yorkshire,NewAdmissions,96
05/03/2021,Midlands,NewAdmissions,104
05/03/2021,East of England,NewAdmissions,44
05/03/2021,South West,NewAdmissions,33
05/03/2021,North West,NewAdmissions,79
06/03/2021,North West,NewAdmissions,92
06/03/2021,London,NewAdmissions,49
06/03/2021,North East and Yorkshire,NewAdmissions,108
06/03/2021,South East,NewAdmissions,71
06/03/2021,Midlands,NewAdmissions,107
06/03/2021,East of England,NewAdmissions,67
06/03/2021,South West,NewAdmissions,34
07/03/2021,East of England,NewAdmissions,44
07/03/2021,South West,NewAdmissions,31
07/03/2021,North West,NewAdmissions,74
07/03/2021,London,NewAdmissions,58
07/03/2021,South East,NewAdmissions,65
07/03/2021,North East and Yorkshire,NewAdmissions,93
07/03/2021,Midlands,NewAdmissions,96
08/03/2021,North East and Yorkshire,NewAdmissions,101
08/03/2021,South East,NewAdmissions,58
08/03/2021,Midlands,NewAdmissions,112
08/03/2021,London,NewAdmissions,56
08/03/2021,East of England,NewAdmissions,52
08/03/2021,South West,NewAdmissions,27
08/03/2021,North West,NewAdmissions,95
09/03/2021,North West,NewAdmissions,75
09/03/2021,Midlands,NewAdmissions,101
09/03/2021,South East,NewAdmissions,59
09/03/2021,North East and Yorkshire,NewAdmissions,103
09/03/2021,London,NewAdmissions,67
09/03/2021,East of England,NewAdmissions,46
09/03/2021,South West,NewAdmissions,32
10/03/2021,South West,NewAdmissions,37
10/03/2021,East of England,NewAdmissions,38
10/03/2021,North West,NewAdmissions,85
10/03/2021,Midlands,NewAdmissions,113
10/03/2021,North East and Yorkshire,NewAdmissions,102
10/03/2021,London,NewAdmissions,52
10/03/2021,South East,NewAdmissions,67
11/03/2021,London,NewAdmissions,47
11/03/2021,North East and Yorkshire,NewAdmissions,91
11/03/2021,South East,NewAdmissions,55
11/03/2021,Midlands,NewAdmissions,105
11/03/2021,South West,NewAdmissions,39
11/03/2021,East of England,NewAdmissions,57
11/03/2021,North West,NewAdmissions,55
12/03/2021,North West,NewAdmissions,54
12/03/2021,London,NewAdmissions,39
12/03/2021,Midlands,NewAdmissions,93
12/03/2021,North East and Yorkshire,NewAdmissions,84
12/03/2021,South East,NewAdmissions,46
12/03/2021,East of England,NewAdmissions,47
12/03/2021,South West,NewAdmissions,23
13/03/2021,South West,NewAdmissions,23
13/03/2021,East of England,NewAdmissions,28
13/03/2021,North West,NewAdmissions,79
13/03/2021,South East,NewAdmissions,38
13/03/2021,Midlands,NewAdmissions,87
13/03/2021,North East and Yorkshire,NewAdmissions,82
13/03/2021,London,NewAdmissions,48
14/03/2021,Midlands,NewAdmissions,74
14/03/2021,London,NewAdmissions,41
14/03/2021,South East,NewAdmissions,47
14/03/2021,North East and Yorkshire,NewAdmissions,69
14/03/2021,East of England,NewAdmissions,40
14/03/2021,South West,NewAdmissions,23
14/03/2021,North West,NewAdmissions,63
15/03/2021,North West,NewAdmissions,70
15/03/2021,London,NewAdmissions,40
15/03/2021,North East and Yorkshire,NewAdmissions,85
15/03/2021,Midlands,NewAdmissions,116
15/03/2021,South East,NewAdmissions,50
15/03/2021,South West,NewAdmissions,27
15/03/2021,East of England,NewAdmissions,43
16/03/2021,South West,NewAdmissions,23
16/03/2021,East of England,NewAdmissions,34
16/03/2021,North West,NewAdmissions,55
16/03/2021,Midlands,NewAdmissions,72
16/03/2021,South East,NewAdmissions,53
16/03/2021,North East and Yorkshire,NewAdmissions,82
16/03/2021,London,NewAdmissions,45
17/03/2021,London,NewAdmissions,27
17/03/2021,North East and Yorkshire,NewAdmissions,87
17/03/2021,South East,NewAdmissions,43
17/03/2021,Midlands,NewAdmissions,65
17/03/2021,South West,NewAdmissions,18
17/03/2021,East of England,NewAdmissions,42
17/03/2021,North West,NewAdmissions,61
18/03/2021,North West,NewAdmissions,50
18/03/2021,Midlands,NewAdmissions,84
18/03/2021,London,NewAdmissions,33
18/03/2021,South East,NewAdmissions,40
18/03/2021,North East and Yorkshire,NewAdmissions,88
18/03/2021,South West,NewAdmissions,23
18/03/2021,East of England,NewAdmissions,33
19/03/2021,East of England,NewAdmissions,20
19/03/2021,South West,NewAdmissions,9
19/03/2021,North West,NewAdmissions,43
19/03/2021,South East,NewAdmissions,42
19/03/2021,London,NewAdmissions,42
19/03/2021,North East and Yorkshire,NewAdmissions,51
19/03/2021,Midlands,NewAdmissions,76
20/03/2021,London,NewAdmissions,31
20/03/2021,Midlands,NewAdmissions,56
20/03/2021,North East and Yorkshire,NewAdmissions,54
20/03/2021,East of England,NewAdmissions,31
20/03/2021,South West,NewAdmissions,18
20/03/2021,South East,NewAdmissions,31
20/03/2021,North West,NewAdmissions,66
21/03/2021,North West,NewAdmissions,44
21/03/2021,South East,NewAdmissions,36
21/03/2021,North East and Yorkshire,NewAdmissions,65
21/03/2021,London,NewAdmissions,28
21/03/2021,Midlands,NewAdmissions,63
21/03/2021,South West,NewAdmissions,19
21/03/2021,East of England,NewAdmissions,24
22/03/2021,South West,NewAdmissions,21
22/03/2021,East of England,NewAdmissions,30
22/03/2021,North West,NewAdmissions,59
22/03/2021,South East,NewAdmissions,36
22/03/2021,North East and Yorkshire,NewAdmissions,57
22/03/2021,Midlands,NewAdmissions,60
22/03/2021,London,NewAdmissions,31
23/03/2021,Midlands,NewAdmissions,61
23/03/2021,North East and Yorkshire,NewAdmissions,74
23/03/2021,London,NewAdmissions,33
23/03/2021,South West,NewAdmissions,20
23/03/2021,East of England,NewAdmissions,27
23/03/2021,South East,NewAdmissions,26
23/03/2021,North West,NewAdmissions,54
24/03/2021,South East,NewAdmissions,24
24/03/2021,North West,NewAdmissions,48
24/03/2021,Midlands,NewAdmissions,61
24/03/2021,London,NewAdmissions,27
24/03/2021,North East and Yorkshire,NewAdmissions,69
24/03/2021,South West,NewAdmissions,24
24/03/2021,East of England,NewAdmissions,24
25/03/2021,South West,NewAdmissions,13
25/03/2021,East of England,NewAdmissions,27
25/03/2021,South East,NewAdmissions,21
25/03/2021,North West,NewAdmissions,49
25/03/2021,London,NewAdmissions,33
25/03/2021,Midlands,NewAdmissions,77
25/03/2021,North East and Yorkshire,NewAdmissions,68
26/03/2021,Midlands,NewAdmissions,51
26/03/2021,London,NewAdmissions,26
26/03/2021,North East and Yorkshire,NewAdmissions,68
26/03/2021,East of England,NewAdmissions,20
26/03/2021,South West,NewAdmissions,18
26/03/2021,North West,NewAdmissions,38
26/03/2021,South East,NewAdmissions,24
27/03/2021,North West,NewAdmissions,43
27/03/2021,South East,NewAdmissions,18
27/03/2021,North East and Yorkshire,NewAdmissions,47
27/03/2021,Midlands,NewAdmissions,54
27/03/2021,London,NewAdmissions,29
27/03/2021,East of England,NewAdmissions,17
27/03/2021,South West,NewAdmissions,9
28/03/2021,East of England,NewAdmissions,21
28/03/2021,South West,NewAdmissions,13
28/03/2021,North West,NewAdmissions,32
28/03/2021,South East,NewAdmissions,30
28/03/2021,North East and Yorkshire,NewAdmissions,43
28/03/2021,Midlands,NewAdmissions,50
28/03/2021,London,NewAdmissions,32
29/03/2021,North East and Yorkshire,NewAdmissions,53
29/03/2021,Midlands,NewAdmissions,44
29/03/2021,London,NewAdmissions,23
29/03/2021,East of England,NewAdmissions,20
29/03/2021,South West,NewAdmissions,8
29/03/2021,South East,NewAdmissions,18
29/03/2021,North West,NewAdmissions,40
30/03/2021,North West,NewAdmissions,35
30/03/2021,South East,NewAdmissions,25
30/03/2021,North East and Yorkshire,NewAdmissions,52
30/03/2021,Midlands,NewAdmissions,52
30/03/2021,London,NewAdmissions,29
30/03/2021,South West,NewAdmissions,14
30/03/2021,East of England,NewAdmissions,10
31/03/2021,South West,NewAdmissions,15
31/03/2021,East of England,NewAdmissions,15
31/03/2021,South East,NewAdmissions,17
31/03/2021,North West,NewAdmissions,35
31/03/2021,North East and Yorkshire,NewAdmissions,62
31/03/2021,London,NewAdmissions,30
31/03/2021,Midlands,NewAdmissions,51
01/04/2021,London,NewAdmissions,25
01/04/2021,North East and Yorkshire,NewAdmissions,45
01/04/2021,Midlands,NewAdmissions,34
01/04/2021,South West,NewAdmissions,14
01/04/2021,East of England,NewAdmissions,14
01/04/2021,North West,NewAdmissions,31
01/04/2021,South East,NewAdmissions,17
02/04/2021,South East,NewAdmissions,8
02/04/2021,North West,NewAdmissions,33
02/04/2021,London,NewAdmissions,27
02/04/2021,Midlands,NewAdmissions,43
02/04/2021,North East and Yorkshire,NewAdmissions,41
02/04/2021,East of England,NewAdmissions,19
02/04/2021,South West,NewAdmissions,7
03/04/2021,East of England,NewAdmissions,16
03/04/2021,South West,NewAdmissions,5
03/04/2021,North West,NewAdmissions,37
03/04/2021,South East,NewAdmissions,14
03/04/2021,Midlands,NewAdmissions,40
03/04/2021,North East and Yorkshire,NewAdmissions,42
03/04/2021,London,NewAdmissions,25
04/04/2021,North East and Yorkshire,NewAdmissions,34
04/04/2021,Midlands,NewAdmissions,34
04/04/2021,London,NewAdmissions,23
04/04/2021,East of England,NewAdmissions,11
04/04/2021,South West,NewAdmissions,11
04/04/2021,South East,NewAdmissions,16
04/04/2021,North West,NewAdmissions,27
05/04/2021,South East,NewAdmissions,19
05/04/2021,North West,NewAdmissions,25
05/04/2021,North East and Yorkshire,NewAdmissions,49
05/04/2021,London,NewAdmissions,23
05/04/2021,Midlands,NewAdmissions,44
05/04/2021,East of England,NewAdmissions,21
05/04/2021,South West,NewAdmissions,7
06/04/2021,East of England,NewAdmissions,23
06/04/2021,South West,NewAdmissions,9
06/04/2021,South East,NewAdmissions,20
06/04/2021,North West,NewAdmissions,22
06/04/2021,North East and Yorkshire,NewAdmissions,42
06/04/2021,London,NewAdmissions,22
06/04/2021,Midlands,NewAdmissions,45
07/04/2021,London,NewAdmissions,26
07/04/2021,Midlands,NewAdmissions,40
07/04/2021,North East and Yorkshire,NewAdmissions,48
07/04/2021,South West,NewAdmissions,13
07/04/2021,East of England,NewAdmissions,17
07/04/2021,North West,NewAdmissions,25
07/04/2021,South East,NewAdmissions,20
08/04/2021,North West,NewAdmissions,26
08/04/2021,South East,NewAdmissions,15
08/04/2021,North East and Yorkshire,NewAdmissions,39
08/04/2021,Midlands,NewAdmissions,32
08/04/2021,London,NewAdmissions,27
08/04/2021,East of England,NewAdmissions,21
08/04/2021,South West,NewAdmissions,7
09/04/2021,South West,NewAdmissions,13
09/04/2021,East of England,NewAdmissions,22
09/04/2021,South East,NewAdmissions,14
09/04/2021,North West,NewAdmissions,19
09/04/2021,Midlands,NewAdmissions,37
09/04/2021,London,NewAdmissions,21
09/04/2021,North East and Yorkshire,NewAdmissions,41
10/04/2021,Midlands,NewAdmissions,30
10/04/2021,North East and Yorkshire,NewAdmissions,43
10/04/2021,London,NewAdmissions,25
10/04/2021,East of England,NewAdmissions,10
10/04/2021,South West,NewAdmissions,9
10/04/2021,South East,NewAdmissions,8
10/04/2021,North West,NewAdmissions,26
11/04/2021,North West,NewAdmissions,21
11/04/2021,South East,NewAdmissions,20
11/04/2021,London,NewAdmissions,28
11/04/2021,North East and Yorkshire,NewAdmissions,52
11/04/2021,Midlands,NewAdmissions,30
11/04/2021,South West,NewAdmissions,6
11/04/2021,East of England,NewAdmissions,18
12/04/2021,South West,NewAdmissions,15
12/04/2021,East of England,NewAdmissions,20
12/04/2021,South East,NewAdmissions,25
12/04/2021,North West,NewAdmissions,24
12/04/2021,North East and Yorkshire,NewAdmissions,37
12/04/2021,London,NewAdmissions,26
12/04/2021,Midlands,NewAdmissions,26
13/04/2021,London,NewAdmissions,20
13/04/2021,Midlands,NewAdmissions,29
13/04/2021,North East and Yorkshire,NewAdmissions,35
13/04/2021,South West,NewAdmissions,10
13/04/2021,East of England,NewAdmissions,27
13/04/2021,South East,NewAdmissions,17
13/04/2021,North West,NewAdmissions,15
14/04/2021,South East,NewAdmissions,10
14/04/2021,North West,NewAdmissions,29
14/04/2021,North East and Yorkshire,NewAdmissions,40
14/04/2021,Midlands,NewAdmissions,24
14/04/2021,London,NewAdmissions,21
14/04/2021,South West,NewAdmissions,17
14/04/2021,East of England,NewAdmissions,15
15/04/2021,East of England,NewAdmissions,20
15/04/2021,South West,NewAdmissions,9
15/04/2021,North West,NewAdmissions,16
15/04/2021,South East,NewAdmissions,13
15/04/2021,North East and Yorkshire,NewAdmissions,25
15/04/2021,Midlands,NewAdmissions,30
15/04/2021,London,NewAdmissions,14
16/04/2021,North East and Yorkshire,NewAdmissions,20
16/04/2021,London,NewAdmissions,14
16/04/2021,Midlands,NewAdmissions,31
16/04/2021,South West,NewAdmissions,5
16/04/2021,East of England,NewAdmissions,23
16/04/2021,South East,NewAdmissions,8
16/04/2021,North West,NewAdmissions,17
17/04/2021,North West,NewAdmissions,15
17/04/2021,South East,NewAdmissions,12
17/04/2021,North East and Yorkshire,NewAdmissions,32
17/04/2021,London,NewAdmissions,9
17/04/2021,Midlands,NewAdmissions,34
17/04/2021,East of England,NewAdmissions,24
17/04/2021,South West,NewAdmissions,9
18/04/2021,South West,NewAdmissions,4
18/04/2021,East of England,NewAdmissions,15
18/04/2021,North West,NewAdmissions,11
18/04/2021,South East,NewAdmissions,19
18/04/2021,North East and Yorkshire,NewAdmissions,20
18/04/2021,London,NewAdmissions,17
18/04/2021,Midlands,NewAdmissions,26
19/04/2021,Midlands,NewAdmissions,29
19/04/2021,London,NewAdmissions,18
19/04/2021,North East and Yorkshire,NewAdmissions,36
19/04/2021,East of England,NewAdmissions,15
19/04/2021,South West,NewAdmissions,11
19/04/2021,North West,NewAdmissions,16
19/04/2021,South East,NewAdmissions,13
20/04/2021,South East,NewAdmissions,18
20/04/2021,North West,NewAdmissions,13
20/04/2021,Midlands,NewAdmissions,13
20/04/2021,London,NewAdmissions,15
20/04/2021,North East and Yorkshire,NewAdmissions,25
20/04/2021,East of England,NewAdmissions,10
20/04/2021,South West,NewAdmissions,4
21/04/2021,South West,NewAdmissions,10
21/04/2021,East of England,NewAdmissions,24
21/04/2021,South East,NewAdmissions,17
21/04/2021,North West,NewAdmissions,20
21/04/2021,Midlands,NewAdmissions,19
21/04/2021,London,NewAdmissions,18
21/04/2021,North East and Yorkshire,NewAdmissions,18
22/04/2021,London,NewAdmissions,14
22/04/2021,Midlands,NewAdmissions,26
22/04/2021,North East and Yorkshire,NewAdmissions,8
22/04/2021,East of England,NewAdmissions,7
22/04/2021,South West,NewAdmissions,9
22/04/2021,South East,NewAdmissions,11
22/04/2021,North West,NewAdmissions,17
23/04/2021,South East,NewAdmissions,17
23/04/2021,North West,NewAdmissions,13
23/04/2021,Midlands,NewAdmissions,23
23/04/2021,North East and Yorkshire,NewAdmissions,27
23/04/2021,London,NewAdmissions,22
23/04/2021,East of England,NewAdmissions,14
23/04/2021,South West,NewAdmissions,8
24/04/2021,South West,NewAdmissions,4
24/04/2021,East of England,NewAdmissions,18
24/04/2021,South East,NewAdmissions,7
24/04/2021,North West,NewAdmissions,11
24/04/2021,Midlands,NewAdmissions,23
24/04/2021,North East and Yorkshire,NewAdmissions,21
24/04/2021,London,NewAdmissions,15
25/04/2021,North East and Yorkshire,NewAdmissions,19
25/04/2021,London,NewAdmissions,17
25/04/2021,Midlands,NewAdmissions,26
25/04/2021,South West,NewAdmissions,6
25/04/2021,East of England,NewAdmissions,17
25/04/2021,North West,NewAdmissions,13
25/04/2021,South East,NewAdmissions,9
26/04/2021,North West,NewAdmissions,10
26/04/2021,South East,NewAdmissions,8
26/04/2021,North East and Yorkshire,NewAdmissions,17
26/04/2021,Midlands,NewAdmissions,34
26/04/2021,London,NewAdmissions,13
26/04/2021,East of England,NewAdmissions,14
26/04/2021,South West,NewAdmissions,12
27/04/2021,East of England,NewAdmissions,18
27/04/2021,South West,NewAdmissions,8
27/04/2021,North West,NewAdmissions,18
27/04/2021,South East,NewAdmissions,12
27/04/2021,North East and Yorkshire,NewAdmissions,26
27/04/2021,London,NewAdmissions,21
27/04/2021,Midlands,NewAdmissions,25
28/04/2021,North East and Yorkshire,NewAdmissions,13
28/04/2021,London,NewAdmissions,14
28/04/2021,Midlands,NewAdmissions,21
28/04/2021,South West,NewAdmissions,4
28/04/2021,East of England,NewAdmissions,9
28/04/2021,South East,NewAdmissions,10
28/04/2021,North West,NewAdmissions,18
29/04/2021,South East,NewAdmissions,7
29/04/2021,North West,NewAdmissions,12
29/04/2021,Midlands,NewAdmissions,15
29/04/2021,London,NewAdmissions,15
29/04/2021,North East and Yorkshire,NewAdmissions,21
29/04/2021,South West,NewAdmissions,3
29/04/2021,East of England,NewAdmissions,7
30/04/2021,East of England,NewAdmissions,10
30/04/2021,South West,NewAdmissions,2
30/04/2021,South East,NewAdmissions,9
30/04/2021,North West,NewAdmissions,10
30/04/2021,London,NewAdmissions,11
30/04/2021,North East and Yorkshire,NewAdmissions,20
30/04/2021,Midlands,NewAdmissions,20
01/05/2021,North East and Yorkshire,NewAdmissions,12
01/05/2021,Midlands,NewAdmissions,22
01/05/2021,London,NewAdmissions,12
01/05/2021,South West,NewAdmissions,4
01/05/2021,East of England,NewAdmissions,7
01/05/2021,South East,NewAdmissions,1
01/05/2021,North West,NewAdmissions,10
02/05/2021,South East,NewAdmissions,10
02/05/2021,North West,NewAdmissions,16
02/05/2021,London,NewAdmissions,11
02/05/2021,Midlands,NewAdmissions,16
02/05/2021,North East and Yorkshire,NewAdmissions,26
02/05/2021,South West,NewAdmissions,3
02/05/2021,East of England,NewAdmissions,10
03/05/2021,South West,NewAdmissions,3
03/05/2021,East of England,NewAdmissions,7
03/05/2021,South East,NewAdmissions,7
03/05/2021,North West,NewAdmissions,26
03/05/2021,Midlands,NewAdmissions,23
03/05/2021,North East and Yorkshire,NewAdmissions,21
03/05/2021,London,NewAdmissions,11
04/05/2021,Midlands,NewAdmissions,19
04/05/2021,North East and Yorkshire,NewAdmissions,18
04/05/2021,London,NewAdmissions,6
04/05/2021,South West,NewAdmissions,7
04/05/2021,East of England,NewAdmissions,11
04/05/2021,North West,NewAdmissions,12
04/05/2021,South East,NewAdmissions,3
05/05/2021,North West,NewAdmissions,19
05/05/2021,South East,NewAdmissions,7
05/05/2021,North East and Yorkshire,NewAdmissions,15
05/05/2021,Midlands,NewAdmissions,22
05/05/2021,London,NewAdmissions,17
05/05/2021,East of England,NewAdmissions,8
05/05/2021,South West,NewAdmissions,8
06/05/2021,East of England,NewAdmissions,8
06/05/2021,South West,NewAdmissions,5
06/05/2021,South East,NewAdmissions,8
06/05/2021,North West,NewAdmissions,11
06/05/2021,London,NewAdmissions,13
06/05/2021,North East and Yorkshire,NewAdmissions,26
06/05/2021,Midlands,NewAdmissions,17
07/05/2021,Midlands,NewAdmissions,16
07/05/2021,North East and Yorkshire,NewAdmissions,14
07/05/2021,London,NewAdmissions,15
07/05/2021,South West,NewAdmissions,7
07/05/2021,East of England,NewAdmissions,6
07/05/2021,South East,NewAdmissions,8
07/05/2021,North West,NewAdmissions,11
08/05/2021,South East,NewAdmissions,7
08/05/2021,North West,NewAdmissions,11
08/05/2021,North East and Yorkshire,NewAdmissions,18
08/05/2021,Midlands,NewAdmissions,17
08/05/2021,London,NewAdmissions,10
08/05/2021,South West,NewAdmissions,8
08/05/2021,East of England,NewAdmissions,9
09/05/2021,East of England,NewAdmissions,9
09/05/2021,South West,NewAdmissions,5
09/05/2021,North West,NewAdmissions,13
09/05/2021,South East,NewAdmissions,6
09/05/2021,London,NewAdmissions,16
09/05/2021,North East and Yorkshire,NewAdmissions,11
09/05/2021,Midlands,NewAdmissions,16
10/05/2021,Midlands,NewAdmissions,16
10/05/2021,North East and Yorkshire,NewAdmissions,8
10/05/2021,London,NewAdmissions,17
10/05/2021,South West,NewAdmissions,8
10/05/2021,East of England,NewAdmissions,6
10/05/2021,South East,NewAdmissions,5
10/05/2021,North West,NewAdmissions,16
11/05/2021,North West,NewAdmissions,15
11/05/2021,South East,NewAdmissions,5
11/05/2021,North East and Yorkshire,NewAdmissions,13
11/05/2021,London,NewAdmissions,17
11/05/2021,Midlands,NewAdmissions,12
11/05/2021,South West,NewAdmissions,7
11/05/2021,East of England,NewAdmissions,10
12/05/2021,East of England,NewAdmissions,12
12/05/2021,South West,NewAdmissions,10
12/05/2021,South East,NewAdmissions,4
12/05/2021,North West,NewAdmissions,17
12/05/2021,London,NewAdmissions,12
12/05/2021,North East and Yorkshire,NewAdmissions,25
12/05/2021,Midlands,NewAdmissions,13
13/05/2021,Midlands,NewAdmissions,15
13/05/2021,London,NewAdmissions,15
13/05/2021,North East and Yorkshire,NewAdmissions,9
13/05/2021,East of England,NewAdmissions,5
13/05/2021,South West,NewAdmissions,5
13/05/2021,South East,NewAdmissions,2
13/05/2021,North West,NewAdmissions,23
14/05/2021,North West,NewAdmissions,18
14/05/2021,South East,NewAdmissions,2
14/05/2021,Midlands,NewAdmissions,15
14/05/2021,London,NewAdmissions,12
14/05/2021,North East and Yorkshire,NewAdmissions,16
14/05/2021,South West,NewAdmissions,1
14/05/2021,East of England,NewAdmissions,8
15/05/2021,South West,NewAdmissions,3
15/05/2021,East of England,NewAdmissions,10
15/05/2021,North West,NewAdmissions,13
15/05/2021,South East,NewAdmissions,7
15/05/2021,North East and Yorkshire,NewAdmissions,10
15/05/2021,London,NewAdmissions,11
15/05/2021,Midlands,NewAdmissions,16
16/05/2021,Midlands,NewAdmissions,12
16/05/2021,North East and Yorkshire,NewAdmissions,7
16/05/2021,London,NewAdmissions,11
16/05/2021,East of England,NewAdmissions,2
16/05/2021,South West,NewAdmissions,4
16/05/2021,South East,NewAdmissions,7
16/05/2021,North West,NewAdmissions,16
17/05/2021,South East,NewAdmissions,2
17/05/2021,North West,NewAdmissions,13
17/05/2021,North East and Yorkshire,NewAdmissions,11
17/05/2021,London,NewAdmissions,19
17/05/2021,Midlands,NewAdmissions,21
17/05/2021,South West,NewAdmissions,4
17/05/2021,East of England,NewAdmissions,4
18/05/2021,East of England,NewAdmissions,5
18/05/2021,South West,NewAdmissions,6
18/05/2021,North West,NewAdmissions,19
18/05/2021,South East,NewAdmissions,6
18/05/2021,London,NewAdmissions,19
18/05/2021,Midlands,NewAdmissions,28
18/05/2021,North East and Yorkshire,NewAdmissions,7
19/05/2021,North East and Yorkshire,NewAdmissions,21
19/05/2021,Midlands,NewAdmissions,17
19/05/2021,London,NewAdmissions,14
19/05/2021,East of England,NewAdmissions,10
19/05/2021,South West,NewAdmissions,8
19/05/2021,North West,NewAdmissions,18
19/05/2021,South East,NewAdmissions,5
20/05/2021,South East,NewAdmissions,8
20/05/2021,North West,NewAdmissions,19
20/05/2021,North East and Yorkshire,NewAdmissions,11
20/05/2021,Midlands,NewAdmissions,25
20/05/2021,London,NewAdmissions,24
20/05/2021,East of England,NewAdmissions,4
20/05/2021,South West,NewAdmissions,7
21/05/2021,East of England,NewAdmissions,4
21/05/2021,South West,NewAdmissions,4
21/05/2021,North West,NewAdmissions,22
21/05/2021,South East,NewAdmissions,6
21/05/2021,London,NewAdmissions,13
21/05/2021,North East and Yorkshire,NewAdmissions,14
21/05/2021,Midlands,NewAdmissions,22
22/05/2021,Midlands,NewAdmissions,17
22/05/2021,London,NewAdmissions,14
22/05/2021,North East and Yorkshire,NewAdmissions,17
22/05/2021,East of England,NewAdmissions,4
22/05/2021,South West,NewAdmissions,6
22/05/2021,South East,NewAdmissions,3
22/05/2021,North West,NewAdmissions,14
23/05/2021,South East,NewAdmissions,3
23/05/2021,North West,NewAdmissions,22
23/05/2021,London,NewAdmissions,13
23/05/2021,North East and Yorkshire,NewAdmissions,15
23/05/2021,Midlands,NewAdmissions,18
23/05/2021,South West,NewAdmissions,4
23/05/2021,East of England,NewAdmissions,2
24/05/2021,East of England,NewAdmissions,7
24/05/2021,South West,NewAdmissions,3
24/05/2021,South East,NewAdmissions,11
24/05/2021,North West,NewAdmissions,31
24/05/2021,Midlands,NewAdmissions,14
24/05/2021,London,NewAdmissions,17
24/05/2021,North East and Yorkshire,NewAdmissions,15
25/05/2021,Midlands,NewAdmissions,19
25/05/2021,London,NewAdmissions,16
25/05/2021,North East and Yorkshire,NewAdmissions,11
25/05/2021,South West,NewAdmissions,0
25/05/2021,East of England,NewAdmissions,9
25/05/2021,South East,NewAdmissions,9
25/05/2021,North West,NewAdmissions,24
26/05/2021,South East,NewAdmissions,11
26/05/2021,North West,NewAdmissions,27
26/05/2021,London,NewAdmissions,19
26/05/2021,North East and Yorkshire,NewAdmissions,13
26/05/2021,Midlands,NewAdmissions,20
26/05/2021,South West,NewAdmissions,0
26/05/2021,East of England,NewAdmissions,5
27/05/2021,East of England,NewAdmissions,10
27/05/2021,South West,NewAdmissions,2
27/05/2021,South East,NewAdmissions,8
27/05/2021,North West,NewAdmissions,21
27/05/2021,North East and Yorkshire,NewAdmissions,11
27/05/2021,London,NewAdmissions,17
27/05/2021,Midlands,NewAdmissions,14
28/05/2021,North East and Yorkshire,NewAdmissions,16
28/05/2021,Midlands,NewAdmissions,16
28/05/2021,London,NewAdmissions,19
28/05/2021,South West,NewAdmissions,1
28/05/2021,East of England,NewAdmissions,12
28/05/2021,North West,NewAdmissions,25
28/05/2021,South East,NewAdmissions,3
29/05/2021,North West,NewAdmissions,13
29/05/2021,South East,NewAdmissions,4
29/05/2021,North East and Yorkshire,NewAdmissions,11
29/05/2021,Midlands,NewAdmissions,15
29/05/2021,London,NewAdmissions,17
29/05/2021,South West,NewAdmissions,1
29/05/2021,East of England,NewAdmissions,8
30/05/2021,South West,NewAdmissions,4
30/05/2021,East of England,NewAdmissions,5
30/05/2021,North West,NewAdmissions,25
30/05/2021,South East,NewAdmissions,4
30/05/2021,London,NewAdmissions,18
30/05/2021,Midlands,NewAdmissions,12
30/05/2021,North East and Yorkshire,NewAdmissions,12
31/05/2021,London,NewAdmissions,20
31/05/2021,Midlands,NewAdmissions,19
31/05/2021,North East and Yorkshire,NewAdmissions,22
31/05/2021,South West,NewAdmissions,3
31/05/2021,East of England,NewAdmissions,11
31/05/2021,South East,NewAdmissions,4
31/05/2021,North West,NewAdmissions,19
01/06/2021,South East,NewAdmissions,10
01/06/2021,North West,NewAdmissions,31
01/06/2021,Midlands,NewAdmissions,18
01/06/2021,North East and Yorkshire,NewAdmissions,17
01/06/2021,London,NewAdmissions,29
01/06/2021,East of England,NewAdmissions,7
01/06/2021,South West,NewAdmissions,3
02/06/2021,South West,NewAdmissions,1
02/06/2021,East of England,NewAdmissions,7
02/06/2021,North West,NewAdmissions,38
02/06/2021,South East,NewAdmissions,4
02/06/2021,London,NewAdmissions,19
02/06/2021,North East and Yorkshire,NewAdmissions,13
02/06/2021,Midlands,NewAdmissions,19
03/06/2021,North East and Yorkshire,NewAdmissions,12
03/06/2021,Midlands,NewAdmissions,15
03/06/2021,London,NewAdmissions,20
03/06/2021,South West,NewAdmissions,3
03/06/2021,East of England,NewAdmissions,8
03/06/2021,South East,NewAdmissions,3
03/06/2021,North West,NewAdmissions,32
04/06/2021,North West,NewAdmissions,30
04/06/2021,South East,NewAdmissions,6
04/06/2021,North East and Yorkshire,NewAdmissions,15
04/06/2021,Midlands,NewAdmissions,11
04/06/2021,London,NewAdmissions,16
04/06/2021,East of England,NewAdmissions,12
04/06/2021,South West,NewAdmissions,6
05/06/2021,South West,NewAdmissions,7
05/06/2021,East of England,NewAdmissions,3
05/06/2021,North West,NewAdmissions,43
05/06/2021,South East,NewAdmissions,8
05/06/2021,London,NewAdmissions,16
05/06/2021,North East and Yorkshire,NewAdmissions,7
05/06/2021,Midlands,NewAdmissions,12
06/06/2021,Midlands,NewAdmissions,13
06/06/2021,North East and Yorkshire,NewAdmissions,16
06/06/2021,London,NewAdmissions,27
06/06/2021,South West,NewAdmissions,1
06/06/2021,East of England,NewAdmissions,10
06/06/2021,South East,NewAdmissions,9
06/06/2021,North West,NewAdmissions,45
07/06/2021,South East,NewAdmissions,6
07/06/2021,North West,NewAdmissions,43
07/06/2021,Midlands,NewAdmissions,24
07/06/2021,London,NewAdmissions,17
07/06/2021,North East and Yorkshire,NewAdmissions,25
07/06/2021,East of England,NewAdmissions,9
07/06/2021,South West,NewAdmissions,7
08/06/2021,South West,NewAdmissions,7
08/06/2021,East of England,NewAdmissions,6
08/06/2021,North West,NewAdmissions,43
08/06/2021,South East,NewAdmissions,13
08/06/2021,North East and Yorkshire,NewAdmissions,18
08/06/2021,Midlands,NewAdmissions,40
08/06/2021,London,NewAdmissions,20
09/06/2021,London,NewAdmissions,33
09/06/2021,Midlands,NewAdmissions,24
09/06/2021,North East and Yorkshire,NewAdmissions,23
09/06/2021,South West,NewAdmissions,10
09/06/2021,East of England,NewAdmissions,10
09/06/2021,North West,NewAdmissions,50
09/06/2021,South East,NewAdmissions,8
10/06/2021,South East,NewAdmissions,8
10/06/2021,North West,NewAdmissions,63
10/06/2021,Midlands,NewAdmissions,27
10/06/2021,London,NewAdmissions,29
10/06/2021,South West,NewAdmissions,8
10/06/2021,East of England,NewAdmissions,9
10/06/2021,North East and Yorkshire,NewAdmissions,18
11/06/2021,North East and Yorkshire,NewAdmissions,20
11/06/2021,East of England,NewAdmissions,11
11/06/2021,South West,NewAdmissions,6
11/06/2021,South East,NewAdmissions,7
11/06/2021,North West,NewAdmissions,51
11/06/2021,Midlands,NewAdmissions,21
11/06/2021,London,NewAdmissions,28
12/06/2021,Midlands,NewAdmissions,22
12/06/2021,London,NewAdmissions,27
12/06/2021,South West,NewAdmissions,5
12/06/2021,North East and Yorkshire,NewAdmissions,12
12/06/2021,East of England,NewAdmissions,9
12/06/2021,North West,NewAdmissions,57
12/06/2021,South East,NewAdmissions,5
13/06/2021,South East,NewAdmissions,12
13/06/2021,North West,NewAdmissions,66
13/06/2021,London,NewAdmissions,34
13/06/2021,Midlands,NewAdmissions,28
13/06/2021,South West,NewAdmissions,6
13/06/2021,North East and Yorkshire,NewAdmissions,32
13/06/2021,East of England,NewAdmissions,9
14/06/2021,North East and Yorkshire,NewAdmissions,25
14/06/2021,East of England,NewAdmissions,8
14/06/2021,South West,NewAdmissions,3
14/06/2021,North West,NewAdmissions,72
14/06/2021,South East,NewAdmissions,13
14/06/2021,Midlands,NewAdmissions,31
14/06/2021,London,NewAdmissions,33
15/06/2021,Midlands,NewAdmissions,28
15/06/2021,London,NewAdmissions,37
15/06/2021,South West,NewAdmissions,13
15/06/2021,North East and Yorkshire,NewAdmissions,21
15/06/2021,East of England,NewAdmissions,19
15/06/2021,North West,NewAdmissions,58
15/06/2021,South East,NewAdmissions,12
16/06/2021,North West,NewAdmissions,55
16/06/2021,South East,NewAdmissions,6
16/06/2021,London,NewAdmissions,25
16/06/2021,Midlands,NewAdmissions,35
16/06/2021,North East and Yorkshire,NewAdmissions,34
16/06/2021,South West,NewAdmissions,10
16/06/2021,East of England,NewAdmissions,12
17/06/2021,South West,NewAdmissions,9
17/06/2021,East of England,NewAdmissions,15
17/06/2021,North East and Yorkshire,NewAdmissions,40
17/06/2021,South East,NewAdmissions,9
17/06/2021,North West,NewAdmissions,68
17/06/2021,Midlands,NewAdmissions,30
17/06/2021,London,NewAdmissions,31
18/06/2021,Midlands,NewAdmissions,29
18/06/2021,London,NewAdmissions,26
18/06/2021,North East and Yorkshire,NewAdmissions,39
18/06/2021,East of England,NewAdmissions,7
18/06/2021,South West,NewAdmissions,14
18/06/2021,South East,NewAdmissions,5
18/06/2021,North West,NewAdmissions,65
19/06/2021,North West,NewAdmissions,53
19/06/2021,South East,NewAdmissions,9
19/06/2021,London,NewAdmissions,31
19/06/2021,Midlands,NewAdmissions,34
19/06/2021,South West,NewAdmissions,13
19/06/2021,East of England,NewAdmissions,10
19/06/2021,North East and Yorkshire,NewAdmissions,28
20/06/2021,South West,NewAdmissions,7
20/06/2021,East of England,NewAdmissions,12
20/06/2021,North East and Yorkshire,NewAdmissions,35
20/06/2021,North West,NewAdmissions,42
20/06/2021,South East,NewAdmissions,18
20/06/2021,London,NewAdmissions,32
20/06/2021,Midlands,NewAdmissions,25
21/06/2021,Midlands,NewAdmissions,29
21/06/2021,London,NewAdmissions,19
21/06/2021,North East and Yorkshire,NewAdmissions,36
21/06/2021,East of England,NewAdmissions,11
21/06/2021,South West,NewAdmissions,16
21/06/2021,South East,NewAdmissions,6
21/06/2021,North West,NewAdmissions,64
22/06/2021,South East,NewAdmissions,18
22/06/2021,North West,NewAdmissions,42
22/06/2021,Midlands,NewAdmissions,27
22/06/2021,London,NewAdmissions,26
22/06/2021,South West,NewAdmissions,16
22/06/2021,North East and Yorkshire,NewAdmissions,40
22/06/2021,East of England,NewAdmissions,13
23/06/2021,South West,NewAdmissions,21
23/06/2021,North East and Yorkshire,NewAdmissions,42
23/06/2021,East of England,NewAdmissions,11
23/06/2021,North West,NewAdmissions,60
23/06/2021,South East,NewAdmissions,13
23/06/2021,Midlands,NewAdmissions,38
23/06/2021,London,NewAdmissions,29
24/06/2021,London,NewAdmissions,22
24/06/2021,Midlands,NewAdmissions,41
24/06/2021,North East and Yorkshire,NewAdmissions,38
24/06/2021,East of England,NewAdmissions,9
24/06/2021,South West,NewAdmissions,13
24/06/2021,South East,NewAdmissions,14
24/06/2021,North West,NewAdmissions,57
25/06/2021,South East,NewAdmissions,11
25/06/2021,North West,NewAdmissions,61
25/06/2021,London,NewAdmissions,26
25/06/2021,Midlands,NewAdmissions,44
25/06/2021,North East and Yorkshire,NewAdmissions,36
25/06/2021,South West,NewAdmissions,14
25/06/2021,East of England,NewAdmissions,14
26/06/2021,North East and Yorkshire,NewAdmissions,56
26/06/2021,South West,NewAdmissions,12
26/06/2021,East of England,NewAdmissions,12
26/06/2021,South East,NewAdmissions,8
26/06/2021,North West,NewAdmissions,65
26/06/2021,London,NewAdmissions,35
26/06/2021,Midlands,NewAdmissions,35
27/06/2021,Midlands,NewAdmissions,36
27/06/2021,London,NewAdmissions,38
27/06/2021,North East and Yorkshire,NewAdmissions,48
27/06/2021,East of England,NewAdmissions,9
27/06/2021,South West,NewAdmissions,17
27/06/2021,South East,NewAdmissions,16
27/06/2021,North West,NewAdmissions,62
28/06/2021,North West,NewAdmissions,75
28/06/2021,South East,NewAdmissions,22
28/06/2021,London,NewAdmissions,31
28/06/2021,Midlands,NewAdmissions,44
28/06/2021,North East and Yorkshire,NewAdmissions,40
28/06/2021,South West,NewAdmissions,20
28/06/2021,East of England,NewAdmissions,12
29/06/2021,North East and Yorkshire,NewAdmissions,70
29/06/2021,South West,NewAdmissions,16
29/06/2021,East of England,NewAdmissions,7
29/06/2021,South East,NewAdmissions,27
29/06/2021,North West,NewAdmissions,71
29/06/2021,Midlands,NewAdmissions,41
29/06/2021,London,NewAdmissions,51
30/06/2021,Midlands,NewAdmissions,59
30/06/2021,London,NewAdmissions,51
30/06/2021,South West,NewAdmissions,28
30/06/2021,East of England,NewAdmissions,13
30/06/2021,North East and Yorkshire,NewAdmissions,64
30/06/2021,South East,NewAdmissions,35
30/06/2021,North West,NewAdmissions,81
01/07/2021,South East,NewAdmissions,23
01/07/2021,North West,NewAdmissions,76
01/07/2021,London,NewAdmissions,30
01/07/2021,Midlands,NewAdmissions,72
01/07/2021,South West,NewAdmissions,19
01/07/2021,East of England,NewAdmissions,22
01/07/2021,North East and Yorkshire,NewAdmissions,53
02/07/2021,South West,NewAdmissions,25
02/07/2021,East of England,NewAdmissions,17
02/07/2021,North East and Yorkshire,NewAdmissions,55
02/07/2021,North West,NewAdmissions,83
02/07/2021,South East,NewAdmissions,22
02/07/2021,London,NewAdmissions,32
02/07/2021,Midlands,NewAdmissions,73
03/07/2021,London,NewAdmissions,42
03/07/2021,Midlands,NewAdmissions,50
03/07/2021,North East and Yorkshire,NewAdmissions,82
03/07/2021,South West,NewAdmissions,29
03/07/2021,East of England,NewAdmissions,12
03/07/2021,South East,NewAdmissions,28
03/07/2021,North West,NewAdmissions,80
04/07/2021,South East,NewAdmissions,35
04/07/2021,North West,NewAdmissions,80
04/07/2021,Midlands,NewAdmissions,81
04/07/2021,London,NewAdmissions,54
04/07/2021,East of England,NewAdmissions,18
04/07/2021,South West,NewAdmissions,20
04/07/2021,North East and Yorkshire,NewAdmissions,102
05/07/2021,South West,NewAdmissions,16
05/07/2021,North East and Yorkshire,NewAdmissions,95
05/07/2021,East of England,NewAdmissions,21
05/07/2021,North West,NewAdmissions,114
05/07/2021,South East,NewAdmissions,34
05/07/2021,Midlands,NewAdmissions,81
05/07/2021,London,NewAdmissions,55
06/07/2021,London,NewAdmissions,52
06/07/2021,Midlands,NewAdmissions,99
06/07/2021,East of England,NewAdmissions,19
06/07/2021,South West,NewAdmissions,30
06/07/2021,North East and Yorkshire,NewAdmissions,107
06/07/2021,North West,NewAdmissions,102
06/07/2021,South East,NewAdmissions,49
07/07/2021,South East,NewAdmissions,47
07/07/2021,North West,NewAdmissions,103
07/07/2021,Midlands,NewAdmissions,82
07/07/2021,London,NewAdmissions,62
07/07/2021,North East and Yorkshire,NewAdmissions,111
07/07/2021,East of England,NewAdmissions,22
07/07/2021,South West,NewAdmissions,34
08/07/2021,East of England,NewAdmissions,32
08/07/2021,North East and Yorkshire,NewAdmissions,121
08/07/2021,South West,NewAdmissions,33
08/07/2021,North West,NewAdmissions,108
08/07/2021,South East,NewAdmissions,35
08/07/2021,London,NewAdmissions,79
08/07/2021,Midlands,NewAdmissions,80
09/07/2021,Midlands,NewAdmissions,78
09/07/2021,London,NewAdmissions,68
09/07/2021,South West,NewAdmissions,26
09/07/2021,East of England,NewAdmissions,28
09/07/2021,North East and Yorkshire,NewAdmissions,113
09/07/2021,North West,NewAdmissions,108
09/07/2021,South East,NewAdmissions,30
10/07/2021,North West,NewAdmissions,106
10/07/2021,South East,NewAdmissions,35
10/07/2021,London,NewAdmissions,64
10/07/2021,Midlands,NewAdmissions,82
10/07/2021,South West,NewAdmissions,27
10/07/2021,North East and Yorkshire,NewAdmissions,103
10/07/2021,East of England,NewAdmissions,25
11/07/2021,East of England,NewAdmissions,24
11/07/2021,North East and Yorkshire,NewAdmissions,127
11/07/2021,South West,NewAdmissions,40
11/07/2021,North West,NewAdmissions,104
11/07/2021,South East,NewAdmissions,44
11/07/2021,Midlands,NewAdmissions,97
11/07/2021,London,NewAdmissions,66
12/07/2021,London,NewAdmissions,96
12/07/2021,Midlands,NewAdmissions,122
12/07/2021,North East and Yorkshire,NewAdmissions,142
12/07/2021,East of England,NewAdmissions,36
12/07/2021,South West,NewAdmissions,48
12/07/2021,South East,NewAdmissions,61
12/07/2021,North West,NewAdmissions,105
13/07/2021,South East,NewAdmissions,43
13/07/2021,North West,NewAdmissions,123
13/07/2021,Midlands,NewAdmissions,135
13/07/2021,London,NewAdmissions,88
13/07/2021,South West,NewAdmissions,51
13/07/2021,East of England,NewAdmissions,31
13/07/2021,North East and Yorkshire,NewAdmissions,150
14/07/2021,East of England,NewAdmissions,35
14/07/2021,South West,NewAdmissions,51
14/07/2021,North East and Yorkshire,NewAdmissions,183
14/07/2021,South East,NewAdmissions,57
14/07/2021,North West,NewAdmissions,110
14/07/2021,Midlands,NewAdmissions,114
14/07/2021,London,NewAdmissions,86
15/07/2021,Midlands,NewAdmissions,134
15/07/2021,London,NewAdmissions,83
15/07/2021,East of England,NewAdmissions,38
15/07/2021,South West,NewAdmissions,65
15/07/2021,North East and Yorkshire,NewAdmissions,154
15/07/2021,South East,NewAdmissions,64
15/07/2021,North West,NewAdmissions,120
16/07/2021,South East,NewAdmissions,48
16/07/2021,North West,NewAdmissions,102
16/07/2021,Midlands,NewAdmissions,107
16/07/2021,London,NewAdmissions,85
16/07/2021,North East and Yorkshire,NewAdmissions,157
16/07/2021,East of England,NewAdmissions,31
16/07/2021,South West,NewAdmissions,63
17/07/2021,East of England,NewAdmissions,44
17/07/2021,North East and Yorkshire,NewAdmissions,141
17/07/2021,South West,NewAdmissions,51
17/07/2021,South East,NewAdmissions,72
17/07/2021,North West,NewAdmissions,98
17/07/2021,Midlands,NewAdmissions,116
17/07/2021,London,NewAdmissions,100
18/07/2021,London,NewAdmissions,101
18/07/2021,Midlands,NewAdmissions,142
18/07/2021,East of England,NewAdmissions,57
18/07/2021,North East and Yorkshire,NewAdmissions,164
18/07/2021,South West,NewAdmissions,60
18/07/2021,South East,NewAdmissions,64
18/07/2021,North West,NewAdmissions,110
19/07/2021,South East,NewAdmissions,74
19/07/2021,North West,NewAdmissions,141
19/07/2021,Midlands,NewAdmissions,119
19/07/2021,London,NewAdmissions,117
19/07/2021,East of England,NewAdmissions,47
19/07/2021,North East and Yorkshire,NewAdmissions,197
19/07/2021,South West,NewAdmissions,57
20/07/2021,East of England,NewAdmissions,56
20/07/2021,North East and Yorkshire,NewAdmissions,205
20/07/2021,South West,NewAdmissions,68
20/07/2021,North West,NewAdmissions,134
20/07/2021,South East,NewAdmissions,80
20/07/2021,Midlands,NewAdmissions,140
20/07/2021,London,NewAdmissions,122
21/07/2021,Midlands,NewAdmissions,146
21/07/2021,London,NewAdmissions,126
21/07/2021,East of England,NewAdmissions,33
21/07/2021,North East and Yorkshire,NewAdmissions,215
21/07/2021,South West,NewAdmissions,63
21/07/2021,North West,NewAdmissions,124
21/07/2021,South East,NewAdmissions,76
22/07/2021,North West,NewAdmissions,126
22/07/2021,South East,NewAdmissions,86
22/07/2021,London,NewAdmissions,141
22/07/2021,Midlands,NewAdmissions,144
22/07/2021,South West,NewAdmissions,78
22/07/2021,North East and Yorkshire,NewAdmissions,205
22/07/2021,East of England,NewAdmissions,47
23/07/2021,South West,NewAdmissions,58
23/07/2021,North East and Yorkshire,NewAdmissions,188
23/07/2021,East of England,NewAdmissions,48
23/07/2021,South East,NewAdmissions,61
23/07/2021,North West,NewAdmissions,130
23/07/2021,London,NewAdmissions,104
23/07/2021,Midlands,NewAdmissions,136
24/07/2021,Midlands,NewAdmissions,122
24/07/2021,London,NewAdmissions,134
24/07/2021,East of England,NewAdmissions,69
24/07/2021,North East and Yorkshire,NewAdmissions,161
24/07/2021,South West,NewAdmissions,50
24/07/2021,North West,NewAdmissions,131
24/07/2021,South East,NewAdmissions,67
25/07/2021,South East,NewAdmissions,79
25/07/2021,North West,NewAdmissions,123
25/07/2021,London,NewAdmissions,130
25/07/2021,Midlands,NewAdmissions,133
25/07/2021,North East and Yorkshire,NewAdmissions,220
25/07/2021,South West,NewAdmissions,83
25/07/2021,East of England,NewAdmissions,68
26/07/2021,East of England,NewAdmissions,61
26/07/2021,North East and Yorkshire,NewAdmissions,178
26/07/2021,South West,NewAdmissions,79
26/07/2021,North West,NewAdmissions,116
26/07/2021,South East,NewAdmissions,83
26/07/2021,Midlands,NewAdmissions,151
26/07/2021,London,NewAdmissions,162
27/07/2021,London,NewAdmissions,132
27/07/2021,Midlands,NewAdmissions,126
27/07/2021,East of England,NewAdmissions,50
27/07/2021,North East and Yorkshire,NewAdmissions,212
27/07/2021,South West,NewAdmissions,79
27/07/2021,North West,NewAdmissions,118
27/07/2021,South East,NewAdmissions,99
28/07/2021,North West,NewAdmissions,137
28/07/2021,South East,NewAdmissions,81
28/07/2021,London,NewAdmissions,106
28/07/2021,Midlands,NewAdmissions,131
28/07/2021,North East and Yorkshire,NewAdmissions,170
28/07/2021,South West,NewAdmissions,60
28/07/2021,East of England,NewAdmissions,43
29/07/2021,East of England,NewAdmissions,55
29/07/2021,South West,NewAdmissions,64
29/07/2021,North East and Yorkshire,NewAdmissions,154
29/07/2021,South East,NewAdmissions,87
29/07/2021,North West,NewAdmissions,135
29/07/2021,Midlands,NewAdmissions,134
29/07/2021,London,NewAdmissions,129
30/07/2021,London,NewAdmissions,126
30/07/2021,Midlands,NewAdmissions,111
30/07/2021,South West,NewAdmissions,54
30/07/2021,East of England,NewAdmissions,43
30/07/2021,North East and Yorkshire,NewAdmissions,125
30/07/2021,South East,NewAdmissions,74
30/07/2021,North West,NewAdmissions,117
31/07/2021,North West,NewAdmissions,88
31/07/2021,South East,NewAdmissions,50
31/07/2021,London,NewAdmissions,124
31/07/2021,Midlands,NewAdmissions,119
31/07/2021,North East and Yorkshire,NewAdmissions,149
31/07/2021,South West,NewAdmissions,34
31/07/2021,East of England,NewAdmissions,29
01/08/2021,South West,NewAdmissions,64
01/08/2021,North East and Yorkshire,NewAdmissions,132
01/08/2021,East of England,NewAdmissions,40
01/08/2021,South East,NewAdmissions,59
01/08/2021,North West,NewAdmissions,110
01/08/2021,Midlands,NewAdmissions,117
01/08/2021,London,NewAdmissions,123
02/08/2021,London,NewAdmissions,99
02/08/2021,Midlands,NewAdmissions,125
02/08/2021,North East and Yorkshire,NewAdmissions,144
02/08/2021,East of England,NewAdmissions,51
02/08/2021,South West,NewAdmissions,70
02/08/2021,North West,NewAdmissions,116
02/08/2021,South East,NewAdmissions,81
03/08/2021,North West,NewAdmissions,92
03/08/2021,South East,NewAdmissions,87
03/08/2021,Midlands,NewAdmissions,123
03/08/2021,London,NewAdmissions,120
03/08/2021,East of England,NewAdmissions,37
03/08/2021,South West,NewAdmissions,43
03/08/2021,North East and Yorkshire,NewAdmissions,178
04/08/2021,South West,NewAdmissions,82
04/08/2021,East of England,NewAdmissions,51
04/08/2021,North East and Yorkshire,NewAdmissions,168
04/08/2021,South East,NewAdmissions,74
04/08/2021,North West,NewAdmissions,116
04/08/2021,London,NewAdmissions,113
04/08/2021,Midlands,NewAdmissions,143
05/08/2021,Midlands,NewAdmissions,123
05/08/2021,London,NewAdmissions,131
05/08/2021,South West,NewAdmissions,58
05/08/2021,East of England,NewAdmissions,62
05/08/2021,North East and Yorkshire,NewAdmissions,156
05/08/2021,South East,NewAdmissions,54
05/08/2021,North West,NewAdmissions,109
06/08/2021,South East,NewAdmissions,58
06/08/2021,North West,NewAdmissions,104
06/08/2021,London,NewAdmissions,114
06/08/2021,Midlands,NewAdmissions,131
06/08/2021,South West,NewAdmissions,66
06/08/2021,North East and Yorkshire,NewAdmissions,134
06/08/2021,East of England,NewAdmissions,50
07/08/2021,East of England,NewAdmissions,49
07/08/2021,North East and Yorkshire,NewAdmissions,156
07/08/2021,South West,NewAdmissions,52
07/08/2021,South East,NewAdmissions,44
07/08/2021,North West,NewAdmissions,110
07/08/2021,Midlands,NewAdmissions,117
07/08/2021,London,NewAdmissions,102
08/08/2021,Midlands,NewAdmissions,112
08/08/2021,London,NewAdmissions,112
08/08/2021,East of England,NewAdmissions,64
08/08/2021,North East and Yorkshire,NewAdmissions,144
08/08/2021,South West,NewAdmissions,46
08/08/2021,North West,NewAdmissions,105
08/08/2021,South East,NewAdmissions,68
09/08/2021,North West,NewAdmissions,108
09/08/2021,South East,NewAdmissions,71
09/08/2021,London,NewAdmissions,92
09/08/2021,Midlands,NewAdmissions,130
09/08/2021,South West,NewAdmissions,59
09/08/2021,North East and Yorkshire,NewAdmissions,153
09/08/2021,East of England,NewAdmissions,52
10/08/2021,East of England,NewAdmissions,58
10/08/2021,North East and Yorkshire,NewAdmissions,191
10/08/2021,South West,NewAdmissions,65
10/08/2021,North West,NewAdmissions,131
10/08/2021,South East,NewAdmissions,74
10/08/2021,Midlands,NewAdmissions,142
10/08/2021,London,NewAdmissions,99
11/08/2021,Midlands,NewAdmissions,166
11/08/2021,London,NewAdmissions,121
11/08/2021,East of England,NewAdmissions,63
11/08/2021,North East and Yorkshire,NewAdmissions,168
11/08/2021,South West,NewAdmissions,58
11/08/2021,North West,NewAdmissions,98
11/08/2021,South East,NewAdmissions,73
12/08/2021,North West,NewAdmissions,113
12/08/2021,South East,NewAdmissions,79
12/08/2021,London,NewAdmissions,134
12/08/2021,Midlands,NewAdmissions,152
12/08/2021,North East and Yorkshire,NewAdmissions,139
12/08/2021,South West,NewAdmissions,77
12/08/2021,East of England,NewAdmissions,64
13/08/2021,North East and Yorkshire,NewAdmissions,124
13/08/2021,East of England,NewAdmissions,67
13/08/2021,South West,NewAdmissions,71
13/08/2021,South East,NewAdmissions,59
13/08/2021,North West,NewAdmissions,112
13/08/2021,Midlands,NewAdmissions,143
13/08/2021,London,NewAdmissions,118
14/08/2021,Midlands,NewAdmissions,124
14/08/2021,London,NewAdmissions,129
14/08/2021,South West,NewAdmissions,66
14/08/2021,North East and Yorkshire,NewAdmissions,151
14/08/2021,East of England,NewAdmissions,49
14/08/2021,South East,NewAdmissions,68
14/08/2021,North West,NewAdmissions,102
15/08/2021,South East,NewAdmissions,88
15/08/2021,North West,NewAdmissions,119
15/08/2021,London,NewAdmissions,89
15/08/2021,Midlands,NewAdmissions,144
15/08/2021,South West,NewAdmissions,55
15/08/2021,North East and Yorkshire,NewAdmissions,158
15/08/2021,East of England,NewAdmissions,66
16/08/2021,South West,NewAdmissions,70
16/08/2021,East of England,NewAdmissions,63
16/08/2021,North East and Yorkshire,NewAdmissions,144
16/08/2021,South East,NewAdmissions,86
16/08/2021,North West,NewAdmissions,122
16/08/2021,Midlands,NewAdmissions,165
16/08/2021,London,NewAdmissions,126
17/08/2021,Midlands,NewAdmissions,166
17/08/2021,London,NewAdmissions,111
17/08/2021,North East and Yorkshire,NewAdmissions,166
17/08/2021,South West,NewAdmissions,80
17/08/2021,East of England,NewAdmissions,69
17/08/2021,South East,NewAdmissions,115
17/08/2021,North West,NewAdmissions,125
18/08/2021,North West,NewAdmissions,120
18/08/2021,South East,NewAdmissions,92
18/08/2021,London,NewAdmissions,146
18/08/2021,Midlands,NewAdmissions,165
18/08/2021,East of England,NewAdmissions,78
18/08/2021,South West,NewAdmissions,56
18/08/2021,North East and Yorkshire,NewAdmissions,138
19/08/2021,North East and Yorkshire,NewAdmissions,176
19/08/2021,East of England,NewAdmissions,66
19/08/2021,South West,NewAdmissions,66
19/08/2021,North West,NewAdmissions,121
19/08/2021,South East,NewAdmissions,93
19/08/2021,London,NewAdmissions,140
19/08/2021,Midlands,NewAdmissions,162
20/08/2021,Midlands,NewAdmissions,145
20/08/2021,London,NewAdmissions,120
20/08/2021,East of England,NewAdmissions,65
20/08/2021,South West,NewAdmissions,69
20/08/2021,North East and Yorkshire,NewAdmissions,159
20/08/2021,South East,NewAdmissions,71
20/08/2021,North West,NewAdmissions,104
21/08/2021,North West,NewAdmissions,112
21/08/2021,South East,NewAdmissions,95
21/08/2021,London,NewAdmissions,124
21/08/2021,Midlands,NewAdmissions,127
21/08/2021,North East and Yorkshire,NewAdmissions,155
21/08/2021,South West,NewAdmissions,73
21/08/2021,East of England,NewAdmissions,71
22/08/2021,North East and Yorkshire,NewAdmissions,146
22/08/2021,East of England,NewAdmissions,53
22/08/2021,South West,NewAdmissions,50
22/08/2021,North West,NewAdmissions,125
22/08/2021,South East,NewAdmissions,83
22/08/2021,London,NewAdmissions,134
22/08/2021,Midlands,NewAdmissions,135
23/08/2021,Midlands,NewAdmissions,161
23/08/2021,London,NewAdmissions,147
23/08/2021,East of England,NewAdmissions,70
23/08/2021,North East and Yorkshire,NewAdmissions,170
23/08/2021,South West,NewAdmissions,83
23/08/2021,North West,NewAdmissions,107
23/08/2021,South East,NewAdmissions,93
24/08/2021,North West,NewAdmissions,122
24/08/2021,South West,NewAdmissions,70
24/08/2021,South East,NewAdmissions,86
24/08/2021,Midlands,NewAdmissions,157
24/08/2021,London,NewAdmissions,165
24/08/2021,North East and Yorkshire,NewAdmissions,149
24/08/2021,East of England,NewAdmissions,69
25/08/2021,North East and Yorkshire,NewAdmissions,158
25/08/2021,South East,NewAdmissions,86
25/08/2021,South West,NewAdmissions,92
25/08/2021,North West,NewAdmissions,113
25/08/2021,East of England,NewAdmissions,66
25/08/2021,London,NewAdmissions,139
25/08/2021,Midlands,NewAdmissions,189
26/08/2021,London,NewAdmissions,115
26/08/2021,Midlands,NewAdmissions,148
26/08/2021,North East and Yorkshire,NewAdmissions,159
26/08/2021,South East,NewAdmissions,87
26/08/2021,East of England,NewAdmissions,88
26/08/2021,North West,NewAdmissions,83
26/08/2021,South West,NewAdmissions,97
27/08/2021,South East,NewAdmissions,81
27/08/2021,South West,NewAdmissions,71
27/08/2021,North West,NewAdmissions,119
27/08/2021,East of England,NewAdmissions,71
27/08/2021,Midlands,NewAdmissions,156
27/08/2021,London,NewAdmissions,112
27/08/2021,North East and Yorkshire,NewAdmissions,139
28/08/2021,North East and Yorkshire,NewAdmissions,134
28/08/2021,South East,NewAdmissions,74
28/08/2021,East of England,NewAdmissions,54
28/08/2021,South West,NewAdmissions,76
28/08/2021,North West,NewAdmissions,101
28/08/2021,Midlands,NewAdmissions,133
28/08/2021,London,NewAdmissions,116
29/08/2021,Midlands,NewAdmissions,145
29/08/2021,London,NewAdmissions,118
29/08/2021,North East and Yorkshire,NewAdmissions,126
29/08/2021,South East,NewAdmissions,84
29/08/2021,North West,NewAdmissions,90
29/08/2021,East of England,NewAdmissions,69
29/08/2021,South West,NewAdmissions,69
30/08/2021,East of England,NewAdmissions,77
30/08/2021,South West,NewAdmissions,71
30/08/2021,North West,NewAdmissions,115
30/08/2021,South East,NewAdmissions,91
30/08/2021,London,NewAdmissions,146
30/08/2021,Midlands,NewAdmissions,156
30/08/2021,North East and Yorkshire,NewAdmissions,152
31/08/2021,North East and Yorkshire,NewAdmissions,159
31/08/2021,South West,NewAdmissions,71
31/08/2021,South East,NewAdmissions,98
31/08/2021,East of England,NewAdmissions,65
31/08/2021,North West,NewAdmissions,121
31/08/2021,London,NewAdmissions,141
31/08/2021,Midlands,NewAdmissions,143
01/09/2021,London,NewAdmissions,124
01/09/2021,Midlands,NewAdmissions,152
01/09/2021,North East and Yorkshire,NewAdmissions,160
01/09/2021,South West,NewAdmissions,84
01/09/2021,North West,NewAdmissions,116
01/09/2021,East of England,NewAdmissions,80
01/09/2021,South East,NewAdmissions,119
02/09/2021,North West,NewAdmissions,128
02/09/2021,East of England,NewAdmissions,73
02/09/2021,South East,NewAdmissions,105
02/09/2021,South West,NewAdmissions,97
02/09/2021,London,NewAdmissions,122
02/09/2021,Midlands,NewAdmissions,123
02/09/2021,North East and Yorkshire,NewAdmissions,140
03/09/2021,North East and Yorkshire,NewAdmissions,156
03/09/2021,South West,NewAdmissions,82
03/09/2021,South East,NewAdmissions,53
03/09/2021,North West,NewAdmissions,109
03/09/2021,East of England,NewAdmissions,36
03/09/2021,Midlands,NewAdmissions,150
03/09/2021,London,NewAdmissions,102
04/09/2021,Midlands,NewAdmissions,148
04/09/2021,London,NewAdmissions,88
04/09/2021,North East and Yorkshire,NewAdmissions,192
04/09/2021,North West,NewAdmissions,99
04/09/2021,South East,NewAdmissions,74
04/09/2021,East of England,NewAdmissions,68
04/09/2021,South West,NewAdmissions,83
05/09/2021,North West,NewAdmissions,109
05/09/2021,East of England,NewAdmissions,62
05/09/2021,South West,NewAdmissions,62
05/09/2021,South East,NewAdmissions,76
05/09/2021,Midlands,NewAdmissions,124
05/09/2021,London,NewAdmissions,100
05/09/2021,North East and Yorkshire,NewAdmissions,158
06/09/2021,North East and Yorkshire,NewAdmissions,157
06/09/2021,North West,NewAdmissions,119
06/09/2021,East of England,NewAdmissions,87
06/09/2021,South West,NewAdmissions,89
06/09/2021,South East,NewAdmissions,90
06/09/2021,Midlands,NewAdmissions,147
06/09/2021,London,NewAdmissions,142
07/09/2021,London,NewAdmissions,123
07/09/2021,Midlands,NewAdmissions,153
07/09/2021,North East and Yorkshire,NewAdmissions,163
07/09/2021,North West,NewAdmissions,108
07/09/2021,South East,NewAdmissions,108
07/09/2021,East of England,NewAdmissions,66
07/09/2021,South West,NewAdmissions,80
08/09/2021,East of England,NewAdmissions,51
08/09/2021,South West,NewAdmissions,88
08/09/2021,South East,NewAdmissions,91
08/09/2021,North West,NewAdmissions,157
08/09/2021,Midlands,NewAdmissions,224
08/09/2021,London,NewAdmissions,133
08/09/2021,North East and Yorkshire,NewAdmissions,156
09/09/2021,North East and Yorkshire,NewAdmissions,150
09/09/2021,North West,NewAdmissions,147
09/09/2021,South West,NewAdmissions,82
09/09/2021,East of England,NewAdmissions,68
09/09/2021,South East,NewAdmissions,82
09/09/2021,London,NewAdmissions,114
09/09/2021,Midlands,NewAdmissions,147
10/09/2021,London,NewAdmissions,101
10/09/2021,Midlands,NewAdmissions,133
10/09/2021,North East and Yorkshire,NewAdmissions,147
10/09/2021,North West,NewAdmissions,105
10/09/2021,South West,NewAdmissions,75
10/09/2021,South East,NewAdmissions,65
10/09/2021,East of England,NewAdmissions,54
11/09/2021,East of England,NewAdmissions,50
11/09/2021,South West,NewAdmissions,59
11/09/2021,South East,NewAdmissions,66
11/09/2021,North West,NewAdmissions,94
11/09/2021,London,NewAdmissions,109
11/09/2021,Midlands,NewAdmissions,123
11/09/2021,North East and Yorkshire,NewAdmissions,148
12/09/2021,North East and Yorkshire,NewAdmissions,140
12/09/2021,North West,NewAdmissions,91
12/09/2021,South West,NewAdmissions,60
12/09/2021,South East,NewAdmissions,70
12/09/2021,East of England,NewAdmissions,73
12/09/2021,Midlands,NewAdmissions,133
12/09/2021,London,NewAdmissions,91
13/09/2021,Midlands,NewAdmissions,133
13/09/2021,London,NewAdmissions,98
13/09/2021,North East and Yorkshire,NewAdmissions,162
13/09/2021,East of England,NewAdmissions,53
13/09/2021,North West,NewAdmissions,92
13/09/2021,South East,NewAdmissions,77
13/09/2021,South West,NewAdmissions,73
14/09/2021,South East,NewAdmissions,74
14/09/2021,North West,NewAdmissions,109
14/09/2021,South West,NewAdmissions,72
14/09/2021,East of England,NewAdmissions,76
14/09/2021,London,NewAdmissions,90
14/09/2021,Midlands,NewAdmissions,128
14/09/2021,North East and Yorkshire,NewAdmissions,152
15/09/2021,North East and Yorkshire,NewAdmissions,147
15/09/2021,South West,NewAdmissions,78
15/09/2021,South East,NewAdmissions,83
15/09/2021,East of England,NewAdmissions,48
15/09/2021,North West,NewAdmissions,136
15/09/2021,London,NewAdmissions,89
15/09/2021,Midlands,NewAdmissions,110
16/09/2021,London,NewAdmissions,103
16/09/2021,Midlands,NewAdmissions,138
16/09/2021,North East and Yorkshire,NewAdmissions,142
16/09/2021,South East,NewAdmissions,63
16/09/2021,South West,NewAdmissions,69
16/09/2021,East of England,NewAdmissions,61
16/09/2021,North West,NewAdmissions,96
17/09/2021,South West,NewAdmissions,69
17/09/2021,South East,NewAdmissions,40
17/09/2021,North West,NewAdmissions,82
17/09/2021,East of England,NewAdmissions,41
17/09/2021,London,NewAdmissions,76
17/09/2021,Midlands,NewAdmissions,112
17/09/2021,North East and Yorkshire,NewAdmissions,120
18/09/2021,North East and Yorkshire,NewAdmissions,132
18/09/2021,South West,NewAdmissions,49
18/09/2021,North West,NewAdmissions,91
18/09/2021,South East,NewAdmissions,52
18/09/2021,East of England,NewAdmissions,56
18/09/2021,London,NewAdmissions,78
18/09/2021,Midlands,NewAdmissions,102
19/09/2021,Midlands,NewAdmissions,123
19/09/2021,London,NewAdmissions,70
19/09/2021,North East and Yorkshire,NewAdmissions,146
19/09/2021,South East,NewAdmissions,40
19/09/2021,South West,NewAdmissions,49
19/09/2021,North West,NewAdmissions,95
19/09/2021,East of England,NewAdmissions,49
20/09/2021,South West,NewAdmissions,61
20/09/2021,South East,NewAdmissions,49
20/09/2021,East of England,NewAdmissions,53
20/09/2021,North West,NewAdmissions,93
20/09/2021,London,NewAdmissions,97
20/09/2021,Midlands,NewAdmissions,114
20/09/2021,North East and Yorkshire,NewAdmissions,139
21/09/2021,North East and Yorkshire,NewAdmissions,123
21/09/2021,East of England,NewAdmissions,42
21/09/2021,North West,NewAdmissions,112
21/09/2021,South East,NewAdmissions,64
21/09/2021,South West,NewAdmissions,52
21/09/2021,Midlands,NewAdmissions,123
21/09/2021,London,NewAdmissions,86
22/09/2021,Midlands,NewAdmissions,110
22/09/2021,London,NewAdmissions,80
22/09/2021,North East and Yorkshire,NewAdmissions,126
22/09/2021,East of England,NewAdmissions,41
22/09/2021,South West,NewAdmissions,67
22/09/2021,South East,NewAdmissions,65
22/09/2021,North West,NewAdmissions,83
23/09/2021,South West,NewAdmissions,58
23/09/2021,East of England,NewAdmissions,42
23/09/2021,South East,NewAdmissions,57
23/09/2021,North West,NewAdmissions,83
23/09/2021,London,NewAdmissions,88
23/09/2021,Midlands,NewAdmissions,124
23/09/2021,North East and Yorkshire,NewAdmissions,125
24/09/2021,North East and Yorkshire,NewAdmissions,137
24/09/2021,South West,NewAdmissions,56
24/09/2021,East of England,NewAdmissions,46
24/09/2021,North West,NewAdmissions,97
24/09/2021,South East,NewAdmissions,33
24/09/2021,London,NewAdmissions,87
24/09/2021,Midlands,NewAdmissions,101
25/09/2021,London,NewAdmissions,81
25/09/2021,Midlands,NewAdmissions,86
25/09/2021,North East and Yorkshire,NewAdmissions,130
25/09/2021,North West,NewAdmissions,94
25/09/2021,South West,NewAdmissions,58
25/09/2021,East of England,NewAdmissions,38
25/09/2021,South East,NewAdmissions,33
26/09/2021,East of England,NewAdmissions,32
26/09/2021,South West,NewAdmissions,59
26/09/2021,North West,NewAdmissions,75
26/09/2021,South East,NewAdmissions,64
26/09/2021,Midlands,NewAdmissions,104
26/09/2021,London,NewAdmissions,72
26/09/2021,North East and Yorkshire,NewAdmissions,129
27/09/2021,North East and Yorkshire,NewAdmissions,126
27/09/2021,South East,NewAdmissions,55
27/09/2021,East of England,NewAdmissions,58
27/09/2021,North West,NewAdmissions,90
27/09/2021,South West,NewAdmissions,75
27/09/2021,London,NewAdmissions,86
27/09/2021,Midlands,NewAdmissions,127
28/09/2021,Midlands,NewAdmissions,113
28/09/2021,London,NewAdmissions,73
28/09/2021,North East and Yorkshire,NewAdmissions,150
28/09/2021,South West,NewAdmissions,62
28/09/2021,North West,NewAdmissions,94
28/09/2021,East of England,NewAdmissions,34
28/09/2021,South East,NewAdmissions,70
29/09/2021,East of England,NewAdmissions,54
29/09/2021,South East,NewAdmissions,55
29/09/2021,South West,NewAdmissions,62
29/09/2021,North West,NewAdmissions,101
29/09/2021,Midlands,NewAdmissions,129
29/09/2021,London,NewAdmissions,81
29/09/2021,North East and Yorkshire,NewAdmissions,143
30/09/2021,North East and Yorkshire,NewAdmissions,125
30/09/2021,East of England,NewAdmissions,39
30/09/2021,South West,NewAdmissions,64
30/09/2021,South East,NewAdmissions,43
30/09/2021,North West,NewAdmissions,99
30/09/2021,London,NewAdmissions,66
30/09/2021,Midlands,NewAdmissions,116
01/10/2021,Midlands,NewAdmissions,121
01/10/2021,London,NewAdmissions,70
01/10/2021,North East and Yorkshire,NewAdmissions,97
01/10/2021,South West,NewAdmissions,64
01/10/2021,North West,NewAdmissions,87
01/10/2021,South East,NewAdmissions,44
01/10/2021,East of England,NewAdmissions,37
02/10/2021,South East,NewAdmissions,47
02/10/2021,North West,NewAdmissions,99
02/10/2021,East of England,NewAdmissions,37
02/10/2021,South West,NewAdmissions,55
02/10/2021,Midlands,NewAdmissions,99
02/10/2021,London,NewAdmissions,82
02/10/2021,North East and Yorkshire,NewAdmissions,130
03/10/2021,North East and Yorkshire,NewAdmissions,141
03/10/2021,South East,NewAdmissions,57
03/10/2021,East of England,NewAdmissions,36
03/10/2021,North West,NewAdmissions,97
03/10/2021,South West,NewAdmissions,59
03/10/2021,London,NewAdmissions,57
03/10/2021,Midlands,NewAdmissions,130
04/10/2021,Midlands,NewAdmissions,127
04/10/2021,London,NewAdmissions,87
04/10/2021,North East and Yorkshire,NewAdmissions,129
04/10/2021,North West,NewAdmissions,93
04/10/2021,South West,NewAdmissions,79
04/10/2021,East of England,NewAdmissions,49
04/10/2021,South East,NewAdmissions,63
05/10/2021,South East,NewAdmissions,52
05/10/2021,North West,NewAdmissions,88
05/10/2021,South West,NewAdmissions,92
05/10/2021,East of England,NewAdmissions,58
05/10/2021,Midlands,NewAdmissions,128
05/10/2021,London,NewAdmissions,74
05/10/2021,North East and Yorkshire,NewAdmissions,166
06/10/2021,North East and Yorkshire,NewAdmissions,141
06/10/2021,South East,NewAdmissions,77
06/10/2021,East of England,NewAdmissions,49
06/10/2021,North West,NewAdmissions,93
06/10/2021,South West,NewAdmissions,77
06/10/2021,Midlands,NewAdmissions,119
06/10/2021,London,NewAdmissions,76
07/10/2021,London,NewAdmissions,84
07/10/2021,Midlands,NewAdmissions,135
07/10/2021,North East and Yorkshire,NewAdmissions,133
07/10/2021,South East,NewAdmissions,56
07/10/2021,North West,NewAdmissions,87
07/10/2021,East of England,NewAdmissions,45
07/10/2021,South West,NewAdmissions,94
08/10/2021,South East,NewAdmissions,44
08/10/2021,South West,NewAdmissions,83
08/10/2021,East of England,NewAdmissions,65
08/10/2021,North West,NewAdmissions,77
08/10/2021,London,NewAdmissions,78
08/10/2021,Midlands,NewAdmissions,128
08/10/2021,North East and Yorkshire,NewAdmissions,144
09/10/2021,North East and Yorkshire,NewAdmissions,146
09/10/2021,North West,NewAdmissions,83
09/10/2021,South West,NewAdmissions,71
09/10/2021,South East,NewAdmissions,50
09/10/2021,East of England,NewAdmissions,64
09/10/2021,London,NewAdmissions,67
09/10/2021,Midlands,NewAdmissions,132
10/10/2021,Midlands,NewAdmissions,116
10/10/2021,London,NewAdmissions,58
10/10/2021,North East and Yorkshire,NewAdmissions,130
10/10/2021,South East,NewAdmissions,74
10/10/2021,East of England,NewAdmissions,72
10/10/2021,South West,NewAdmissions,71
10/10/2021,North West,NewAdmissions,85
11/10/2021,South East,NewAdmissions,77
11/10/2021,North West,NewAdmissions,102
11/10/2021,East of England,NewAdmissions,71
11/10/2021,South West,NewAdmissions,75
11/10/2021,Midlands,NewAdmissions,154
11/10/2021,London,NewAdmissions,75
11/10/2021,North East and Yorkshire,NewAdmissions,131
12/10/2021,North East and Yorkshire,NewAdmissions,166
12/10/2021,North West,NewAdmissions,116
12/10/2021,South West,NewAdmissions,89
12/10/2021,South East,NewAdmissions,94
12/10/2021,East of England,NewAdmissions,53
12/10/2021,London,NewAdmissions,93
12/10/2021,Midlands,NewAdmissions,149
13/10/2021,London,NewAdmissions,97
13/10/2021,Midlands,NewAdmissions,138
13/10/2021,North East and Yorkshire,NewAdmissions,175
13/10/2021,South East,NewAdmissions,81
13/10/2021,North West,NewAdmissions,106
13/10/2021,East of England,NewAdmissions,58
13/10/2021,South West,NewAdmissions,97
14/10/2021,South East,NewAdmissions,75
14/10/2021,East of England,NewAdmissions,68
14/10/2021,North West,NewAdmissions,109
14/10/2021,South West,NewAdmissions,71
14/10/2021,Midlands,NewAdmissions,142
14/10/2021,London,NewAdmissions,105
14/10/2021,North East and Yorkshire,NewAdmissions,160
15/10/2021,North East and Yorkshire,NewAdmissions,143
15/10/2021,North West,NewAdmissions,132
15/10/2021,South East,NewAdmissions,89
15/10/2021,South West,NewAdmissions,68
15/10/2021,East of England,NewAdmissions,58
15/10/2021,London,NewAdmissions,99
15/10/2021,Midlands,NewAdmissions,163
16/10/2021,Midlands,NewAdmissions,159
16/10/2021,London,NewAdmissions,100
16/10/2021,North East and Yorkshire,NewAdmissions,151
16/10/2021,North West,NewAdmissions,90
16/10/2021,South West,NewAdmissions,78
16/10/2021,South East,NewAdmissions,81
16/10/2021,East of England,NewAdmissions,84
17/10/2021,North West,NewAdmissions,126
17/10/2021,East of England,NewAdmissions,95
17/10/2021,South West,NewAdmissions,105
17/10/2021,South East,NewAdmissions,98
17/10/2021,London,NewAdmissions,106
17/10/2021,Midlands,NewAdmissions,137
17/10/2021,North East and Yorkshire,NewAdmissions,161
18/10/2021,North East and Yorkshire,NewAdmissions,223
18/10/2021,South West,NewAdmissions,118
18/10/2021,North West,NewAdmissions,132
18/10/2021,South East,NewAdmissions,102
18/10/2021,East of England,NewAdmissions,79
18/10/2021,London,NewAdmissions,94
18/10/2021,Midlands,NewAdmissions,148
19/10/2021,London,NewAdmissions,105
19/10/2021,Midlands,NewAdmissions,188
19/10/2021,North East and Yorkshire,NewAdmissions,166
19/10/2021,South West,NewAdmissions,100
19/10/2021,South East,NewAdmissions,123
19/10/2021,East of England,NewAdmissions,91
19/10/2021,North West,NewAdmissions,121
20/10/2021,East of England,NewAdmissions,83
20/10/2021,South East,NewAdmissions,100
20/10/2021,North West,NewAdmissions,158
20/10/2021,South West,NewAdmissions,97
20/10/2021,Midlands,NewAdmissions,170
20/10/2021,London,NewAdmissions,101
20/10/2021,North East and Yorkshire,NewAdmissions,194
21/10/2021,North East and Yorkshire,NewAdmissions,180
21/10/2021,South West,NewAdmissions,98
21/10/2021,North West,NewAdmissions,121
21/10/2021,South East,NewAdmissions,83
21/10/2021,East of England,NewAdmissions,73
21/10/2021,Midlands,NewAdmissions,173
21/10/2021,London,NewAdmissions,71
22/10/2021,Midlands,NewAdmissions,149
22/10/2021,London,NewAdmissions,109
22/10/2021,North East and Yorkshire,NewAdmissions,137
22/10/2021,East of England,NewAdmissions,69
22/10/2021,South West,NewAdmissions,65
22/10/2021,North West,NewAdmissions,149
22/10/2021,South East,NewAdmissions,82
23/10/2021,South East,NewAdmissions,87
23/10/2021,South West,NewAdmissions,96
23/10/2021,North West,NewAdmissions,100
23/10/2021,East of England,NewAdmissions,97
23/10/2021,Midlands,NewAdmissions,129
23/10/2021,London,NewAdmissions,93
23/10/2021,North East and Yorkshire,NewAdmissions,154
24/10/2021,North East and Yorkshire,NewAdmissions,173
24/10/2021,South West,NewAdmissions,93
24/10/2021,North West,NewAdmissions,119
24/10/2021,South East,NewAdmissions,119
24/10/2021,East of England,NewAdmissions,98
24/10/2021,London,NewAdmissions,96
24/10/2021,Midlands,NewAdmissions,131
25/10/2021,Midlands,NewAdmissions,140
25/10/2021,London,NewAdmissions,98
25/10/2021,North East and Yorkshire,NewAdmissions,164
25/10/2021,South West,NewAdmissions,133
25/10/2021,North West,NewAdmissions,139
25/10/2021,East of England,NewAdmissions,75
25/10/2021,South East,NewAdmissions,116
26/10/2021,South West,NewAdmissions,118
26/10/2021,East of England,NewAdmissions,96
26/10/2021,North West,NewAdmissions,134
26/10/2021,South East,NewAdmissions,94
26/10/2021,London,NewAdmissions,107
26/10/2021,Midlands,NewAdmissions,165
26/10/2021,North East and Yorkshire,NewAdmissions,197
27/10/2021,North East and Yorkshire,NewAdmissions,226
27/10/2021,South East,NewAdmissions,124
27/10/2021,East of England,NewAdmissions,102
27/10/2021,North West,NewAdmissions,131
27/10/2021,South West,NewAdmissions,101
27/10/2021,Midlands,NewAdmissions,173
27/10/2021,London,NewAdmissions,98
28/10/2021,London,NewAdmissions,88
28/10/2021,Midlands,NewAdmissions,173
28/10/2021,North East and Yorkshire,NewAdmissions,179
28/10/2021,East of England,NewAdmissions,117
28/10/2021,North West,NewAdmissions,119
28/10/2021,South West,NewAdmissions,96
28/10/2021,South East,NewAdmissions,116
29/10/2021,South East,NewAdmissions,92
29/10/2021,North West,NewAdmissions,144
29/10/2021,South West,NewAdmissions,102
29/10/2021,East of England,NewAdmissions,95
29/10/2021,Midlands,NewAdmissions,143
29/10/2021,London,NewAdmissions,92
29/10/2021,North East and Yorkshire,NewAdmissions,172
30/10/2021,North East and Yorkshire,NewAdmissions,129
30/10/2021,East of England,NewAdmissions,85
30/10/2021,North West,NewAdmissions,122
30/10/2021,South East,NewAdmissions,91
30/10/2021,South West,NewAdmissions,95
30/10/2021,London,NewAdmissions,80
30/10/2021,Midlands,NewAdmissions,139
31/10/2021,Midlands,NewAdmissions,146
31/10/2021,London,NewAdmissions,103
31/10/2021,North East and Yorkshire,NewAdmissions,183
31/10/2021,South West,NewAdmissions,103
31/10/2021,South East,NewAdmissions,108
31/10/2021,East of England,NewAdmissions,88
31/10/2021,North West,NewAdmissions,129
01/11/2021,North West,NewAdmissions,131
01/11/2021,South East,NewAdmissions,98
01/11/2021,East of England,NewAdmissions,95
01/11/2021,South West,NewAdmissions,114
01/11/2021,London,NewAdmissions,108
01/11/2021,Midlands,NewAdmissions,187
01/11/2021,North East and Yorkshire,NewAdmissions,166
02/11/2021,North East and Yorkshire,NewAdmissions,167
02/11/2021,South West,NewAdmissions,89
02/11/2021,North West,NewAdmissions,130
02/11/2021,East of England,NewAdmissions,100
02/11/2021,South East,NewAdmissions,137
02/11/2021,Midlands,NewAdmissions,168
02/11/2021,London,NewAdmissions,100
03/11/2021,Midlands,NewAdmissions,177
03/11/2021,London,NewAdmissions,82
03/11/2021,North East and Yorkshire,NewAdmissions,135
03/11/2021,South West,NewAdmissions,92
03/11/2021,North West,NewAdmissions,121
03/11/2021,East of England,NewAdmissions,83
03/11/2021,South East,NewAdmissions,117
04/11/2021,South West,NewAdmissions,68
04/11/2021,East of England,NewAdmissions,82
04/11/2021,South East,NewAdmissions,95
04/11/2021,North West,NewAdmissions,121
04/11/2021,Midlands,NewAdmissions,148
04/11/2021,London,NewAdmissions,81
04/11/2021,North East and Yorkshire,NewAdmissions,122
05/11/2021,North East and Yorkshire,NewAdmissions,127
05/11/2021,East of England,NewAdmissions,67
05/11/2021,South West,NewAdmissions,84
05/11/2021,North West,NewAdmissions,113
05/11/2021,South East,NewAdmissions,83
05/11/2021,London,NewAdmissions,82
05/11/2021,Midlands,NewAdmissions,130
06/11/2021,Midlands,NewAdmissions,122
06/11/2021,London,NewAdmissions,89
06/11/2021,North East and Yorkshire,NewAdmissions,132
06/11/2021,South West,NewAdmissions,76
06/11/2021,East of England,NewAdmissions,69
06/11/2021,South East,NewAdmissions,92
06/11/2021,North West,NewAdmissions,108
07/11/2021,North West,NewAdmissions,102
07/11/2021,East of England,NewAdmissions,90
07/11/2021,South East,NewAdmissions,99
07/11/2021,South West,NewAdmissions,98
07/11/2021,Midlands,NewAdmissions,136
07/11/2021,London,NewAdmissions,90
07/11/2021,North East and Yorkshire,NewAdmissions,124
08/11/2021,North East and Yorkshire,NewAdmissions,155
08/11/2021,East of England,NewAdmissions,84
08/11/2021,South West,NewAdmissions,104
08/11/2021,North West,NewAdmissions,114
08/11/2021,South East,NewAdmissions,115
08/11/2021,Midlands,NewAdmissions,157
08/11/2021,London,NewAdmissions,121
09/11/2021,London,NewAdmissions,96
09/11/2021,Midlands,NewAdmissions,162
09/11/2021,North East and Yorkshire,NewAdmissions,152
09/11/2021,South East,NewAdmissions,109
09/11/2021,North West,NewAdmissions,114
09/11/2021,South West,NewAdmissions,96
09/11/2021,East of England,NewAdmissions,79
10/11/2021,South West,NewAdmissions,97
10/11/2021,North West,NewAdmissions,124
10/11/2021,South East,NewAdmissions,108
10/11/2021,East of England,NewAdmissions,88
10/11/2021,London,NewAdmissions,99
10/11/2021,Midlands,NewAdmissions,157
10/11/2021,North East and Yorkshire,NewAdmissions,148
11/11/2021,North East and Yorkshire,NewAdmissions,135
11/11/2021,North West,NewAdmissions,102
11/11/2021,South West,NewAdmissions,101
11/11/2021,East of England,NewAdmissions,82
11/11/2021,South East,NewAdmissions,123
11/11/2021,Midlands,NewAdmissions,148
11/11/2021,London,NewAdmissions,106
12/11/2021,London,NewAdmissions,90
12/11/2021,Midlands,NewAdmissions,135
12/11/2021,North East and Yorkshire,NewAdmissions,144
12/11/2021,North West,NewAdmissions,94
12/11/2021,East of England,NewAdmissions,64
12/11/2021,South East,NewAdmissions,116
12/11/2021,South West,NewAdmissions,86
13/11/2021,South West,NewAdmissions,58
13/11/2021,South East,NewAdmissions,82
13/11/2021,East of England,NewAdmissions,78
13/11/2021,North West,NewAdmissions,107
13/11/2021,London,NewAdmissions,83
13/11/2021,Midlands,NewAdmissions,123
13/11/2021,North East and Yorkshire,NewAdmissions,124
14/11/2021,North East and Yorkshire,NewAdmissions,125
14/11/2021,East of England,NewAdmissions,57
14/11/2021,South East,NewAdmissions,114
14/11/2021,North West,NewAdmissions,87
14/11/2021,South West,NewAdmissions,66
14/11/2021,London,NewAdmissions,105
14/11/2021,Midlands,NewAdmissions,124
15/11/2021,Midlands,NewAdmissions,128
15/11/2021,London,NewAdmissions,115
15/11/2021,North East and Yorkshire,NewAdmissions,117
15/11/2021,East of England,NewAdmissions,73
15/11/2021,South East,NewAdmissions,87
15/11/2021,North West,NewAdmissions,97
15/11/2021,South West,NewAdmissions,78
16/11/2021,South West,NewAdmissions,76
16/11/2021,North West,NewAdmissions,116
16/11/2021,South East,NewAdmissions,106
16/11/2021,East of England,NewAdmissions,56
16/11/2021,London,NewAdmissions,92
16/11/2021,Midlands,NewAdmissions,147
16/11/2021,North East and Yorkshire,NewAdmissions,120
17/11/2021,North East and Yorkshire,NewAdmissions,111
17/11/2021,North West,NewAdmissions,110
17/11/2021,South East,NewAdmissions,94
17/11/2021,South West,NewAdmissions,107
17/11/2021,East of England,NewAdmissions,76
17/11/2021,London,NewAdmissions,96
17/11/2021,Midlands,NewAdmissions,133
18/11/2021,London,NewAdmissions,104
18/11/2021,Midlands,NewAdmissions,156
18/11/2021,North East and Yorkshire,NewAdmissions,126
18/11/2021,North West,NewAdmissions,80
18/11/2021,East of England,NewAdmissions,61
18/11/2021,South East,NewAdmissions,103
18/11/2021,South West,NewAdmissions,67
19/11/2021,East of England,NewAdmissions,54
19/11/2021,North West,NewAdmissions,94
19/11/2021,South West,NewAdmissions,71
19/11/2021,South East,NewAdmissions,99
19/11/2021,London,NewAdmissions,76
19/11/2021,Midlands,NewAdmissions,132
19/11/2021,North East and Yorkshire,NewAdmissions,111
20/11/2021,North East and Yorkshire,NewAdmissions,116
20/11/2021,East of England,NewAdmissions,72
20/11/2021,South East,NewAdmissions,78
20/11/2021,North West,NewAdmissions,78
20/11/2021,South West,NewAdmissions,90
20/11/2021,Midlands,NewAdmissions,91
20/11/2021,London,NewAdmissions,86
21/11/2021,London,NewAdmissions,86
21/11/2021,Midlands,NewAdmissions,111
21/11/2021,North East and Yorkshire,NewAdmissions,127
21/11/2021,East of England,NewAdmissions,63
21/11/2021,North West,NewAdmissions,83
21/11/2021,South West,NewAdmissions,74
21/11/2021,South East,NewAdmissions,104
22/11/2021,North West,NewAdmissions,76
22/11/2021,East of England,NewAdmissions,52
22/11/2021,South East,NewAdmissions,98
22/11/2021,South West,NewAdmissions,91
22/11/2021,Midlands,NewAdmissions,123
22/11/2021,London,NewAdmissions,73
22/11/2021,North East and Yorkshire,NewAdmissions,89
23/11/2021,North East and Yorkshire,NewAdmissions,113
23/11/2021,South East,NewAdmissions,99
23/11/2021,North West,NewAdmissions,90
23/11/2021,East of England,NewAdmissions,53
23/11/2021,South West,NewAdmissions,81
23/11/2021,London,NewAdmissions,81
23/11/2021,Midlands,NewAdmissions,142
24/11/2021,London,NewAdmissions,108
24/11/2021,Midlands,NewAdmissions,127
24/11/2021,North East and Yorkshire,NewAdmissions,118
24/11/2021,East of England,NewAdmissions,98
24/11/2021,North West,NewAdmissions,88
24/11/2021,South East,NewAdmissions,115
24/11/2021,South West,NewAdmissions,98
25/11/2021,South West,NewAdmissions,90
25/11/2021,North West,NewAdmissions,88
25/11/2021,East of England,NewAdmissions,61
25/11/2021,South East,NewAdmissions,94
25/11/2021,Midlands,NewAdmissions,132
25/11/2021,London,NewAdmissions,90
25/11/2021,North East and Yorkshire,NewAdmissions,95
26/11/2021,North East and Yorkshire,NewAdmissions,83
26/11/2021,East of England,NewAdmissions,46
26/11/2021,South West,NewAdmissions,72
26/11/2021,South East,NewAdmissions,97
26/11/2021,North West,NewAdmissions,89
26/11/2021,London,NewAdmissions,106
26/11/2021,Midlands,NewAdmissions,127
27/11/2021,Midlands,NewAdmissions,116
27/11/2021,London,NewAdmissions,94
27/11/2021,North East and Yorkshire,NewAdmissions,98
27/11/2021,East of England,NewAdmissions,79
27/11/2021,North West,NewAdmissions,69
27/11/2021,South East,NewAdmissions,78
27/11/2021,South West,NewAdmissions,75
28/11/2021,East of England,NewAdmissions,58
28/11/2021,South East,NewAdmissions,103
28/11/2021,South West,NewAdmissions,58
28/11/2021,North West,NewAdmissions,72
28/11/2021,Midlands,NewAdmissions,121
28/11/2021,London,NewAdmissions,106
28/11/2021,North East and Yorkshire,NewAdmissions,89
29/11/2021,North East and Yorkshire,NewAdmissions,100
29/11/2021,South East,NewAdmissions,117
29/11/2021,East of England,NewAdmissions,62
29/11/2021,South West,NewAdmissions,79
29/11/2021,North West,NewAdmissions,84
29/11/2021,Midlands,NewAdmissions,126
29/11/2021,London,NewAdmissions,101
30/11/2021,London,NewAdmissions,105
30/11/2021,Midlands,NewAdmissions,123
30/11/2021,North East and Yorkshire,NewAdmissions,104
30/11/2021,South East,NewAdmissions,123
30/11/2021,East of England,NewAdmissions,67
30/11/2021,South West,NewAdmissions,97
30/11/2021,North West,NewAdmissions,80
01/12/2021,East of England,NewAdmissions,59
01/12/2021,South West,NewAdmissions,79
01/12/2021,North West,NewAdmissions,88
01/12/2021,South East,NewAdmissions,118
01/12/2021,Midlands,NewAdmissions,144
01/12/2021,London,NewAdmissions,114
01/12/2021,North East and Yorkshire,NewAdmissions,96
02/12/2021,North East and Yorkshire,NewAdmissions,97
02/12/2021,North West,NewAdmissions,87
02/12/2021,South West,NewAdmissions,77
02/12/2021,South East,NewAdmissions,147
02/12/2021,East of England,NewAdmissions,57
02/12/2021,London,NewAdmissions,100
02/12/2021,Midlands,NewAdmissions,154
03/12/2021,London,NewAdmissions,114
03/12/2021,Midlands,NewAdmissions,108
03/12/2021,North East and Yorkshire,NewAdmissions,89
03/12/2021,South West,NewAdmissions,68
03/12/2021,North West,NewAdmissions,66
03/12/2021,South East,NewAdmissions,100
03/12/2021,East of England,NewAdmissions,79
04/12/2021,South East,NewAdmissions,90
04/12/2021,South West,NewAdmissions,63
04/12/2021,East of England,NewAdmissions,73
04/12/2021,North West,NewAdmissions,85
04/12/2021,Midlands,NewAdmissions,128
04/12/2021,London,NewAdmissions,116
04/12/2021,North East and Yorkshire,NewAdmissions,80
05/12/2021,North East and Yorkshire,NewAdmissions,97
05/12/2021,South East,NewAdmissions,126
05/12/2021,East of England,NewAdmissions,88
05/12/2021,South West,NewAdmissions,81
05/12/2021,North West,NewAdmissions,83
05/12/2021,Midlands,NewAdmissions,133
05/12/2021,London,NewAdmissions,120
06/12/2021,London,NewAdmissions,111
06/12/2021,Midlands,NewAdmissions,140
06/12/2021,North East and Yorkshire,NewAdmissions,100
06/12/2021,South East,NewAdmissions,120
06/12/2021,North West,NewAdmissions,91
06/12/2021,East of England,NewAdmissions,85
06/12/2021,South West,NewAdmissions,89
07/12/2021,South West,NewAdmissions,83
07/12/2021,South East,NewAdmissions,123
07/12/2021,North West,NewAdmissions,82
07/12/2021,East of England,NewAdmissions,75
07/12/2021,London,NewAdmissions,148
07/12/2021,Midlands,NewAdmissions,183
07/12/2021,North East and Yorkshire,NewAdmissions,105
08/12/2021,North East and Yorkshire,NewAdmissions,102
08/12/2021,South West,NewAdmissions,99
08/12/2021,East of England,NewAdmissions,76
08/12/2021,South East,NewAdmissions,110
08/12/2021,North West,NewAdmissions,104
08/12/2021,Midlands,NewAdmissions,131
08/12/2021,London,NewAdmissions,132
09/12/2021,London,NewAdmissions,142
09/12/2021,Midlands,NewAdmissions,143
09/12/2021,North East and Yorkshire,NewAdmissions,104
09/12/2021,North West,NewAdmissions,89
09/12/2021,South East,NewAdmissions,137
09/12/2021,East of England,NewAdmissions,85
09/12/2021,South West,NewAdmissions,99
10/12/2021,North West,NewAdmissions,73
10/12/2021,East of England,NewAdmissions,61
10/12/2021,South East,NewAdmissions,120
10/12/2021,South West,NewAdmissions,74
10/12/2021,Midlands,NewAdmissions,126
10/12/2021,London,NewAdmissions,162
10/12/2021,North East and Yorkshire,NewAdmissions,91
11/12/2021,North East and Yorkshire,NewAdmissions,92
11/12/2021,South West,NewAdmissions,71
11/12/2021,East of England,NewAdmissions,69
11/12/2021,North West,NewAdmissions,103
11/12/2021,South East,NewAdmissions,87
11/12/2021,London,NewAdmissions,166
11/12/2021,Midlands,NewAdmissions,108
12/12/2021,London,NewAdmissions,157
12/12/2021,Midlands,NewAdmissions,145
12/12/2021,North East and Yorkshire,NewAdmissions,79
12/12/2021,East of England,NewAdmissions,80
12/12/2021,North West,NewAdmissions,103
12/12/2021,South East,NewAdmissions,136
12/12/2021,South West,NewAdmissions,72
13/12/2021,East of England,NewAdmissions,78
13/12/2021,North West,NewAdmissions,98
13/12/2021,South East,NewAdmissions,118
13/12/2021,South West,NewAdmissions,84
13/12/2021,London,NewAdmissions,169
13/12/2021,Midlands,NewAdmissions,133
13/12/2021,North East and Yorkshire,NewAdmissions,114
14/12/2021,North East and Yorkshire,NewAdmissions,112
14/12/2021,East of England,NewAdmissions,79
14/12/2021,South West,NewAdmissions,83
14/12/2021,South East,NewAdmissions,101
14/12/2021,North West,NewAdmissions,109
14/12/2021,Midlands,NewAdmissions,132
14/12/2021,London,NewAdmissions,199
15/12/2021,London,NewAdmissions,201
15/12/2021,Midlands,NewAdmissions,117
15/12/2021,North East and Yorkshire,NewAdmissions,108
15/12/2021,South East,NewAdmissions,113
15/12/2021,North West,NewAdmissions,100
15/12/2021,East of England,NewAdmissions,68
15/12/2021,South West,NewAdmissions,98
16/12/2021,South West,NewAdmissions,73
16/12/2021,North West,NewAdmissions,105
16/12/2021,South East,NewAdmissions,109
16/12/2021,East of England,NewAdmissions,73
16/12/2021,Midlands,NewAdmissions,141
16/12/2021,London,NewAdmissions,193
16/12/2021,North East and Yorkshire,NewAdmissions,83
17/12/2021,North East and Yorkshire,NewAdmissions,80
17/12/2021,South East,NewAdmissions,85
17/12/2021,South West,NewAdmissions,82
17/12/2021,North West,NewAdmissions,97
17/12/2021,East of England,NewAdmissions,64
17/12/2021,London,NewAdmissions,220
17/12/2021,Midlands,NewAdmissions,115
18/12/2021,Midlands,NewAdmissions,115
18/12/2021,London,NewAdmissions,210
18/12/2021,North East and Yorkshire,NewAdmissions,84
18/12/2021,North West,NewAdmissions,98
18/12/2021,South West,NewAdmissions,59
18/12/2021,East of England,NewAdmissions,76
18/12/2021,South East,NewAdmissions,93
19/12/2021,South West,NewAdmissions,67
19/12/2021,North West,NewAdmissions,125
19/12/2021,East of England,NewAdmissions,94
19/12/2021,South East,NewAdmissions,123
19/12/2021,London,NewAdmissions,245
19/12/2021,Midlands,NewAdmissions,163
19/12/2021,North East and Yorkshire,NewAdmissions,109
20/12/2021,North East and Yorkshire,NewAdmissions,138
20/12/2021,South West,NewAdmissions,87
20/12/2021,North West,NewAdmissions,145
20/12/2021,South East,NewAdmissions,117
20/12/2021,East of England,NewAdmissions,87
20/12/2021,Midlands,NewAdmissions,186
20/12/2021,London,NewAdmissions,301
21/12/2021,Midlands,NewAdmissions,172
21/12/2021,London,NewAdmissions,307
21/12/2021,North East and Yorkshire,NewAdmissions,114
21/12/2021,North West,NewAdmissions,186
21/12/2021,East of England,NewAdmissions,111
21/12/2021,South East,NewAdmissions,122
21/12/2021,South West,NewAdmissions,86
22/12/2021,South East,NewAdmissions,145
22/12/2021,South West,NewAdmissions,78
22/12/2021,East of England,NewAdmissions,134
22/12/2021,North West,NewAdmissions,173
22/12/2021,Midlands,NewAdmissions,201
22/12/2021,London,NewAdmissions,386
22/12/2021,North East and Yorkshire,NewAdmissions,129
23/12/2021,North East and Yorkshire,NewAdmissions,160
23/12/2021,East of England,NewAdmissions,112
23/12/2021,South East,NewAdmissions,121
23/12/2021,South West,NewAdmissions,90
23/12/2021,North West,NewAdmissions,173
23/12/2021,Midlands,NewAdmissions,206
23/12/2021,London,NewAdmissions,390
24/12/2021,Midlands,NewAdmissions,173
24/12/2021,London,NewAdmissions,278
24/12/2021,North East and Yorkshire,NewAdmissions,144
24/12/2021,East of England,NewAdmissions,96
24/12/2021,South West,NewAdmissions,73
24/12/2021,South East,NewAdmissions,105
24/12/2021,North West,NewAdmissions,151
25/12/2021,East of England,NewAdmissions,135
25/12/2021,South West,NewAdmissions,81
25/12/2021,South East,NewAdmissions,150
25/12/2021,North West,NewAdmissions,186
25/12/2021,Midlands,NewAdmissions,219
25/12/2021,London,NewAdmissions,364
25/12/2021,North East and Yorkshire,NewAdmissions,146
26/12/2021,North East and Yorkshire,NewAdmissions,157
26/12/2021,South West,NewAdmissions,91
26/12/2021,South East,NewAdmissions,164
26/12/2021,East of England,NewAdmissions,124
26/12/2021,North West,NewAdmissions,213
26/12/2021,London,NewAdmissions,374
26/12/2021,Midlands,NewAdmissions,251
27/12/2021,Midlands,NewAdmissions,309
27/12/2021,London,NewAdmissions,437
27/12/2021,North East and Yorkshire,NewAdmissions,244
27/12/2021,South West,NewAdmissions,132
27/12/2021,East of England,NewAdmissions,153
27/12/2021,North West,NewAdmissions,260
27/12/2021,South East,NewAdmissions,216
28/12/2021,East of England,NewAdmissions,170
28/12/2021,South West,NewAdmissions,173
28/12/2021,North West,NewAdmissions,305
28/12/2021,South East,NewAdmissions,227
28/12/2021,Midlands,NewAdmissions,367
28/12/2021,London,NewAdmissions,456
28/12/2021,North East and Yorkshire,NewAdmissions,384
29/12/2021,North East and Yorkshire,NewAdmissions,363
29/12/2021,South West,NewAdmissions,160
29/12/2021,South East,NewAdmissions,250
29/12/2021,East of England,NewAdmissions,179
29/12/2021,North West,NewAdmissions,404
29/12/2021,Midlands,NewAdmissions,503
29/12/2021,London,NewAdmissions,511
30/12/2021,Midlands,NewAdmissions,395
30/12/2021,London,NewAdmissions,450
30/12/2021,North East and Yorkshire,NewAdmissions,309
30/12/2021,North West,NewAdmissions,393
30/12/2021,South West,NewAdmissions,143
30/12/2021,East of England,NewAdmissions,193
30/12/2021,South East,NewAdmissions,231
31/12/2021,North West,NewAdmissions,326
31/12/2021,South East,NewAdmissions,190
31/12/2021,East of England,NewAdmissions,142
31/12/2021,South West,NewAdmissions,109
31/12/2021,Midlands,NewAdmissions,359
31/12/2021,London,NewAdmissions,319
31/12/2021,North East and Yorkshire,NewAdmissions,336
01/01/2022,North East and Yorkshire,NewAdmissions,289
01/01/2022,South East,NewAdmissions,232
01/01/2022,North West,NewAdmissions,353
01/01/2022,South West,NewAdmissions,106
01/01/2022,East of England,NewAdmissions,185
01/01/2022,Midlands,NewAdmissions,340
01/01/2022,London,NewAdmissions,314
02/01/2022,Midlands,NewAdmissions,371
02/01/2022,London,NewAdmissions,347
02/01/2022,North East and Yorkshire,NewAdmissions,316
02/01/2022,North West,NewAdmissions,362
02/01/2022,South East,NewAdmissions,168
02/01/2022,East of England,NewAdmissions,187
02/01/2022,South West,NewAdmissions,130
03/01/2022,South East,NewAdmissions,255
03/01/2022,North West,NewAdmissions,479
03/01/2022,South West,NewAdmissions,176
03/01/2022,East of England,NewAdmissions,180
03/01/2022,Midlands,NewAdmissions,354
03/01/2022,London,NewAdmissions,401
03/01/2022,North East and Yorkshire,NewAdmissions,374
04/01/2022,North East and Yorkshire,NewAdmissions,418
04/01/2022,South West,NewAdmissions,149
04/01/2022,North West,NewAdmissions,377
04/01/2022,South East,NewAdmissions,217
04/01/2022,East of England,NewAdmissions,196
04/01/2022,London,NewAdmissions,367
04/01/2022,Midlands,NewAdmissions,377
05/01/2022,London,NewAdmissions,366
05/01/2022,North East and Yorkshire,NewAdmissions,369
05/01/2022,Midlands,NewAdmissions,438
05/01/2022,East of England,NewAdmissions,193
05/01/2022,South East,NewAdmissions,246
05/01/2022,North West,NewAdmissions,387
05/01/2022,South West,NewAdmissions,140
06/01/2022,East of England,NewAdmissions,189
06/01/2022,South West,NewAdmissions,138
06/01/2022,Midlands,NewAdmissions,420
06/01/2022,North West,NewAdmissions,371
06/01/2022,South East,NewAdmissions,194
06/01/2022,London,NewAdmissions,310
06/01/2022,North East and Yorkshire,NewAdmissions,421
07/01/2022,North East and Yorkshire,NewAdmissions,331
07/01/2022,South West,NewAdmissions,105
07/01/2022,East of England,NewAdmissions,145
07/01/2022,South East,NewAdmissions,201
07/01/2022,Midlands,NewAdmissions,348
07/01/2022,North West,NewAdmissions,330
07/01/2022,London,NewAdmissions,312
08/01/2022,London,NewAdmissions,307
08/01/2022,North East and Yorkshire,NewAdmissions,372
08/01/2022,Midlands,NewAdmissions,333
08/01/2022,North West,NewAdmissions,383
08/01/2022,South West,NewAdmissions,131
08/01/2022,South East,NewAdmissions,194
08/01/2022,East of England,NewAdmissions,142
09/01/2022,Midlands,NewAdmissions,424
09/01/2022,North West,NewAdmissions,362
09/01/2022,East of England,NewAdmissions,200
09/01/2022,South West,NewAdmissions,118
09/01/2022,South East,NewAdmissions,229
09/01/2022,London,NewAdmissions,277
09/01/2022,North East and Yorkshire,NewAdmissions,365
10/01/2022,North East and Yorkshire,NewAdmissions,456
10/01/2022,North West,NewAdmissions,407
10/01/2022,South West,NewAdmissions,149
10/01/2022,East of England,NewAdmissions,205
10/01/2022,Midlands,NewAdmissions,404
10/01/2022,South East,NewAdmissions,224
10/01/2022,London,NewAdmissions,335
11/01/2022,London,NewAdmissions,314
11/01/2022,North East and Yorkshire,NewAdmissions,401
11/01/2022,South East,NewAdmissions,256
11/01/2022,South West,NewAdmissions,156
11/01/2022,Midlands,NewAdmissions,406
11/01/2022,East of England,NewAdmissions,193
11/01/2022,North West,NewAdmissions,401
12/01/2022,South West,NewAdmissions,132
12/01/2022,North West,NewAdmissions,386
12/01/2022,Midlands,NewAdmissions,367
12/01/2022,East of England,NewAdmissions,168
12/01/2022,South East,NewAdmissions,211
12/01/2022,London,NewAdmissions,306
12/01/2022,North East and Yorkshire,NewAdmissions,385
13/01/2022,North East and Yorkshire,NewAdmissions,395
13/01/2022,Midlands,NewAdmissions,421
13/01/2022,East of England,NewAdmissions,120
13/01/2022,North West,NewAdmissions,351
13/01/2022,South East,NewAdmissions,201
13/01/2022,South West,NewAdmissions,124
13/01/2022,London,NewAdmissions,304
14/01/2022,London,NewAdmissions,276
14/01/2022,North East and Yorkshire,NewAdmissions,325
14/01/2022,South West,NewAdmissions,126
14/01/2022,South East,NewAdmissions,179
14/01/2022,Midlands,NewAdmissions,354
14/01/2022,East of England,NewAdmissions,164
14/01/2022,North West,NewAdmissions,268
15/01/2022,North West,NewAdmissions,291
15/01/2022,South East,NewAdmissions,180
15/01/2022,Midlands,NewAdmissions,314
15/01/2022,East of England,NewAdmissions,127
15/01/2022,South West,NewAdmissions,104
15/01/2022,London,NewAdmissions,253
15/01/2022,North East and Yorkshire,NewAdmissions,335
16/01/2022,North East and Yorkshire,NewAdmissions,346
16/01/2022,South West,NewAdmissions,115
16/01/2022,Midlands,NewAdmissions,389
16/01/2022,East of England,NewAdmissions,146
16/01/2022,South East,NewAdmissions,173
16/01/2022,North West,NewAdmissions,295
16/01/2022,London,NewAdmissions,304
17/01/2022,North West,NewAdmissions,310
17/01/2022,London,NewAdmissions,235
17/01/2022,North East and Yorkshire,NewAdmissions,373
17/01/2022,East of England,NewAdmissions,170
17/01/2022,South East,NewAdmissions,181
17/01/2022,Midlands,NewAdmissions,407
17/01/2022,South West,NewAdmissions,132
18/01/2022,South East,NewAdmissions,213
18/01/2022,East of England,NewAdmissions,146
18/01/2022,Midlands,NewAdmissions,304
18/01/2022,South West,NewAdmissions,143
18/01/2022,North West,NewAdmissions,285
18/01/2022,London,NewAdmissions,301
18/01/2022,North East and Yorkshire,NewAdmissions,402
19/01/2022,North East and Yorkshire,NewAdmissions,340
19/01/2022,Midlands,NewAdmissions,333
19/01/2022,South West,NewAdmissions,132
19/01/2022,South East,NewAdmissions,208
19/01/2022,East of England,NewAdmissions,171
19/01/2022,London,NewAdmissions,285
19/01/2022,North West,NewAdmissions,309
20/01/2022,North West,NewAdmissions,286
20/01/2022,London,NewAdmissions,224
20/01/2022,North East and Yorkshire,NewAdmissions,332
20/01/2022,East of England,NewAdmissions,146
20/01/2022,South East,NewAdmissions,214
20/01/2022,South West,NewAdmissions,141
20/01/2022,Midlands,NewAdmissions,355
21/01/2022,South West,NewAdmissions,126
21/01/2022,Midlands,NewAdmissions,280
21/01/2022,East of England,NewAdmissions,137
21/01/2022,South East,NewAdmissions,175
21/01/2022,London,NewAdmissions,210
21/01/2022,North West,NewAdmissions,243
21/01/2022,North East and Yorkshire,NewAdmissions,282
22/01/2022,North East and Yorkshire,NewAdmissions,267
22/01/2022,Midlands,NewAdmissions,268
22/01/2022,South West,NewAdmissions,94
22/01/2022,East of England,NewAdmissions,127
22/01/2022,South East,NewAdmissions,151
22/01/2022,North West,NewAdmissions,187
22/01/2022,London,NewAdmissions,183
23/01/2022,North West,NewAdmissions,218
23/01/2022,London,NewAdmissions,230
23/01/2022,North East and Yorkshire,NewAdmissions,302
23/01/2022,South East,NewAdmissions,203
23/01/2022,Midlands,NewAdmissions,309
23/01/2022,South West,NewAdmissions,119
23/01/2022,East of England,NewAdmissions,154
24/01/2022,South West,NewAdmissions,169
24/01/2022,East of England,NewAdmissions,152
24/01/2022,South East,NewAdmissions,204
24/01/2022,Midlands,NewAdmissions,283
24/01/2022,North West,NewAdmissions,252
24/01/2022,London,NewAdmissions,231
24/01/2022,North East and Yorkshire,NewAdmissions,302
25/01/2022,North East and Yorkshire,NewAdmissions,319
25/01/2022,South West,NewAdmissions,145
25/01/2022,Midlands,NewAdmissions,348
25/01/2022,East of England,NewAdmissions,167
25/01/2022,South East,NewAdmissions,245
25/01/2022,London,NewAdmissions,213
25/01/2022,North West,NewAdmissions,244
26/01/2022,London,NewAdmissions,226
26/01/2022,North West,NewAdmissions,237
26/01/2022,North East and Yorkshire,NewAdmissions,356
26/01/2022,South West,NewAdmissions,141
26/01/2022,East of England,NewAdmissions,161
26/01/2022,South East,NewAdmissions,240
26/01/2022,Midlands,NewAdmissions,328
27/01/2022,South East,NewAdmissions,229
27/01/2022,South West,NewAdmissions,127
27/01/2022,Midlands,NewAdmissions,319
27/01/2022,East of England,NewAdmissions,149
27/01/2022,London,NewAdmissions,188
27/01/2022,North West,NewAdmissions,195
27/01/2022,North East and Yorkshire,NewAdmissions,296
28/01/2022,North East and Yorkshire,NewAdmissions,259
28/01/2022,South West,NewAdmissions,114
28/01/2022,Midlands,NewAdmissions,269
28/01/2022,East of England,NewAdmissions,134
28/01/2022,South East,NewAdmissions,211
28/01/2022,North West,NewAdmissions,170
28/01/2022,London,NewAdmissions,185
29/01/2022,North West,NewAdmissions,188
29/01/2022,London,NewAdmissions,176
29/01/2022,North East and Yorkshire,NewAdmissions,247
29/01/2022,South West,NewAdmissions,103
29/01/2022,South East,NewAdmissions,214
29/01/2022,Midlands,NewAdmissions,247
29/01/2022,East of England,NewAdmissions,150
30/01/2022,South West,NewAdmissions,109
30/01/2022,South East,NewAdmissions,171
30/01/2022,Midlands,NewAdmissions,264
30/01/2022,East of England,NewAdmissions,132
30/01/2022,London,NewAdmissions,175
30/01/2022,North West,NewAdmissions,179
30/01/2022,North East and Yorkshire,NewAdmissions,255
31/01/2022,North East and Yorkshire,NewAdmissions,264
31/01/2022,South East,NewAdmissions,226
31/01/2022,South West,NewAdmissions,156
31/01/2022,Midlands,NewAdmissions,287
31/01/2022,East of England,NewAdmissions,122
31/01/2022,London,NewAdmissions,185
31/01/2022,North West,NewAdmissions,211
01/02/2022,North West,NewAdmissions,235
01/02/2022,London,NewAdmissions,199
01/02/2022,North East and Yorkshire,NewAdmissions,251
01/02/2022,South West,NewAdmissions,146
01/02/2022,Midlands,NewAdmissions,324
01/02/2022,South East,NewAdmissions,220
01/02/2022,East of England,NewAdmissions,162
02/02/2022,South East,NewAdmissions,199
02/02/2022,Midlands,NewAdmissions,278
02/02/2022,South West,NewAdmissions,152
02/02/2022,East of England,NewAdmissions,130
02/02/2022,London,NewAdmissions,218
02/02/2022,North West,NewAdmissions,214
02/02/2022,North East and Yorkshire,NewAdmissions,260
03/02/2022,North East and Yorkshire,NewAdmissions,225
03/02/2022,Midlands,NewAdmissions,278
03/02/2022,East of England,NewAdmissions,125
03/02/2022,South East,NewAdmissions,216
03/02/2022,South West,NewAdmissions,125
03/02/2022,London,NewAdmissions,195
03/02/2022,North West,NewAdmissions,128
04/02/2022,North West,NewAdmissions,179
04/02/2022,London,NewAdmissions,175
04/02/2022,North East and Yorkshire,NewAdmissions,196
04/02/2022,Midlands,NewAdmissions,221
04/02/2022,South West,NewAdmissions,121
04/02/2022,East of England,NewAdmissions,121
04/02/2022,South East,NewAdmissions,173
05/02/2022,South East,NewAdmissions,148
05/02/2022,South West,NewAdmissions,134
05/02/2022,Midlands,NewAdmissions,191
05/02/2022,East of England,NewAdmissions,113
05/02/2022,London,NewAdmissions,158
05/02/2022,North West,NewAdmissions,152
05/02/2022,North East and Yorkshire,NewAdmissions,181
06/02/2022,North East and Yorkshire,NewAdmissions,192
06/02/2022,South West,NewAdmissions,110
06/02/2022,South East,NewAdmissions,234
06/02/2022,East of England,NewAdmissions,118
06/02/2022,Midlands,NewAdmissions,227
06/02/2022,London,NewAdmissions,175
06/02/2022,North West,NewAdmissions,155
07/02/2022,London,NewAdmissions,186
07/02/2022,North West,NewAdmissions,194
07/02/2022,South East,NewAdmissions,178
07/02/2022,North East and Yorkshire,NewAdmissions,203
07/02/2022,East of England,NewAdmissions,137
07/02/2022,Midlands,NewAdmissions,219
07/02/2022,South West,NewAdmissions,117
08/02/2022,South West,NewAdmissions,150
08/02/2022,Midlands,NewAdmissions,221
08/02/2022,East of England,NewAdmissions,132
08/02/2022,London,NewAdmissions,178
08/02/2022,North West,NewAdmissions,148
08/02/2022,North East and Yorkshire,NewAdmissions,238
08/02/2022,South East,NewAdmissions,199
09/02/2022,North East and Yorkshire,NewAdmissions,224
09/02/2022,South East,NewAdmissions,189
09/02/2022,Midlands,NewAdmissions,224
09/02/2022,East of England,NewAdmissions,106
09/02/2022,South West,NewAdmissions,153
09/02/2022,London,NewAdmissions,163
09/02/2022,North West,NewAdmissions,161
10/02/2022,London,NewAdmissions,154
10/02/2022,North West,NewAdmissions,167
10/02/2022,South East,NewAdmissions,177
10/02/2022,North East and Yorkshire,NewAdmissions,187
10/02/2022,Midlands,NewAdmissions,228
10/02/2022,East of England,NewAdmissions,125
10/02/2022,South West,NewAdmissions,129
11/02/2022,South West,NewAdmissions,119
11/02/2022,East of England,NewAdmissions,105
11/02/2022,Midlands,NewAdmissions,192
11/02/2022,North West,NewAdmissions,139
11/02/2022,London,NewAdmissions,161
11/02/2022,South East,NewAdmissions,143
11/02/2022,North East and Yorkshire,NewAdmissions,137
12/02/2022,South East,NewAdmissions,174
12/02/2022,North East and Yorkshire,NewAdmissions,169
12/02/2022,South West,NewAdmissions,106
12/02/2022,East of England,NewAdmissions,109
12/02/2022,Midlands,NewAdmissions,169
12/02/2022,London,NewAdmissions,139
12/02/2022,North West,NewAdmissions,123
13/02/2022,North West,NewAdmissions,126
13/02/2022,London,NewAdmissions,132
13/02/2022,North East and Yorkshire,NewAdmissions,158
13/02/2022,South East,NewAdmissions,194
13/02/2022,East of England,NewAdmissions,106
13/02/2022,South West,NewAdmissions,145
13/02/2022,Midlands,NewAdmissions,168
14/02/2022,Midlands,NewAdmissions,186
14/02/2022,South West,NewAdmissions,141
14/02/2022,East of England,NewAdmissions,111
14/02/2022,London,NewAdmissions,160
14/02/2022,North West,NewAdmissions,163
14/02/2022,South East,NewAdmissions,201
14/02/2022,North East and Yorkshire,NewAdmissions,170
15/02/2022,South East,NewAdmissions,212
15/02/2022,North East and Yorkshire,NewAdmissions,203
15/02/2022,Midlands,NewAdmissions,195
15/02/2022,South West,NewAdmissions,142
15/02/2022,East of England,NewAdmissions,115
15/02/2022,London,NewAdmissions,137
15/02/2022,North West,NewAdmissions,140
16/02/2022,North West,NewAdmissions,143
16/02/2022,London,NewAdmissions,144
16/02/2022,North East and Yorkshire,NewAdmissions,188
16/02/2022,South East,NewAdmissions,186
16/02/2022,East of England,NewAdmissions,113
16/02/2022,Midlands,NewAdmissions,203
16/02/2022,South West,NewAdmissions,143
17/02/2022,Midlands,NewAdmissions,195
17/02/2022,East of England,NewAdmissions,93
17/02/2022,South West,NewAdmissions,114
17/02/2022,North West,NewAdmissions,112
17/02/2022,London,NewAdmissions,149
17/02/2022,South East,NewAdmissions,164
17/02/2022,North East and Yorkshire,NewAdmissions,144
18/02/2022,North East and Yorkshire,NewAdmissions,154
18/02/2022,South East,NewAdmissions,112
18/02/2022,East of England,NewAdmissions,94
18/02/2022,South West,NewAdmissions,112
18/02/2022,Midlands,NewAdmissions,180
18/02/2022,London,NewAdmissions,129
18/02/2022,North West,NewAdmissions,119
19/02/2022,London,NewAdmissions,106
19/02/2022,North West,NewAdmissions,123
19/02/2022,North East and Yorkshire,NewAdmissions,114
19/02/2022,South East,NewAdmissions,136
19/02/2022,South West,NewAdmissions,99
19/02/2022,Midlands,NewAdmissions,159
19/02/2022,East of England,NewAdmissions,97
20/02/2022,South West,NewAdmissions,95
20/02/2022,East of England,NewAdmissions,131
20/02/2022,Midlands,NewAdmissions,158
20/02/2022,North West,NewAdmissions,149
20/02/2022,London,NewAdmissions,111
20/02/2022,North East and Yorkshire,NewAdmissions,142
20/02/2022,South East,NewAdmissions,185
21/02/2022,South East,NewAdmissions,170
21/02/2022,North East and Yorkshire,NewAdmissions,146
21/02/2022,East of England,NewAdmissions,132
21/02/2022,South West,NewAdmissions,133
21/02/2022,Midlands,NewAdmissions,182
21/02/2022,London,NewAdmissions,114
21/02/2022,North West,NewAdmissions,153
22/02/2022,North West,NewAdmissions,141
22/02/2022,London,NewAdmissions,125
22/02/2022,North East and Yorkshire,NewAdmissions,154
22/02/2022,South East,NewAdmissions,162
22/02/2022,East of England,NewAdmissions,109
22/02/2022,Midlands,NewAdmissions,169
22/02/2022,South West,NewAdmissions,116
23/02/2022,Midlands,NewAdmissions,190
23/02/2022,East of England,NewAdmissions,135
23/02/2022,South West,NewAdmissions,118
23/02/2022,North West,NewAdmissions,132
23/02/2022,London,NewAdmissions,106
23/02/2022,South East,NewAdmissions,170
23/02/2022,North East and Yorkshire,NewAdmissions,125
24/02/2022,South East,NewAdmissions,158
24/02/2022,North East and Yorkshire,NewAdmissions,148
24/02/2022,East of England,NewAdmissions,117
24/02/2022,South West,NewAdmissions,125
24/02/2022,Midlands,NewAdmissions,167
24/02/2022,North West,NewAdmissions,153
24/02/2022,London,NewAdmissions,116
25/02/2022,North West,NewAdmissions,112
25/02/2022,London,NewAdmissions,104
25/02/2022,South East,NewAdmissions,158
25/02/2022,North East and Yorkshire,NewAdmissions,145
25/02/2022,East of England,NewAdmissions,80
25/02/2022,South West,NewAdmissions,99
25/02/2022,Midlands,NewAdmissions,143
26/02/2022,Midlands,NewAdmissions,159
26/02/2022,East of England,NewAdmissions,103
26/02/2022,South West,NewAdmissions,126
26/02/2022,London,NewAdmissions,92
26/02/2022,North West,NewAdmissions,118
26/02/2022,South East,NewAdmissions,149
26/02/2022,North East and Yorkshire,NewAdmissions,141
27/02/2022,North East and Yorkshire,NewAdmissions,126
27/02/2022,South East,NewAdmissions,177
27/02/2022,South West,NewAdmissions,108
27/02/2022,Midlands,NewAdmissions,156
27/02/2022,East of England,NewAdmissions,125
27/02/2022,North West,NewAdmissions,145
27/02/2022,London,NewAdmissions,112
28/02/2022,London,NewAdmissions,134
28/02/2022,North West,NewAdmissions,157
28/02/2022,South East,NewAdmissions,178
28/02/2022,North East and Yorkshire,NewAdmissions,193
28/02/2022,East of England,NewAdmissions,135
28/02/2022,South West,NewAdmissions,153
28/02/2022,Midlands,NewAdmissions,195
01/03/2022,Midlands,NewAdmissions,179
01/03/2022,East of England,NewAdmissions,146
01/03/2022,South West,NewAdmissions,149
01/03/2022,London,NewAdmissions,137
01/03/2022,North West,NewAdmissions,165
01/03/2022,South East,NewAdmissions,187
01/03/2022,North East and Yorkshire,NewAdmissions,148
02/03/2022,South East,NewAdmissions,220
02/03/2022,North East and Yorkshire,NewAdmissions,157
02/03/2022,Midlands,NewAdmissions,205
02/03/2022,East of England,NewAdmissions,128
02/03/2022,South West,NewAdmissions,157
02/03/2022,North West,NewAdmissions,164
02/03/2022,London,NewAdmissions,153
03/03/2022,London,NewAdmissions,135
03/03/2022,North West,NewAdmissions,172
03/03/2022,North East and Yorkshire,NewAdmissions,165
03/03/2022,South East,NewAdmissions,227
03/03/2022,Midlands,NewAdmissions,216
03/03/2022,South West,NewAdmissions,167
03/03/2022,East of England,NewAdmissions,144
04/03/2022,South West,NewAdmissions,150
04/03/2022,East of England,NewAdmissions,103
04/03/2022,Midlands,NewAdmissions,189
04/03/2022,London,NewAdmissions,129
04/03/2022,North West,NewAdmissions,145
04/03/2022,North East and Yorkshire,NewAdmissions,129
04/03/2022,South East,NewAdmissions,199
05/03/2022,North East and Yorkshire,NewAdmissions,131
05/03/2022,South East,NewAdmissions,172
05/03/2022,South West,NewAdmissions,176
05/03/2022,East of England,NewAdmissions,121
05/03/2022,Midlands,NewAdmissions,170
05/03/2022,London,NewAdmissions,133
05/03/2022,North West,NewAdmissions,147
06/03/2022,North West,NewAdmissions,200
06/03/2022,London,NewAdmissions,165
06/03/2022,South East,NewAdmissions,242
06/03/2022,North East and Yorkshire,NewAdmissions,147
06/03/2022,South West,NewAdmissions,135
06/03/2022,East of England,NewAdmissions,175
06/03/2022,Midlands,NewAdmissions,196
07/03/2022,Midlands,NewAdmissions,222
07/03/2022,South West,NewAdmissions,210
07/03/2022,East of England,NewAdmissions,147
07/03/2022,London,NewAdmissions,159
07/03/2022,North West,NewAdmissions,190
07/03/2022,South East,NewAdmissions,205
07/03/2022,North East and Yorkshire,NewAdmissions,145
08/03/2022,North East and Yorkshire,NewAdmissions,191
08/03/2022,South East,NewAdmissions,270
08/03/2022,Midlands,NewAdmissions,208
08/03/2022,East of England,NewAdmissions,154
08/03/2022,South West,NewAdmissions,211
08/03/2022,North West,NewAdmissions,212
08/03/2022,London,NewAdmissions,143
09/03/2022,London,NewAdmissions,201
09/03/2022,North West,NewAdmissions,214
09/03/2022,South East,NewAdmissions,262
09/03/2022,North East and Yorkshire,NewAdmissions,201
09/03/2022,South West,NewAdmissions,190
09/03/2022,East of England,NewAdmissions,204
09/03/2022,Midlands,NewAdmissions,249
10/03/2022,East of England,NewAdmissions,155
10/03/2022,Midlands,NewAdmissions,224
10/03/2022,South West,NewAdmissions,177
10/03/2022,London,NewAdmissions,177
10/03/2022,North West,NewAdmissions,210
10/03/2022,South East,NewAdmissions,253
10/03/2022,North East and Yorkshire,NewAdmissions,218
11/03/2022,North East and Yorkshire,NewAdmissions,227
11/03/2022,South East,NewAdmissions,237
11/03/2022,East of England,NewAdmissions,134
11/03/2022,Midlands,NewAdmissions,231
11/03/2022,South West,NewAdmissions,188
11/03/2022,London,NewAdmissions,196
11/03/2022,North West,NewAdmissions,199
12/03/2022,North West,NewAdmissions,207
12/03/2022,London,NewAdmissions,166
12/03/2022,North East and Yorkshire,NewAdmissions,207
12/03/2022,South East,NewAdmissions,217
12/03/2022,East of England,NewAdmissions,155
12/03/2022,South West,NewAdmissions,190
12/03/2022,Midlands,NewAdmissions,226
13/03/2022,South West,NewAdmissions,233
13/03/2022,Midlands,NewAdmissions,265
13/03/2022,East of England,NewAdmissions,212
13/03/2022,North West,NewAdmissions,173
13/03/2022,London,NewAdmissions,168
13/03/2022,South East,NewAdmissions,291
13/03/2022,North East and Yorkshire,NewAdmissions,249
14/03/2022,North East and Yorkshire,NewAdmissions,260
14/03/2022,South East,NewAdmissions,299
14/03/2022,East of England,NewAdmissions,181
14/03/2022,South West,NewAdmissions,196
14/03/2022,Midlands,NewAdmissions,294
14/03/2022,North West,NewAdmissions,228
14/03/2022,London,NewAdmissions,193
15/03/2022,London,NewAdmissions,199
15/03/2022,North West,NewAdmissions,234
15/03/2022,North East and Yorkshire,NewAdmissions,261
15/03/2022,South East,NewAdmissions,331
15/03/2022,Midlands,NewAdmissions,285
15/03/2022,East of England,NewAdmissions,206
15/03/2022,South West,NewAdmissions,284
16/03/2022,Midlands,NewAdmissions,281
16/03/2022,South West,NewAdmissions,275
16/03/2022,East of England,NewAdmissions,188
16/03/2022,North East and Yorkshire,NewAdmissions,266
16/03/2022,London,NewAdmissions,206
16/03/2022,North West,NewAdmissions,275
16/03/2022,South East,NewAdmissions,332
17/03/2022,South East,NewAdmissions,304
17/03/2022,South West,NewAdmissions,234
17/03/2022,Midlands,NewAdmissions,286
17/03/2022,East of England,NewAdmissions,238
17/03/2022,North East and Yorkshire,NewAdmissions,226
17/03/2022,North West,NewAdmissions,249
17/03/2022,London,NewAdmissions,201
18/03/2022,London,NewAdmissions,170
18/03/2022,North West,NewAdmissions,253
18/03/2022,South East,NewAdmissions,245
18/03/2022,Midlands,NewAdmissions,311
18/03/2022,South West,NewAdmissions,223
18/03/2022,East of England,NewAdmissions,174
18/03/2022,North East and Yorkshire,NewAdmissions,253
19/03/2022,East of England,NewAdmissions,223
19/03/2022,Midlands,NewAdmissions,327
19/03/2022,North East and Yorkshire,NewAdmissions,258
19/03/2022,South West,NewAdmissions,249
19/03/2022,London,NewAdmissions,211
19/03/2022,North West,NewAdmissions,251
19/03/2022,South East,NewAdmissions,294
20/03/2022,South East,NewAdmissions,307
20/03/2022,South West,NewAdmissions,214
20/03/2022,Midlands,NewAdmissions,315
20/03/2022,North East and Yorkshire,NewAdmissions,300
20/03/2022,East of England,NewAdmissions,208
20/03/2022,London,NewAdmissions,184
20/03/2022,North West,NewAdmissions,265
21/03/2022,North West,NewAdmissions,274
21/03/2022,London,NewAdmissions,217
21/03/2022,South East,NewAdmissions,349
21/03/2022,South West,NewAdmissions,264
21/03/2022,East of England,NewAdmissions,201
21/03/2022,Midlands,NewAdmissions,320
21/03/2022,North East and Yorkshire,NewAdmissions,359
22/03/2022,Midlands,NewAdmissions,443
22/03/2022,East of England,NewAdmissions,248
22/03/2022,North East and Yorkshire,NewAdmissions,303
22/03/2022,South West,NewAdmissions,261
22/03/2022,London,NewAdmissions,213
22/03/2022,North West,NewAdmissions,286
22/03/2022,South East,NewAdmissions,344
23/03/2022,South East,NewAdmissions,321
23/03/2022,North East and Yorkshire,NewAdmissions,353
23/03/2022,East of England,NewAdmissions,224
23/03/2022,Midlands,NewAdmissions,389
23/03/2022,South West,NewAdmissions,285
23/03/2022,London,NewAdmissions,211
23/03/2022,North West,NewAdmissions,354
24/03/2022,North West,NewAdmissions,275
24/03/2022,London,NewAdmissions,203
24/03/2022,South East,NewAdmissions,327
24/03/2022,South West,NewAdmissions,289
24/03/2022,Midlands,NewAdmissions,391
24/03/2022,North East and Yorkshire,NewAdmissions,317
24/03/2022,East of England,NewAdmissions,204
25/03/2022,East of England,NewAdmissions,220
25/03/2022,South West,NewAdmissions,233
25/03/2022,North East and Yorkshire,NewAdmissions,329
25/03/2022,Midlands,NewAdmissions,334
25/03/2022,London,NewAdmissions,181
25/03/2022,North West,NewAdmissions,287
25/03/2022,South East,NewAdmissions,341
26/03/2022,South East,NewAdmissions,338
26/03/2022,East of England,NewAdmissions,204
26/03/2022,South West,NewAdmissions,234
26/03/2022,Midlands,NewAdmissions,327
26/03/2022,North East and Yorkshire,NewAdmissions,274
26/03/2022,North West,NewAdmissions,290
26/03/2022,London,NewAdmissions,202
27/03/2022,North West,NewAdmissions,289
27/03/2022,London,NewAdmissions,219
27/03/2022,South East,NewAdmissions,319
27/03/2022,Midlands,NewAdmissions,385
27/03/2022,South West,NewAdmissions,253
27/03/2022,North East and Yorkshire,NewAdmissions,347
27/03/2022,East of England,NewAdmissions,225
28/03/2022,South West,NewAdmissions,308
28/03/2022,North East and Yorkshire,NewAdmissions,424
28/03/2022,Midlands,NewAdmissions,426
28/03/2022,East of England,NewAdmissions,211
28/03/2022,London,NewAdmissions,263
28/03/2022,North West,NewAdmissions,299
28/03/2022,South East,NewAdmissions,349
29/03/2022,South East,NewAdmissions,334
29/03/2022,North East and Yorkshire,NewAdmissions,384
29/03/2022,Midlands,NewAdmissions,373
29/03/2022,South West,NewAdmissions,245
29/03/2022,East of England,NewAdmissions,270
29/03/2022,London,NewAdmissions,264
29/03/2022,North West,NewAdmissions,349
30/03/2022,North West,NewAdmissions,370
30/03/2022,London,NewAdmissions,231
30/03/2022,South East,NewAdmissions,372
30/03/2022,North East and Yorkshire,NewAdmissions,391
30/03/2022,South West,NewAdmissions,263
30/03/2022,East of England,NewAdmissions,255
30/03/2022,Midlands,NewAdmissions,473
31/03/2022,Midlands,NewAdmissions,438
31/03/2022,East of England,NewAdmissions,198
31/03/2022,North East and Yorkshire,NewAdmissions,395
31/03/2022,South West,NewAdmissions,230
31/03/2022,North West,NewAdmissions,290
31/03/2022,London,NewAdmissions,246
31/03/2022,South East,NewAdmissions,327
01/04/2022,South East,NewAdmissions,281
01/04/2022,North East and Yorkshire,NewAdmissions,319
01/04/2022,South West,NewAdmissions,245
01/04/2022,Midlands,NewAdmissions,376
01/04/2022,East of England,NewAdmissions,199
01/04/2022,North West,NewAdmissions,239
01/04/2022,London,NewAdmissions,187
02/04/2022,North West,NewAdmissions,245
02/04/2022,London,NewAdmissions,209
02/04/2022,South East,NewAdmissions,322
02/04/2022,East of England,NewAdmissions,174
02/04/2022,Midlands,NewAdmissions,348
02/04/2022,North East and Yorkshire,NewAdmissions,327
02/04/2022,South West,NewAdmissions,201
03/04/2022,East of England,NewAdmissions,239
03/04/2022,Midlands,NewAdmissions,366
03/04/2022,North East and Yorkshire,NewAdmissions,333
03/04/2022,South West,NewAdmissions,230
03/04/2022,North West,NewAdmissions,300
03/04/2022,London,NewAdmissions,234
03/04/2022,South East,NewAdmissions,401
04/04/2022,South East,NewAdmissions,351
04/04/2022,Midlands,NewAdmissions,423
04/04/2022,South West,NewAdmissions,240
04/04/2022,North East and Yorkshire,NewAdmissions,334
04/04/2022,East of England,NewAdmissions,260
04/04/2022,London,NewAdmissions,220
04/04/2022,North West,NewAdmissions,336
05/04/2022,North West,NewAdmissions,399
05/04/2022,London,NewAdmissions,257
05/04/2022,South East,NewAdmissions,372
05/04/2022,North East and Yorkshire,NewAdmissions,368
05/04/2022,East of England,NewAdmissions,240
05/04/2022,South West,NewAdmissions,221
05/04/2022,Midlands,NewAdmissions,451
06/04/2022,East of England,NewAdmissions,204
06/04/2022,North East and Yorkshire,NewAdmissions,331
06/04/2022,South West,NewAdmissions,266
06/04/2022,Midlands,NewAdmissions,443
06/04/2022,North West,NewAdmissions,333
06/04/2022,London,NewAdmissions,218
06/04/2022,South East,NewAdmissions,381
07/04/2022,South East,NewAdmissions,320
07/04/2022,East of England,NewAdmissions,190
07/04/2022,South West,NewAdmissions,243
07/04/2022,North East and Yorkshire,NewAdmissions,332
07/04/2022,Midlands,NewAdmissions,414
07/04/2022,London,NewAdmissions,216
07/04/2022,North West,NewAdmissions,284
08/04/2022,North West,NewAdmissions,288
08/04/2022,London,NewAdmissions,184
08/04/2022,South East,NewAdmissions,271
08/04/2022,East of England,NewAdmissions,175
08/04/2022,North East and Yorkshire,NewAdmissions,256
08/04/2022,Midlands,NewAdmissions,363
08/04/2022,South West,NewAdmissions,214
09/04/2022,Midlands,NewAdmissions,355
09/04/2022,South West,NewAdmissions,201
09/04/2022,North East and Yorkshire,NewAdmissions,263
09/04/2022,East of England,NewAdmissions,176
09/04/2022,North West,NewAdmissions,249
09/04/2022,London,NewAdmissions,172
09/04/2022,South East,NewAdmissions,286
10/04/2022,South East,NewAdmissions,290
10/04/2022,Midlands,NewAdmissions,383
10/04/2022,East of England,NewAdmissions,210
10/04/2022,South West,NewAdmissions,223
10/04/2022,North East and Yorkshire,NewAdmissions,298
10/04/2022,North West,NewAdmissions,224
10/04/2022,London,NewAdmissions,164
11/04/2022,London,NewAdmissions,198
11/04/2022,North West,NewAdmissions,273
11/04/2022,South East,NewAdmissions,277
11/04/2022,North East and Yorkshire,NewAdmissions,323
11/04/2022,Midlands,NewAdmissions,414
11/04/2022,South West,NewAdmissions,224
11/04/2022,East of England,NewAdmissions,200
12/04/2022,North East and Yorkshire,NewAdmissions,371
12/04/2022,East of England,NewAdmissions,198
12/04/2022,Midlands,NewAdmissions,408
12/04/2022,South West,NewAdmissions,239
12/04/2022,North West,NewAdmissions,287
12/04/2022,London,NewAdmissions,217
12/04/2022,South East,NewAdmissions,283
13/04/2022,South East,NewAdmissions,287
13/04/2022,North East and Yorkshire,NewAdmissions,311
13/04/2022,Midlands,NewAdmissions,400
13/04/2022,East of England,NewAdmissions,209
13/04/2022,South West,NewAdmissions,218
13/04/2022,North West,NewAdmissions,287
13/04/2022,London,NewAdmissions,186
14/04/2022,North West,NewAdmissions,283
14/04/2022,London,NewAdmissions,162
14/04/2022,South East,NewAdmissions,255
14/04/2022,North East and Yorkshire,NewAdmissions,279
14/04/2022,Midlands,NewAdmissions,334
14/04/2022,South West,NewAdmissions,190
14/04/2022,East of England,NewAdmissions,159
15/04/2022,South West,NewAdmissions,164
15/04/2022,East of England,NewAdmissions,148
15/04/2022,Midlands,NewAdmissions,315
15/04/2022,North East and Yorkshire,NewAdmissions,273
15/04/2022,North West,NewAdmissions,210
15/04/2022,London,NewAdmissions,134
15/04/2022,South East,NewAdmissions,172
16/04/2022,South East,NewAdmissions,174
16/04/2022,East of England,NewAdmissions,147
16/04/2022,South West,NewAdmissions,163
16/04/2022,Midlands,NewAdmissions,246
16/04/2022,North East and Yorkshire,NewAdmissions,231
16/04/2022,London,NewAdmissions,130
16/04/2022,North West,NewAdmissions,197
17/04/2022,North West,NewAdmissions,191
17/04/2022,London,NewAdmissions,112
17/04/2022,South East,NewAdmissions,210
17/04/2022,East of England,NewAdmissions,166
17/04/2022,South West,NewAdmissions,167
17/04/2022,North East and Yorkshire,NewAdmissions,234
17/04/2022,Midlands,NewAdmissions,267
18/04/2022,Midlands,NewAdmissions,290
18/04/2022,East of England,NewAdmissions,164
18/04/2022,South West,NewAdmissions,170
18/04/2022,North East and Yorkshire,NewAdmissions,261
18/04/2022,North West,NewAdmissions,214
18/04/2022,London,NewAdmissions,173
18/04/2022,South East,NewAdmissions,234
19/04/2022,South East,NewAdmissions,199
19/04/2022,South West,NewAdmissions,141
19/04/2022,East of England,NewAdmissions,139
19/04/2022,North East and Yorkshire,NewAdmissions,283
19/04/2022,Midlands,NewAdmissions,290
19/04/2022,North West,NewAdmissions,238
19/04/2022,London,NewAdmissions,145
20/04/2022,London,NewAdmissions,132
20/04/2022,North West,NewAdmissions,185
20/04/2022,South East,NewAdmissions,191
20/04/2022,North East and Yorkshire,NewAdmissions,229
20/04/2022,Midlands,NewAdmissions,265
20/04/2022,South West,NewAdmissions,169
20/04/2022,East of England,NewAdmissions,151
21/04/2022,South West,NewAdmissions,146
21/04/2022,North East and Yorkshire,NewAdmissions,253
21/04/2022,East of England,NewAdmissions,149
21/04/2022,Midlands,NewAdmissions,241
21/04/2022,North West,NewAdmissions,178
21/04/2022,London,NewAdmissions,116
21/04/2022,South East,NewAdmissions,181
22/04/2022,South East,NewAdmissions,152
22/04/2022,North East and Yorkshire,NewAdmissions,206
22/04/2022,South West,NewAdmissions,134
22/04/2022,East of England,NewAdmissions,128
22/04/2022,Midlands,NewAdmissions,250
22/04/2022,London,NewAdmissions,121
22/04/2022,North West,NewAdmissions,193
23/04/2022,London,NewAdmissions,105
23/04/2022,North West,NewAdmissions,158
23/04/2022,South East,NewAdmissions,128
23/04/2022,Midlands,NewAdmissions,233
23/04/2022,East of England,NewAdmissions,131
23/04/2022,South West,NewAdmissions,130
23/04/2022,North East and Yorkshire,NewAdmissions,202
24/04/2022,South West,NewAdmissions,117
24/04/2022,Midlands,NewAdmissions,210
24/04/2022,East of England,NewAdmissions,144
24/04/2022,North East and Yorkshire,NewAdmissions,175
24/04/2022,London,NewAdmissions,136
24/04/2022,North West,NewAdmissions,147
24/04/2022,South East,NewAdmissions,148
25/04/2022,South East,NewAdmissions,154
25/04/2022,South West,NewAdmissions,118
25/04/2022,North East and Yorkshire,NewAdmissions,212
25/04/2022,East of England,NewAdmissions,123
25/04/2022,Midlands,NewAdmissions,203
25/04/2022,North West,NewAdmissions,191
25/04/2022,London,NewAdmissions,137
26/04/2022,North West,NewAdmissions,192
26/04/2022,London,NewAdmissions,119
26/04/2022,South East,NewAdmissions,167
26/04/2022,East of England,NewAdmissions,103
26/04/2022,Midlands,NewAdmissions,220
26/04/2022,South West,NewAdmissions,113
26/04/2022,North East and Yorkshire,NewAdmissions,186
27/04/2022,South West,NewAdmissions,127
27/04/2022,North East and Yorkshire,NewAdmissions,196
27/04/2022,Midlands,NewAdmissions,219
27/04/2022,East of England,NewAdmissions,117
27/04/2022,London,NewAdmissions,116
27/04/2022,North West,NewAdmissions,159
27/04/2022,South East,NewAdmissions,148
28/04/2022,South East,NewAdmissions,123
28/04/2022,North East and Yorkshire,NewAdmissions,157
28/04/2022,East of England,NewAdmissions,130
28/04/2022,South West,NewAdmissions,102
28/04/2022,Midlands,NewAdmissions,188
28/04/2022,North West,NewAdmissions,125
28/04/2022,London,NewAdmissions,111
29/04/2022,London,NewAdmissions,99
29/04/2022,North West,NewAdmissions,130
29/04/2022,South East,NewAdmissions,122
29/04/2022,Midlands,NewAdmissions,170
29/04/2022,East of England,NewAdmissions,96
29/04/2022,North East and Yorkshire,NewAdmissions,170
29/04/2022,South West,NewAdmissions,85
30/04/2022,South West,NewAdmissions,78
30/04/2022,North East and Yorkshire,NewAdmissions,118
30/04/2022,East of England,NewAdmissions,86
30/04/2022,Midlands,NewAdmissions,150
30/04/2022,North West,NewAdmissions,110
30/04/2022,London,NewAdmissions,77
30/04/2022,South East,NewAdmissions,99
01/05/2022,South East,NewAdmissions,145
01/05/2022,North East and Yorkshire,NewAdmissions,125
01/05/2022,South West,NewAdmissions,80
01/05/2022,Midlands,NewAdmissions,177
01/05/2022,East of England,NewAdmissions,82
01/05/2022,London,NewAdmissions,92
01/05/2022,North West,NewAdmissions,106
02/05/2022,North West,NewAdmissions,116
02/05/2022,London,NewAdmissions,95
02/05/2022,South East,NewAdmissions,148
02/05/2022,East of England,NewAdmissions,96
02/05/2022,South West,NewAdmissions,86
02/05/2022,Midlands,NewAdmissions,152
02/05/2022,North East and Yorkshire,NewAdmissions,135
03/05/2022,South West,NewAdmissions,118
03/05/2022,North East and Yorkshire,NewAdmissions,149
03/05/2022,Midlands,NewAdmissions,160
03/05/2022,East of England,NewAdmissions,118
03/05/2022,North West,NewAdmissions,130
03/05/2022,London,NewAdmissions,92
03/05/2022,South East,NewAdmissions,126
04/05/2022,South East,NewAdmissions,116
04/05/2022,North East and Yorkshire,NewAdmissions,160
04/05/2022,Midlands,NewAdmissions,158
04/05/2022,South West,NewAdmissions,102
04/05/2022,East of England,NewAdmissions,101
04/05/2022,London,NewAdmissions,93
04/05/2022,North West,NewAdmissions,143
05/05/2022,London,NewAdmissions,85
05/05/2022,North West,NewAdmissions,97
05/05/2022,South East,NewAdmissions,121
05/05/2022,Midlands,NewAdmissions,161
05/05/2022,North East and Yorkshire,NewAdmissions,148
05/05/2022,South West,NewAdmissions,77
05/05/2022,East of England,NewAdmissions,88
06/05/2022,Midlands,NewAdmissions,138
06/05/2022,South West,NewAdmissions,75
06/05/2022,North East and Yorkshire,NewAdmissions,143
06/05/2022,East of England,NewAdmissions,75
06/05/2022,London,NewAdmissions,92
06/05/2022,North West,NewAdmissions,91
06/05/2022,South East,NewAdmissions,107
07/05/2022,South East,NewAdmissions,79
07/05/2022,North East and Yorkshire,NewAdmissions,93
07/05/2022,Midlands,NewAdmissions,110
07/05/2022,East of England,NewAdmissions,104
07/05/2022,South West,NewAdmissions,48
07/05/2022,North West,NewAdmissions,108
07/05/2022,London,NewAdmissions,65
08/05/2022,North West,NewAdmissions,126
08/05/2022,London,NewAdmissions,69
08/05/2022,South East,NewAdmissions,97
08/05/2022,East of England,NewAdmissions,73
08/05/2022,North East and Yorkshire,NewAdmissions,142
08/05/2022,South West,NewAdmissions,60
08/05/2022,Midlands,NewAdmissions,102
09/05/2022,North East and Yorkshire,NewAdmissions,134
09/05/2022,East of England,NewAdmissions,79
09/05/2022,South West,NewAdmissions,86
09/05/2022,Midlands,NewAdmissions,139
09/05/2022,North West,NewAdmissions,112
09/05/2022,London,NewAdmissions,82
09/05/2022,South East,NewAdmissions,99
10/05/2022,South East,NewAdmissions,121
10/05/2022,East of England,NewAdmissions,80
10/05/2022,Midlands,NewAdmissions,145
10/05/2022,South West,NewAdmissions,85
10/05/2022,North East and Yorkshire,NewAdmissions,124
10/05/2022,London,NewAdmissions,86
10/05/2022,North West,NewAdmissions,85
11/05/2022,London,NewAdmissions,96
11/05/2022,North West,NewAdmissions,91
11/05/2022,South East,NewAdmissions,109
11/05/2022,Midlands,NewAdmissions,139
11/05/2022,East of England,NewAdmissions,71
11/05/2022,South West,NewAdmissions,55
11/05/2022,North East and Yorkshire,NewAdmissions,110
12/05/2022,South West,NewAdmissions,77
12/05/2022,East of England,NewAdmissions,64
12/05/2022,Midlands,NewAdmissions,145
12/05/2022,North East and Yorkshire,NewAdmissions,102
12/05/2022,London,NewAdmissions,86
12/05/2022,North West,NewAdmissions,105
12/05/2022,South East,NewAdmissions,101
13/05/2022,South East,NewAdmissions,74
13/05/2022,North East and Yorkshire,NewAdmissions,96
13/05/2022,Midlands,NewAdmissions,116
13/05/2022,East of England,NewAdmissions,46
13/05/2022,South West,NewAdmissions,65
13/05/2022,North West,NewAdmissions,79
13/05/2022,London,NewAdmissions,66
14/05/2022,North West,NewAdmissions,87
14/05/2022,London,NewAdmissions,73
14/05/2022,South East,NewAdmissions,90
14/05/2022,East of England,NewAdmissions,59
14/05/2022,Midlands,NewAdmissions,105
14/05/2022,South West,NewAdmissions,42
14/05/2022,North East and Yorkshire,NewAdmissions,97
15/05/2022,South West,NewAdmissions,75
15/05/2022,North East and Yorkshire,NewAdmissions,101
15/05/2022,Midlands,NewAdmissions,96
15/05/2022,East of England,NewAdmissions,60
15/05/2022,London,NewAdmissions,78
15/05/2022,North West,NewAdmissions,89
15/05/2022,South East,NewAdmissions,67
16/05/2022,South East,NewAdmissions,95
16/05/2022,East of England,NewAdmissions,78
16/05/2022,Midlands,NewAdmissions,106
16/05/2022,South West,NewAdmissions,65
16/05/2022,North East and Yorkshire,NewAdmissions,83
16/05/2022,London,NewAdmissions,62
16/05/2022,North West,NewAdmissions,100
17/05/2022,London,NewAdmissions,70
17/05/2022,North West,NewAdmissions,82
17/05/2022,South East,NewAdmissions,78
17/05/2022,Midlands,NewAdmissions,123
17/05/2022,North East and Yorkshire,NewAdmissions,107
17/05/2022,East of England,NewAdmissions,50
17/05/2022,South West,NewAdmissions,66
18/05/2022,Midlands,NewAdmissions,114
18/05/2022,East of England,NewAdmissions,79
18/05/2022,North East and Yorkshire,NewAdmissions,127
18/05/2022,South West,NewAdmissions,56
18/05/2022,London,NewAdmissions,67
18/05/2022,North West,NewAdmissions,87
18/05/2022,South East,NewAdmissions,96
19/05/2022,South East,NewAdmissions,77
19/05/2022,South West,NewAdmissions,68
19/05/2022,Midlands,NewAdmissions,101
19/05/2022,North East and Yorkshire,NewAdmissions,102
19/05/2022,East of England,NewAdmissions,48
19/05/2022,North West,NewAdmissions,116
19/05/2022,London,NewAdmissions,61
20/05/2022,London,NewAdmissions,66
20/05/2022,North West,NewAdmissions,80
20/05/2022,South East,NewAdmissions,55
20/05/2022,East of England,NewAdmissions,33
20/05/2022,South West,NewAdmissions,59
20/05/2022,North East and Yorkshire,NewAdmissions,74
20/05/2022,Midlands,NewAdmissions,83
21/05/2022,East of England,NewAdmissions,30
21/05/2022,North East and Yorkshire,NewAdmissions,72
21/05/2022,Midlands,NewAdmissions,70
21/05/2022,South West,NewAdmissions,50
21/05/2022,North West,NewAdmissions,58
21/05/2022,London,NewAdmissions,53
21/05/2022,South East,NewAdmissions,54
22/05/2022,South East,NewAdmissions,78
22/05/2022,North East and Yorkshire,NewAdmissions,67
22/05/2022,East of England,NewAdmissions,48
22/05/2022,South West,NewAdmissions,43
22/05/2022,Midlands,NewAdmissions,83
22/05/2022,North West,NewAdmissions,63
22/05/2022,London,NewAdmissions,81
23/05/2022,London,NewAdmissions,77
23/05/2022,North West,NewAdmissions,72
23/05/2022,South East,NewAdmissions,65
23/05/2022,North East and Yorkshire,NewAdmissions,76
23/05/2022,Midlands,NewAdmissions,112
23/05/2022,South West,NewAdmissions,50
23/05/2022,East of England,NewAdmissions,53
24/05/2022,North East and Yorkshire,NewAdmissions,71
24/05/2022,South West,NewAdmissions,45
24/05/2022,East of England,NewAdmissions,56
24/05/2022,Midlands,NewAdmissions,96
24/05/2022,London,NewAdmissions,65
24/05/2022,North West,NewAdmissions,63
24/05/2022,South East,NewAdmissions,65
25/05/2022,South East,NewAdmissions,51
25/05/2022,Midlands,NewAdmissions,92
25/05/2022,North East and Yorkshire,NewAdmissions,75
25/05/2022,East of England,NewAdmissions,54
25/05/2022,South West,NewAdmissions,55
25/05/2022,North West,NewAdmissions,65
25/05/2022,London,NewAdmissions,83
26/05/2022,North West,NewAdmissions,59
26/05/2022,London,NewAdmissions,61
26/05/2022,South East,NewAdmissions,63
26/05/2022,Midlands,NewAdmissions,74
26/05/2022,North East and Yorkshire,NewAdmissions,79
26/05/2022,East of England,NewAdmissions,36
26/05/2022,South West,NewAdmissions,49
27/05/2022,North East and Yorkshire,NewAdmissions,61
27/05/2022,East of England,NewAdmissions,36
27/05/2022,South West,NewAdmissions,32
27/05/2022,Midlands,NewAdmissions,86
27/05/2022,London,NewAdmissions,77
27/05/2022,North West,NewAdmissions,76
27/05/2022,South East,NewAdmissions,74
28/05/2022,South East,NewAdmissions,57
28/05/2022,South West,NewAdmissions,46
28/05/2022,East of England,NewAdmissions,44
28/05/2022,North East and Yorkshire,NewAdmissions,54
28/05/2022,Midlands,NewAdmissions,83
28/05/2022,North West,NewAdmissions,48
28/05/2022,London,NewAdmissions,50
29/05/2022,North West,NewAdmissions,63
29/05/2022,London,NewAdmissions,63
29/05/2022,South East,NewAdmissions,53
29/05/2022,South West,NewAdmissions,43
29/05/2022,East of England,NewAdmissions,34
29/05/2022,North East and Yorkshire,NewAdmissions,74
29/05/2022,Midlands,NewAdmissions,98
30/05/2022,East of England,NewAdmissions,38
30/05/2022,South West,NewAdmissions,43
30/05/2022,Midlands,NewAdmissions,92
30/05/2022,North East and Yorkshire,NewAdmissions,85
30/05/2022,London,NewAdmissions,82
30/05/2022,North West,NewAdmissions,61
30/05/2022,South East,NewAdmissions,64
31/05/2022,South East,NewAdmissions,73
31/05/2022,North East and Yorkshire,NewAdmissions,74
31/05/2022,Midlands,NewAdmissions,93
31/05/2022,South West,NewAdmissions,60
31/05/2022,East of England,NewAdmissions,64
31/05/2022,North West,NewAdmissions,86
31/05/2022,London,NewAdmissions,52
01/06/2022,London,NewAdmissions,69
01/06/2022,North West,NewAdmissions,59
01/06/2022,South East,NewAdmissions,73
01/06/2022,Midlands,NewAdmissions,98
01/06/2022,North East and Yorkshire,NewAdmissions,82
01/06/2022,East of England,NewAdmissions,44
01/06/2022,South West,NewAdmissions,55
02/06/2022,South West,NewAdmissions,39
02/06/2022,North East and Yorkshire,NewAdmissions,70
02/06/2022,Midlands,NewAdmissions,92
02/06/2022,East of England,NewAdmissions,42
02/06/2022,North West,NewAdmissions,54
02/06/2022,London,NewAdmissions,52
02/06/2022,South East,NewAdmissions,63
03/06/2022,South East,NewAdmissions,72
03/06/2022,Midlands,NewAdmissions,77
03/06/2022,North East and Yorkshire,NewAdmissions,71
03/06/2022,East of England,NewAdmissions,41
03/06/2022,South West,NewAdmissions,34
03/06/2022,London,NewAdmissions,58
03/06/2022,North West,NewAdmissions,51
04/06/2022,North West,NewAdmissions,56
04/06/2022,London,NewAdmissions,73
04/06/2022,South East,NewAdmissions,70
04/06/2022,South West,NewAdmissions,34
04/06/2022,Midlands,NewAdmissions,85
04/06/2022,East of England,NewAdmissions,53
04/06/2022,North East and Yorkshire,NewAdmissions,72
05/06/2022,North East and Yorkshire,NewAdmissions,92
05/06/2022,Midlands,NewAdmissions,92
05/06/2022,South West,NewAdmissions,41
05/06/2022,East of England,NewAdmissions,42
05/06/2022,North West,NewAdmissions,89
05/06/2022,London,NewAdmissions,71
05/06/2022,South East,NewAdmissions,104
06/06/2022,South East,NewAdmissions,91
06/06/2022,Midlands,NewAdmissions,98
06/06/2022,North East and Yorkshire,NewAdmissions,110
06/06/2022,East of England,NewAdmissions,58
06/06/2022,South West,NewAdmissions,58
06/06/2022,London,NewAdmissions,98
06/06/2022,North West,NewAdmissions,93
07/06/2022,North West,NewAdmissions,77
07/06/2022,London,NewAdmissions,86
07/06/2022,South East,NewAdmissions,106
07/06/2022,Midlands,NewAdmissions,113
07/06/2022,East of England,NewAdmissions,46
07/06/2022,North East and Yorkshire,NewAdmissions,95
07/06/2022,South West,NewAdmissions,54
08/06/2022,North East and Yorkshire,NewAdmissions,124
08/06/2022,Midlands,NewAdmissions,107
08/06/2022,East of England,NewAdmissions,78
08/06/2022,South West,NewAdmissions,70
08/06/2022,North West,NewAdmissions,104
08/06/2022,London,NewAdmissions,93
08/06/2022,South East,NewAdmissions,88
09/06/2022,South East,NewAdmissions,98
09/06/2022,North East and Yorkshire,NewAdmissions,101
09/06/2022,South West,NewAdmissions,54
09/06/2022,Midlands,NewAdmissions,123
09/06/2022,East of England,NewAdmissions,77
09/06/2022,North West,NewAdmissions,98
09/06/2022,London,NewAdmissions,76
10/06/2022,North West,NewAdmissions,98
10/06/2022,London,NewAdmissions,93
10/06/2022,South East,NewAdmissions,70
10/06/2022,South West,NewAdmissions,56
10/06/2022,Midlands,NewAdmissions,128
10/06/2022,East of England,NewAdmissions,60
10/06/2022,North East and Yorkshire,NewAdmissions,84
11/06/2022,Midlands,NewAdmissions,118
11/06/2022,South West,NewAdmissions,54
11/06/2022,North East and Yorkshire,NewAdmissions,99
11/06/2022,East of England,NewAdmissions,54
11/06/2022,London,NewAdmissions,83
11/06/2022,North West,NewAdmissions,87
11/06/2022,South East,NewAdmissions,88
12/06/2022,South East,NewAdmissions,108
12/06/2022,East of England,NewAdmissions,60
12/06/2022,North East and Yorkshire,NewAdmissions,121
12/06/2022,South West,NewAdmissions,81
12/06/2022,Midlands,NewAdmissions,94
12/06/2022,North West,NewAdmissions,107
12/06/2022,London,NewAdmissions,88
13/06/2022,London,NewAdmissions,114
13/06/2022,North West,NewAdmissions,123
13/06/2022,South East,NewAdmissions,96
13/06/2022,North East and Yorkshire,NewAdmissions,117
13/06/2022,South West,NewAdmissions,72
13/06/2022,East of England,NewAdmissions,62
13/06/2022,Midlands,NewAdmissions,138
14/06/2022,South West,NewAdmissions,64
14/06/2022,Midlands,NewAdmissions,151
14/06/2022,North East and Yorkshire,NewAdmissions,124
14/06/2022,East of England,NewAdmissions,85
14/06/2022,London,NewAdmissions,107
14/06/2022,North West,NewAdmissions,124
14/06/2022,South East,NewAdmissions,108
15/06/2022,South East,NewAdmissions,98
15/06/2022,South West,NewAdmissions,79
15/06/2022,Midlands,NewAdmissions,151
15/06/2022,East of England,NewAdmissions,102
15/06/2022,North East and Yorkshire,NewAdmissions,130
15/06/2022,London,NewAdmissions,130
15/06/2022,North West,NewAdmissions,152
16/06/2022,North West,NewAdmissions,138
16/06/2022,London,NewAdmissions,115
16/06/2022,South East,NewAdmissions,115
16/06/2022,East of England,NewAdmissions,81
16/06/2022,Midlands,NewAdmissions,174
16/06/2022,North East and Yorkshire,NewAdmissions,111
16/06/2022,South West,NewAdmissions,88
17/06/2022,South West,NewAdmissions,72
17/06/2022,East of England,NewAdmissions,73
17/06/2022,Midlands,NewAdmissions,162
17/06/2022,North East and Yorkshire,NewAdmissions,141
17/06/2022,North West,NewAdmissions,152
17/06/2022,London,NewAdmissions,107
17/06/2022,South East,NewAdmissions,122
18/06/2022,South East,NewAdmissions,118
18/06/2022,Midlands,NewAdmissions,157
18/06/2022,North East and Yorkshire,NewAdmissions,127
18/06/2022,East of England,NewAdmissions,85
18/06/2022,South West,NewAdmissions,45
18/06/2022,London,NewAdmissions,105
18/06/2022,North West,NewAdmissions,160
19/06/2022,North West,NewAdmissions,182
19/06/2022,London,NewAdmissions,126
19/06/2022,South East,NewAdmissions,142
19/06/2022,Midlands,NewAdmissions,163
19/06/2022,East of England,NewAdmissions,105
19/06/2022,North East and Yorkshire,NewAdmissions,149
19/06/2022,South West,NewAdmissions,75
20/06/2022,South West,NewAdmissions,87
20/06/2022,East of England,NewAdmissions,107
20/06/2022,North East and Yorkshire,NewAdmissions,179
20/06/2022,Midlands,NewAdmissions,225
20/06/2022,North West,NewAdmissions,177
20/06/2022,London,NewAdmissions,146
20/06/2022,South East,NewAdmissions,134
21/06/2022,South East,NewAdmissions,166
21/06/2022,South West,NewAdmissions,105
21/06/2022,North East and Yorkshire,NewAdmissions,172
21/06/2022,Midlands,NewAdmissions,220
21/06/2022,North West,NewAdmissions,180
21/06/2022,East of England,NewAdmissions,120
21/06/2022,London,NewAdmissions,192
22/06/2022,North West,NewAdmissions,208
22/06/2022,East of England,NewAdmissions,96
22/06/2022,London,NewAdmissions,173
22/06/2022,South East,NewAdmissions,170
22/06/2022,North East and Yorkshire,NewAdmissions,177
22/06/2022,Midlands,NewAdmissions,202
22/06/2022,South West,NewAdmissions,107
23/06/2022,South West,NewAdmissions,84
23/06/2022,North East and Yorkshire,NewAdmissions,204
23/06/2022,Midlands,NewAdmissions,236
23/06/2022,East of England,NewAdmissions,133
23/06/2022,North West,NewAdmissions,195
23/06/2022,London,NewAdmissions,177
23/06/2022,South East,NewAdmissions,181
24/06/2022,South East,NewAdmissions,131
24/06/2022,South West,NewAdmissions,90
24/06/2022,Midlands,NewAdmissions,223
24/06/2022,North East and Yorkshire,NewAdmissions,199
24/06/2022,North West,NewAdmissions,170
24/06/2022,London,NewAdmissions,142
24/06/2022,East of England,NewAdmissions,117
25/06/2022,North West,NewAdmissions,166
25/06/2022,London,NewAdmissions,151
25/06/2022,East of England,NewAdmissions,92
25/06/2022,South East,NewAdmissions,139
25/06/2022,South West,NewAdmissions,77
25/06/2022,North East and Yorkshire,NewAdmissions,179
25/06/2022,Midlands,NewAdmissions,207
26/06/2022,Midlands,NewAdmissions,248
26/06/2022,North East and Yorkshire,NewAdmissions,212
26/06/2022,South West,NewAdmissions,116
26/06/2022,East of England,NewAdmissions,130
26/06/2022,London,NewAdmissions,173
26/06/2022,North West,NewAdmissions,220
26/06/2022,South East,NewAdmissions,177
27/06/2022,South East,NewAdmissions,242
27/06/2022,North East and Yorkshire,NewAdmissions,217
27/06/2022,Midlands,NewAdmissions,284
27/06/2022,South West,NewAdmissions,159
27/06/2022,London,NewAdmissions,175
27/06/2022,North West,NewAdmissions,236
27/06/2022,East of England,NewAdmissions,125
28/06/2022,North West,NewAdmissions,223
28/06/2022,London,NewAdmissions,177
28/06/2022,East of England,NewAdmissions,154
28/06/2022,South East,NewAdmissions,209
28/06/2022,South West,NewAdmissions,141
28/06/2022,North East and Yorkshire,NewAdmissions,220
28/06/2022,Midlands,NewAdmissions,330
29/06/2022,North East and Yorkshire,NewAdmissions,226
29/06/2022,South West,NewAdmissions,168
29/06/2022,Midlands,NewAdmissions,301
29/06/2022,London,NewAdmissions,193
29/06/2022,North West,NewAdmissions,245
29/06/2022,East of England,NewAdmissions,170
29/06/2022,South East,NewAdmissions,269
30/06/2022,South East,NewAdmissions,219
30/06/2022,Midlands,NewAdmissions,329
30/06/2022,North East and Yorkshire,NewAdmissions,243
30/06/2022,South West,NewAdmissions,151
30/06/2022,London,NewAdmissions,225
30/06/2022,North West,NewAdmissions,249
30/06/2022,East of England,NewAdmissions,180
01/07/2022,North West,NewAdmissions,191
01/07/2022,East of England,NewAdmissions,131
01/07/2022,London,NewAdmissions,183
01/07/2022,South East,NewAdmissions,188
01/07/2022,South West,NewAdmissions,136
01/07/2022,North East and Yorkshire,NewAdmissions,213
01/07/2022,Midlands,NewAdmissions,284
02/07/2022,South West,NewAdmissions,160
02/07/2022,North East and Yorkshire,NewAdmissions,226
02/07/2022,Midlands,NewAdmissions,258
02/07/2022,East of England,NewAdmissions,150
02/07/2022,London,NewAdmissions,200
02/07/2022,North West,NewAdmissions,190
02/07/2022,South East,NewAdmissions,190
03/07/2022,South East,NewAdmissions,313
03/07/2022,Midlands,NewAdmissions,321
03/07/2022,South West,NewAdmissions,189
03/07/2022,North East and Yorkshire,NewAdmissions,272
03/07/2022,North West,NewAdmissions,281
03/07/2022,East of England,NewAdmissions,189
03/07/2022,London,NewAdmissions,230
04/07/2022,North West,NewAdmissions,314
04/07/2022,East of England,NewAdmissions,164
04/07/2022,London,NewAdmissions,245
04/07/2022,South East,NewAdmissions,304
04/07/2022,Midlands,NewAdmissions,368
04/07/2022,South West,NewAdmissions,214
04/07/2022,North East and Yorkshire,NewAdmissions,302
05/07/2022,North East and Yorkshire,NewAdmissions,318
05/07/2022,Midlands,NewAdmissions,384
05/07/2022,South West,NewAdmissions,173
05/07/2022,East of England,NewAdmissions,183
05/07/2022,North West,NewAdmissions,319
05/07/2022,London,NewAdmissions,248
05/07/2022,South East,NewAdmissions,301
06/07/2022,South East,NewAdmissions,296
06/07/2022,North East and Yorkshire,NewAdmissions,288
06/07/2022,South West,NewAdmissions,190
06/07/2022,Midlands,NewAdmissions,390
06/07/2022,London,NewAdmissions,279
06/07/2022,East of England,NewAdmissions,194
06/07/2022,North West,NewAdmissions,308
07/07/2022,East of England,NewAdmissions,198
07/07/2022,North West,NewAdmissions,265
07/07/2022,London,NewAdmissions,330
07/07/2022,South East,NewAdmissions,270
07/07/2022,North East and Yorkshire,NewAdmissions,303
07/07/2022,South West,NewAdmissions,180
07/07/2022,Midlands,NewAdmissions,421
08/07/2022,Midlands,NewAdmissions,365
08/07/2022,South West,NewAdmissions,146
08/07/2022,North East and Yorkshire,NewAdmissions,252
08/07/2022,East of England,NewAdmissions,161
08/07/2022,London,NewAdmissions,224
08/07/2022,North West,NewAdmissions,294
08/07/2022,South East,NewAdmissions,254
09/07/2022,South East,NewAdmissions,274
09/07/2022,North East and Yorkshire,NewAdmissions,220
09/07/2022,Midlands,NewAdmissions,314
09/07/2022,South West,NewAdmissions,154
09/07/2022,London,NewAdmissions,211
09/07/2022,East of England,NewAdmissions,192
09/07/2022,North West,NewAdmissions,236
10/07/2022,London,NewAdmissions,270
10/07/2022,North West,NewAdmissions,283
10/07/2022,East of England,NewAdmissions,184
10/07/2022,South East,NewAdmissions,280
10/07/2022,South West,NewAdmissions,190
10/07/2022,Midlands,NewAdmissions,375
10/07/2022,North East and Yorkshire,NewAdmissions,307
11/07/2022,North East and Yorkshire,NewAdmissions,283
11/07/2022,South West,NewAdmissions,208
11/07/2022,Midlands,NewAdmissions,428
11/07/2022,North West,NewAdmissions,265
11/07/2022,East of England,NewAdmissions,194
11/07/2022,London,NewAdmissions,263
11/07/2022,South East,NewAdmissions,364
12/07/2022,South East,NewAdmissions,270
12/07/2022,Midlands,NewAdmissions,366
12/07/2022,South West,NewAdmissions,164
12/07/2022,North East and Yorkshire,NewAdmissions,341
12/07/2022,London,NewAdmissions,271
12/07/2022,East of England,NewAdmissions,240
12/07/2022,North West,NewAdmissions,293
13/07/2022,South West,NewAdmissions,182
13/07/2022,East of England,NewAdmissions,190
13/07/2022,London,NewAdmissions,266
13/07/2022,North West,NewAdmissions,334
13/07/2022,South East,NewAdmissions,298
13/07/2022,North East and Yorkshire,NewAdmissions,304
13/07/2022,Midlands,NewAdmissions,372
14/07/2022,North East and Yorkshire,NewAdmissions,303
14/07/2022,Midlands,NewAdmissions,400
14/07/2022,East of England,NewAdmissions,165
14/07/2022,South West,NewAdmissions,170
14/07/2022,North West,NewAdmissions,290
14/07/2022,London,NewAdmissions,278
14/07/2022,South East,NewAdmissions,233
15/07/2022,South East,NewAdmissions,184
15/07/2022,Midlands,NewAdmissions,312
15/07/2022,North East and Yorkshire,NewAdmissions,255
15/07/2022,North West,NewAdmissions,227
15/07/2022,London,NewAdmissions,215
15/07/2022,South West,NewAdmissions,139
15/07/2022,East of England,NewAdmissions,155
16/07/2022,South West,NewAdmissions,130
16/07/2022,North West,NewAdmissions,196
16/07/2022,London,NewAdmissions,179
16/07/2022,East of England,NewAdmissions,137
16/07/2022,South East,NewAdmissions,206
16/07/2022,North East and Yorkshire,NewAdmissions,238
16/07/2022,Midlands,NewAdmissions,287
17/07/2022,Midlands,NewAdmissions,333
17/07/2022,North East and Yorkshire,NewAdmissions,262
17/07/2022,South West,NewAdmissions,181
17/07/2022,London,NewAdmissions,229
17/07/2022,East of England,NewAdmissions,178
17/07/2022,North West,NewAdmissions,279
17/07/2022,South East,NewAdmissions,232
18/07/2022,South East,NewAdmissions,274
18/07/2022,Midlands,NewAdmissions,341
18/07/2022,North East and Yorkshire,NewAdmissions,301
18/07/2022,North West,NewAdmissions,262
18/07/2022,East of England,NewAdmissions,173
18/07/2022,South West,NewAdmissions,157
18/07/2022,London,NewAdmissions,246
19/07/2022,South West,NewAdmissions,153
19/07/2022,East of England,NewAdmissions,155
19/07/2022,London,NewAdmissions,258
19/07/2022,North West,NewAdmissions,323
19/07/2022,South East,NewAdmissions,252
19/07/2022,North East and Yorkshire,NewAdmissions,332
19/07/2022,Midlands,NewAdmissions,361
20/07/2022,Midlands,NewAdmissions,337
20/07/2022,North East and Yorkshire,NewAdmissions,272
20/07/2022,North West,NewAdmissions,278
20/07/2022,London,NewAdmissions,208
20/07/2022,South West,NewAdmissions,169
20/07/2022,East of England,NewAdmissions,194
20/07/2022,South East,NewAdmissions,257
21/07/2022,South East,NewAdmissions,209
21/07/2022,North East and Yorkshire,NewAdmissions,234
21/07/2022,Midlands,NewAdmissions,335
21/07/2022,North West,NewAdmissions,253
21/07/2022,East of England,NewAdmissions,175
21/07/2022,London,NewAdmissions,206
21/07/2022,South West,NewAdmissions,138
22/07/2022,East of England,NewAdmissions,106
22/07/2022,London,NewAdmissions,176
22/07/2022,North West,NewAdmissions,240
22/07/2022,South West,NewAdmissions,114
22/07/2022,South East,NewAdmissions,173
22/07/2022,North East and Yorkshire,NewAdmissions,189
22/07/2022,Midlands,NewAdmissions,233
23/07/2022,North East and Yorkshire,NewAdmissions,185
23/07/2022,Midlands,NewAdmissions,226
23/07/2022,London,NewAdmissions,148
23/07/2022,East of England,NewAdmissions,117
23/07/2022,North West,NewAdmissions,203
23/07/2022,South West,NewAdmissions,114
23/07/2022,South East,NewAdmissions,146
24/07/2022,South East,NewAdmissions,150
24/07/2022,Midlands,NewAdmissions,289
24/07/2022,North East and Yorkshire,NewAdmissions,239
24/07/2022,South West,NewAdmissions,125
24/07/2022,East of England,NewAdmissions,150
24/07/2022,London,NewAdmissions,157
24/07/2022,North West,NewAdmissions,197
25/07/2022,East of England,NewAdmissions,122
25/07/2022,London,NewAdmissions,196
25/07/2022,North West,NewAdmissions,222
25/07/2022,South West,NewAdmissions,126
25/07/2022,South East,NewAdmissions,173
25/07/2022,North East and Yorkshire,NewAdmissions,233
25/07/2022,Midlands,NewAdmissions,273
26/07/2022,North East and Yorkshire,NewAdmissions,242
26/07/2022,Midlands,NewAdmissions,246
26/07/2022,London,NewAdmissions,162
26/07/2022,South West,NewAdmissions,128
26/07/2022,North West,NewAdmissions,244
26/07/2022,East of England,NewAdmissions,128
26/07/2022,South East,NewAdmissions,168
27/07/2022,South East,NewAdmissions,174
27/07/2022,North East and Yorkshire,NewAdmissions,184
27/07/2022,Midlands,NewAdmissions,261
27/07/2022,East of England,NewAdmissions,122
27/07/2022,North West,NewAdmissions,202
27/07/2022,South West,NewAdmissions,110
27/07/2022,London,NewAdmissions,144
28/07/2022,South West,NewAdmissions,97
28/07/2022,London,NewAdmissions,139
28/07/2022,North West,NewAdmissions,210
28/07/2022,East of England,NewAdmissions,129
28/07/2022,South East,NewAdmissions,136
28/07/2022,Midlands,NewAdmissions,270
28/07/2022,North East and Yorkshire,NewAdmissions,184
29/07/2022,Midlands,NewAdmissions,217
29/07/2022,North East and Yorkshire,NewAdmissions,164
29/07/2022,North West,NewAdmissions,162
29/07/2022,East of England,NewAdmissions,100
29/07/2022,London,NewAdmissions,141
29/07/2022,South West,NewAdmissions,78
29/07/2022,South East,NewAdmissions,134
30/07/2022,South East,NewAdmissions,123
30/07/2022,North East and Yorkshire,NewAdmissions,155
30/07/2022,Midlands,NewAdmissions,199
30/07/2022,North West,NewAdmissions,168
30/07/2022,East of England,NewAdmissions,90
30/07/2022,South West,NewAdmissions,84
30/07/2022,London,NewAdmissions,117
31/07/2022,South West,NewAdmissions,117
31/07/2022,London,NewAdmissions,134
31/07/2022,North West,NewAdmissions,189
31/07/2022,East of England,NewAdmissions,135
31/07/2022,South East,NewAdmissions,144
31/07/2022,Midlands,NewAdmissions,236
31/07/2022,North East and Yorkshire,NewAdmissions,183
01/08/2022,North East and Yorkshire,NewAdmissions,212
01/08/2022,Midlands,NewAdmissions,245
01/08/2022,East of England,NewAdmissions,90
01/08/2022,London,NewAdmissions,162
01/08/2022,South West,NewAdmissions,99
01/08/2022,North West,NewAdmissions,163
01/08/2022,South East,NewAdmissions,149
02/08/2022,South East,NewAdmissions,132
02/08/2022,Midlands,NewAdmissions,255
02/08/2022,North East and Yorkshire,NewAdmissions,174
02/08/2022,South West,NewAdmissions,103
02/08/2022,East of England,NewAdmissions,89
02/08/2022,London,NewAdmissions,142
02/08/2022,North West,NewAdmissions,167
03/08/2022,London,NewAdmissions,133
03/08/2022,South West,NewAdmissions,90
03/08/2022,East of England,NewAdmissions,115
03/08/2022,North West,NewAdmissions,170
03/08/2022,South East,NewAdmissions,166
03/08/2022,Midlands,NewAdmissions,215
03/08/2022,North East and Yorkshire,NewAdmissions,170
04/08/2022,North East and Yorkshire,NewAdmissions,198
04/08/2022,Midlands,NewAdmissions,200
04/08/2022,East of England,NewAdmissions,79
04/08/2022,North West,NewAdmissions,170
04/08/2022,South West,NewAdmissions,90
04/08/2022,London,NewAdmissions,150
04/08/2022,South East,NewAdmissions,130
05/08/2022,South East,NewAdmissions,117
05/08/2022,Midlands,NewAdmissions,192
05/08/2022,North East and Yorkshire,NewAdmissions,142
05/08/2022,South West,NewAdmissions,81
05/08/2022,London,NewAdmissions,141
05/08/2022,North West,NewAdmissions,139
05/08/2022,East of England,NewAdmissions,98
06/08/2022,East of England,NewAdmissions,81
06/08/2022,London,NewAdmissions,103
06/08/2022,North West,NewAdmissions,158
06/08/2022,South West,NewAdmissions,51
06/08/2022,South East,NewAdmissions,88
06/08/2022,Midlands,NewAdmissions,178
06/08/2022,North East and Yorkshire,NewAdmissions,116
07/08/2022,North East and Yorkshire,NewAdmissions,162
07/08/2022,Midlands,NewAdmissions,171
07/08/2022,South West,NewAdmissions,81
07/08/2022,East of England,NewAdmissions,90
07/08/2022,London,NewAdmissions,111
07/08/2022,North West,NewAdmissions,149
07/08/2022,South East,NewAdmissions,135
08/08/2022,South East,NewAdmissions,127
08/08/2022,North East and Yorkshire,NewAdmissions,164
08/08/2022,Midlands,NewAdmissions,215
08/08/2022,East of England,NewAdmissions,94
08/08/2022,North West,NewAdmissions,166
08/08/2022,London,NewAdmissions,113
08/08/2022,South West,NewAdmissions,96
09/08/2022,East of England,NewAdmissions,100
09/08/2022,London,NewAdmissions,119
09/08/2022,South West,NewAdmissions,74
09/08/2022,North West,NewAdmissions,150
09/08/2022,South East,NewAdmissions,127
09/08/2022,Midlands,NewAdmissions,210
09/08/2022,North East and Yorkshire,NewAdmissions,193
10/08/2022,North East and Yorkshire,NewAdmissions,173
10/08/2022,Midlands,NewAdmissions,210
10/08/2022,London,NewAdmissions,121
10/08/2022,North West,NewAdmissions,209
10/08/2022,South West,NewAdmissions,69
10/08/2022,East of England,NewAdmissions,92
10/08/2022,South East,NewAdmissions,135
11/08/2022,South East,NewAdmissions,131
11/08/2022,Midlands,NewAdmissions,168
11/08/2022,North East and Yorkshire,NewAdmissions,152
11/08/2022,London,NewAdmissions,104
11/08/2022,East of England,NewAdmissions,95
11/08/2022,South West,NewAdmissions,66
11/08/2022,North West,NewAdmissions,185
12/08/2022,East of England,NewAdmissions,96
12/08/2022,London,NewAdmissions,93
12/08/2022,South West,NewAdmissions,45
12/08/2022,North West,NewAdmissions,148
12/08/2022,South East,NewAdmissions,77
12/08/2022,Midlands,NewAdmissions,155
12/08/2022,North East and Yorkshire,NewAdmissions,126
13/08/2022,North East and Yorkshire,NewAdmissions,122
13/08/2022,Midlands,NewAdmissions,163
13/08/2022,South West,NewAdmissions,37
13/08/2022,North West,NewAdmissions,132
13/08/2022,East of England,NewAdmissions,88
13/08/2022,London,NewAdmissions,101
13/08/2022,South East,NewAdmissions,119
14/08/2022,South East,NewAdmissions,96
14/08/2022,Midlands,NewAdmissions,160
14/08/2022,North East and Yorkshire,NewAdmissions,143
14/08/2022,North West,NewAdmissions,134
14/08/2022,East of England,NewAdmissions,84
14/08/2022,London,NewAdmissions,81
14/08/2022,South West,NewAdmissions,61
15/08/2022,East of England,NewAdmissions,89
15/08/2022,North West,NewAdmissions,138
15/08/2022,London,NewAdmissions,107
15/08/2022,South West,NewAdmissions,87
15/08/2022,South East,NewAdmissions,112
15/08/2022,North East and Yorkshire,NewAdmissions,154
15/08/2022,Midlands,NewAdmissions,174
16/08/2022,Midlands,NewAdmissions,167
16/08/2022,North East and Yorkshire,NewAdmissions,136
16/08/2022,East of England,NewAdmissions,107
16/08/2022,London,NewAdmissions,85
16/08/2022,North West,NewAdmissions,130
16/08/2022,South West,NewAdmissions,71
16/08/2022,South East,NewAdmissions,122
17/08/2022,South East,NewAdmissions,114
17/08/2022,North East and Yorkshire,NewAdmissions,129
17/08/2022,Midlands,NewAdmissions,156
17/08/2022,London,NewAdmissions,109
17/08/2022,East of England,NewAdmissions,79
17/08/2022,South West,NewAdmissions,50
17/08/2022,North West,NewAdmissions,151
18/08/2022,East of England,NewAdmissions,72
18/08/2022,North West,NewAdmissions,140
18/08/2022,South West,NewAdmissions,63
18/08/2022,London,NewAdmissions,78
18/08/2022,South East,NewAdmissions,78
18/08/2022,North East and Yorkshire,NewAdmissions,129
18/08/2022,Midlands,NewAdmissions,132
19/08/2022,Midlands,NewAdmissions,142
19/08/2022,North East and Yorkshire,NewAdmissions,108
19/08/2022,North West,NewAdmissions,103
19/08/2022,London,NewAdmissions,62
19/08/2022,South West,NewAdmissions,51
19/08/2022,East of England,NewAdmissions,82
19/08/2022,South East,NewAdmissions,100
20/08/2022,South East,NewAdmissions,80
20/08/2022,Midlands,NewAdmissions,124
20/08/2022,North East and Yorkshire,NewAdmissions,91
20/08/2022,North West,NewAdmissions,104
20/08/2022,East of England,NewAdmissions,63
20/08/2022,London,NewAdmissions,77
20/08/2022,South West,NewAdmissions,46
21/08/2022,North West,NewAdmissions,98
21/08/2022,South West,NewAdmissions,51
21/08/2022,East of England,NewAdmissions,57
21/08/2022,London,NewAdmissions,59
21/08/2022,South East,NewAdmissions,109
21/08/2022,North East and Yorkshire,NewAdmissions,94
21/08/2022,Midlands,NewAdmissions,137
22/08/2022,North East and Yorkshire,NewAdmissions,100
22/08/2022,Midlands,NewAdmissions,147
22/08/2022,North West,NewAdmissions,103
22/08/2022,East of England,NewAdmissions,72
22/08/2022,South West,NewAdmissions,65
22/08/2022,London,NewAdmissions,80
22/08/2022,South East,NewAdmissions,103
23/08/2022,South East,NewAdmissions,104
23/08/2022,North East and Yorkshire,NewAdmissions,111
23/08/2022,Midlands,NewAdmissions,166
23/08/2022,South West,NewAdmissions,56
23/08/2022,North West,NewAdmissions,108
23/08/2022,London,NewAdmissions,79
23/08/2022,East of England,NewAdmissions,83
24/08/2022,South West,NewAdmissions,48
24/08/2022,London,NewAdmissions,85
24/08/2022,North West,NewAdmissions,102
24/08/2022,East of England,NewAdmissions,60
24/08/2022,South East,NewAdmissions,92
24/08/2022,North East and Yorkshire,NewAdmissions,107
24/08/2022,Midlands,NewAdmissions,149
25/08/2022,North East and Yorkshire,NewAdmissions,96
25/08/2022,Midlands,NewAdmissions,138
25/08/2022,North West,NewAdmissions,91
25/08/2022,London,NewAdmissions,66
25/08/2022,East of England,NewAdmissions,64
25/08/2022,South West,NewAdmissions,65
25/08/2022,South East,NewAdmissions,126
26/08/2022,South East,NewAdmissions,78
26/08/2022,Midlands,NewAdmissions,126
26/08/2022,North East and Yorkshire,NewAdmissions,85
26/08/2022,East of England,NewAdmissions,58
26/08/2022,London,NewAdmissions,50
26/08/2022,North West,NewAdmissions,75
26/08/2022,South West,NewAdmissions,40
27/08/2022,South West,NewAdmissions,40
27/08/2022,London,NewAdmissions,48
27/08/2022,North West,NewAdmissions,61
27/08/2022,East of England,NewAdmissions,55
27/08/2022,South East,NewAdmissions,64
27/08/2022,North East and Yorkshire,NewAdmissions,97
27/08/2022,Midlands,NewAdmissions,110
28/08/2022,North East and Yorkshire,NewAdmissions,99
28/08/2022,Midlands,NewAdmissions,117
28/08/2022,London,NewAdmissions,45
28/08/2022,East of England,NewAdmissions,60
28/08/2022,North West,NewAdmissions,79
28/08/2022,South West,NewAdmissions,51
28/08/2022,South East,NewAdmissions,88
29/08/2022,South East,NewAdmissions,93
29/08/2022,Midlands,NewAdmissions,132
29/08/2022,North East and Yorkshire,NewAdmissions,101
29/08/2022,London,NewAdmissions,57
29/08/2022,East of England,NewAdmissions,58
29/08/2022,South West,NewAdmissions,44
29/08/2022,North West,NewAdmissions,117
30/08/2022,London,NewAdmissions,78
30/08/2022,North West,NewAdmissions,107
30/08/2022,East of England,NewAdmissions,47
30/08/2022,South West,NewAdmissions,40
30/08/2022,South East,NewAdmissions,92
30/08/2022,Midlands,NewAdmissions,145
30/08/2022,North East and Yorkshire,NewAdmissions,103
31/08/2022,Midlands,NewAdmissions,129
31/08/2022,North East and Yorkshire,NewAdmissions,119
31/08/2022,London,NewAdmissions,75
31/08/2022,South West,NewAdmissions,41
31/08/2022,East of England,NewAdmissions,55
31/08/2022,North West,NewAdmissions,91
31/08/2022,South East,NewAdmissions,70
01/09/2022,South East,NewAdmissions,76
01/09/2022,North East and Yorkshire,NewAdmissions,93
01/09/2022,Midlands,NewAdmissions,124
01/09/2022,London,NewAdmissions,64
01/09/2022,South West,NewAdmissions,46
01/09/2022,East of England,NewAdmissions,41
01/09/2022,North West,NewAdmissions,90
02/09/2022,East of England,NewAdmissions,40
02/09/2022,South West,NewAdmissions,52
02/09/2022,London,NewAdmissions,59
02/09/2022,North West,NewAdmissions,64
02/09/2022,South East,NewAdmissions,60
02/09/2022,North East and Yorkshire,NewAdmissions,60
02/09/2022,Midlands,NewAdmissions,131
03/09/2022,North East and Yorkshire,NewAdmissions,70
03/09/2022,Midlands,NewAdmissions,114
03/09/2022,London,NewAdmissions,32
03/09/2022,North West,NewAdmissions,65
03/09/2022,South West,NewAdmissions,31
03/09/2022,East of England,NewAdmissions,36
03/09/2022,South East,NewAdmissions,91
04/09/2022,South East,NewAdmissions,71
04/09/2022,North East and Yorkshire,NewAdmissions,104
04/09/2022,Midlands,NewAdmissions,105
04/09/2022,North West,NewAdmissions,71
04/09/2022,East of England,NewAdmissions,33
04/09/2022,South West,NewAdmissions,38
04/09/2022,London,NewAdmissions,49
05/09/2022,North West,NewAdmissions,56
05/09/2022,South West,NewAdmissions,50
05/09/2022,London,NewAdmissions,66
05/09/2022,East of England,NewAdmissions,39
05/09/2022,South East,NewAdmissions,79
05/09/2022,North East and Yorkshire,NewAdmissions,109
05/09/2022,Midlands,NewAdmissions,127
06/09/2022,North East and Yorkshire,NewAdmissions,84
06/09/2022,Midlands,NewAdmissions,135
06/09/2022,East of England,NewAdmissions,40
06/09/2022,South West,NewAdmissions,59
06/09/2022,London,NewAdmissions,62
06/09/2022,North West,NewAdmissions,88
06/09/2022,South East,NewAdmissions,69
07/09/2022,South East,NewAdmissions,87
07/09/2022,North East and Yorkshire,NewAdmissions,106
07/09/2022,Midlands,NewAdmissions,94
07/09/2022,South West,NewAdmissions,61
07/09/2022,London,NewAdmissions,72
07/09/2022,East of England,NewAdmissions,32
07/09/2022,North West,NewAdmissions,89
08/09/2022,London,NewAdmissions,74
08/09/2022,South West,NewAdmissions,57
08/09/2022,North West,NewAdmissions,58
08/09/2022,East of England,NewAdmissions,51
08/09/2022,South East,NewAdmissions,64
08/09/2022,Midlands,NewAdmissions,105
08/09/2022,North East and Yorkshire,NewAdmissions,99
09/09/2022,North East and Yorkshire,NewAdmissions,63
09/09/2022,Midlands,NewAdmissions,113
09/09/2022,East of England,NewAdmissions,34
09/09/2022,South West,NewAdmissions,38
09/09/2022,London,NewAdmissions,62
09/09/2022,North West,NewAdmissions,36
09/09/2022,South East,NewAdmissions,76
10/09/2022,South East,NewAdmissions,67
10/09/2022,Midlands,NewAdmissions,107
10/09/2022,North East and Yorkshire,NewAdmissions,59
10/09/2022,North West,NewAdmissions,40
10/09/2022,South West,NewAdmissions,50
10/09/2022,London,NewAdmissions,51
10/09/2022,East of England,NewAdmissions,34
11/09/2022,London,NewAdmissions,44
11/09/2022,East of England,NewAdmissions,46
11/09/2022,North West,NewAdmissions,73
11/09/2022,South West,NewAdmissions,54
11/09/2022,South East,NewAdmissions,87
11/09/2022,Midlands,NewAdmissions,96
11/09/2022,North East and Yorkshire,NewAdmissions,99
12/09/2022,Midlands,NewAdmissions,129
12/09/2022,North East and Yorkshire,NewAdmissions,71
12/09/2022,North West,NewAdmissions,81
12/09/2022,London,NewAdmissions,58
12/09/2022,East of England,NewAdmissions,47
12/09/2022,South West,NewAdmissions,46
12/09/2022,South East,NewAdmissions,87
13/09/2022,South East,NewAdmissions,89
13/09/2022,North East and Yorkshire,NewAdmissions,111
13/09/2022,Midlands,NewAdmissions,115
13/09/2022,East of England,NewAdmissions,49
13/09/2022,South West,NewAdmissions,60
13/09/2022,North West,NewAdmissions,60
13/09/2022,London,NewAdmissions,96
14/09/2022,North West,NewAdmissions,83
14/09/2022,East of England,NewAdmissions,57
14/09/2022,South West,NewAdmissions,65
14/09/2022,London,NewAdmissions,67
14/09/2022,South East,NewAdmissions,82
14/09/2022,North East and Yorkshire,NewAdmissions,102
14/09/2022,Midlands,NewAdmissions,130
15/09/2022,North East and Yorkshire,NewAdmissions,103
15/09/2022,Midlands,NewAdmissions,125
15/09/2022,South West,NewAdmissions,74
15/09/2022,London,NewAdmissions,56
15/09/2022,North West,NewAdmissions,77
15/09/2022,East of England,NewAdmissions,45
15/09/2022,South East,NewAdmissions,73
16/09/2022,South East,NewAdmissions,76
16/09/2022,North East and Yorkshire,NewAdmissions,83
16/09/2022,Midlands,NewAdmissions,117
16/09/2022,South West,NewAdmissions,40
16/09/2022,East of England,NewAdmissions,39
16/09/2022,North West,NewAdmissions,63
16/09/2022,London,NewAdmissions,58
17/09/2022,South West,NewAdmissions,68
17/09/2022,North West,NewAdmissions,49
17/09/2022,East of England,NewAdmissions,53
17/09/2022,London,NewAdmissions,48
17/09/2022,South East,NewAdmissions,77
17/09/2022,Midlands,NewAdmissions,85
17/09/2022,North East and Yorkshire,NewAdmissions,104
18/09/2022,Midlands,NewAdmissions,118
18/09/2022,North East and Yorkshire,NewAdmissions,98
18/09/2022,North West,NewAdmissions,73
18/09/2022,East of England,NewAdmissions,55
18/09/2022,South West,NewAdmissions,80
18/09/2022,London,NewAdmissions,51
18/09/2022,South East,NewAdmissions,80
19/09/2022,South East,NewAdmissions,111
19/09/2022,Midlands,NewAdmissions,149
19/09/2022,North East and Yorkshire,NewAdmissions,154
19/09/2022,North West,NewAdmissions,82
19/09/2022,South West,NewAdmissions,122
19/09/2022,London,NewAdmissions,82
19/09/2022,East of England,NewAdmissions,81
20/09/2022,London,NewAdmissions,85
20/09/2022,North West,NewAdmissions,96
20/09/2022,East of England,NewAdmissions,86
20/09/2022,South West,NewAdmissions,92
20/09/2022,South East,NewAdmissions,124
20/09/2022,North East and Yorkshire,NewAdmissions,152
20/09/2022,Midlands,NewAdmissions,191
21/09/2022,Midlands,NewAdmissions,184
21/09/2022,North East and Yorkshire,NewAdmissions,154
21/09/2022,East of England,NewAdmissions,55
21/09/2022,North West,NewAdmissions,111
21/09/2022,London,NewAdmissions,100
21/09/2022,South West,NewAdmissions,130
21/09/2022,South East,NewAdmissions,124
22/09/2022,South East,NewAdmissions,118
22/09/2022,Midlands,NewAdmissions,193
22/09/2022,North East and Yorkshire,NewAdmissions,139
22/09/2022,North West,NewAdmissions,105
22/09/2022,East of England,NewAdmissions,66
22/09/2022,South West,NewAdmissions,129
22/09/2022,London,NewAdmissions,96
23/09/2022,East of England,NewAdmissions,55
23/09/2022,North West,NewAdmissions,73
23/09/2022,London,NewAdmissions,77
23/09/2022,South West,NewAdmissions,75
23/09/2022,South East,NewAdmissions,103
23/09/2022,Midlands,NewAdmissions,189
23/09/2022,North East and Yorkshire,NewAdmissions,132
24/09/2022,North East and Yorkshire,NewAdmissions,109
24/09/2022,Midlands,NewAdmissions,155
24/09/2022,London,NewAdmissions,64
24/09/2022,North West,NewAdmissions,93
24/09/2022,East of England,NewAdmissions,85
24/09/2022,South West,NewAdmissions,87
24/09/2022,South East,NewAdmissions,134
25/09/2022,South East,NewAdmissions,216
25/09/2022,Midlands,NewAdmissions,196
25/09/2022,North East and Yorkshire,NewAdmissions,137
25/09/2022,South West,NewAdmissions,124
25/09/2022,London,NewAdmissions,82
25/09/2022,East of England,NewAdmissions,106
25/09/2022,North West,NewAdmissions,110
26/09/2022,North West,NewAdmissions,132
26/09/2022,London,NewAdmissions,96
26/09/2022,South West,NewAdmissions,127
26/09/2022,East of England,NewAdmissions,132
26/09/2022,South East,NewAdmissions,144
26/09/2022,North East and Yorkshire,NewAdmissions,149
26/09/2022,Midlands,NewAdmissions,218
27/09/2022,Midlands,NewAdmissions,221
27/09/2022,North East and Yorkshire,NewAdmissions,167
27/09/2022,South West,NewAdmissions,149
27/09/2022,North West,NewAdmissions,158
27/09/2022,East of England,NewAdmissions,105
27/09/2022,London,NewAdmissions,82
27/09/2022,South East,NewAdmissions,163
28/09/2022,South East,NewAdmissions,196
28/09/2022,Midlands,NewAdmissions,250
28/09/2022,North East and Yorkshire,NewAdmissions,189
28/09/2022,London,NewAdmissions,103
28/09/2022,North West,NewAdmissions,147
28/09/2022,South West,NewAdmissions,121
28/09/2022,East of England,NewAdmissions,128
29/09/2022,North West,NewAdmissions,136
29/09/2022,South West,NewAdmissions,129
29/09/2022,London,NewAdmissions,116
29/09/2022,East of England,NewAdmissions,126
29/09/2022,South East,NewAdmissions,187
29/09/2022,Midlands,NewAdmissions,237
29/09/2022,North East and Yorkshire,NewAdmissions,227
30/09/2022,Midlands,NewAdmissions,228
30/09/2022,North East and Yorkshire,NewAdmissions,145
30/09/2022,London,NewAdmissions,80
30/09/2022,North West,NewAdmissions,111
30/09/2022,South West,NewAdmissions,73
30/09/2022,East of England,NewAdmissions,87
30/09/2022,South East,NewAdmissions,146
01/10/2022,South East,NewAdmissions,211
01/10/2022,North East and Yorkshire,NewAdmissions,177
01/10/2022,Midlands,NewAdmissions,230
01/10/2022,North West,NewAdmissions,128
01/10/2022,East of England,NewAdmissions,106
01/10/2022,South West,NewAdmissions,120
01/10/2022,London,NewAdmissions,119
02/10/2022,South West,NewAdmissions,160
02/10/2022,London,NewAdmissions,120
02/10/2022,East of England,NewAdmissions,151
02/10/2022,North West,NewAdmissions,127
02/10/2022,South East,NewAdmissions,230
02/10/2022,North East and Yorkshire,NewAdmissions,247
02/10/2022,Midlands,NewAdmissions,227
03/10/2022,North East and Yorkshire,NewAdmissions,207
03/10/2022,Midlands,NewAdmissions,303
03/10/2022,South West,NewAdmissions,183
03/10/2022,North West,NewAdmissions,149
03/10/2022,East of England,NewAdmissions,158
03/10/2022,London,NewAdmissions,118
03/10/2022,South East,NewAdmissions,226
04/10/2022,South East,NewAdmissions,259
04/10/2022,Midlands,NewAdmissions,329
04/10/2022,North East and Yorkshire,NewAdmissions,209
04/10/2022,East of England,NewAdmissions,185
04/10/2022,North West,NewAdmissions,173
04/10/2022,South West,NewAdmissions,137
04/10/2022,London,NewAdmissions,126
05/10/2022,London,NewAdmissions,113
05/10/2022,South West,NewAdmissions,139
05/10/2022,East of England,NewAdmissions,132
05/10/2022,North West,NewAdmissions,159
05/10/2022,South East,NewAdmissions,170
05/10/2022,North East and Yorkshire,NewAdmissions,259
05/10/2022,Midlands,NewAdmissions,287
06/10/2022,Midlands,NewAdmissions,236
06/10/2022,North East and Yorkshire,NewAdmissions,212
06/10/2022,North West,NewAdmissions,120
06/10/2022,East of England,NewAdmissions,183
06/10/2022,South West,NewAdmissions,106
06/10/2022,London,NewAdmissions,111
06/10/2022,South East,NewAdmissions,195
07/10/2022,South East,NewAdmissions,146
07/10/2022,Midlands,NewAdmissions,205
07/10/2022,North East and Yorkshire,NewAdmissions,172
07/10/2022,London,NewAdmissions,108
07/10/2022,North West,NewAdmissions,98
07/10/2022,South West,NewAdmissions,91
07/10/2022,East of England,NewAdmissions,126
08/10/2022,North West,NewAdmissions,86
08/10/2022,East of England,NewAdmissions,115
08/10/2022,South West,NewAdmissions,96
08/10/2022,London,NewAdmissions,92
08/10/2022,South East,NewAdmissions,149
08/10/2022,Midlands,NewAdmissions,185
08/10/2022,North East and Yorkshire,NewAdmissions,162
09/10/2022,Midlands,NewAdmissions,248
09/10/2022,North East and Yorkshire,NewAdmissions,210
09/10/2022,South West,NewAdmissions,126
09/10/2022,London,NewAdmissions,107
09/10/2022,East of England,NewAdmissions,141
09/10/2022,North West,NewAdmissions,152
09/10/2022,South East,NewAdmissions,268
10/10/2022,South East,NewAdmissions,231
10/10/2022,Midlands,NewAdmissions,251
10/10/2022,North East and Yorkshire,NewAdmissions,246
10/10/2022,South West,NewAdmissions,129
10/10/2022,London,NewAdmissions,133
10/10/2022,North West,NewAdmissions,135
10/10/2022,East of England,NewAdmissions,150
11/10/2022,South West,NewAdmissions,148
11/10/2022,North West,NewAdmissions,157
11/10/2022,East of England,NewAdmissions,152
11/10/2022,London,NewAdmissions,126
11/10/2022,South East,NewAdmissions,191
11/10/2022,Midlands,NewAdmissions,234
11/10/2022,North East and Yorkshire,NewAdmissions,199
12/10/2022,Midlands,NewAdmissions,215
12/10/2022,North East and Yorkshire,NewAdmissions,234
12/10/2022,South West,NewAdmissions,150
12/10/2022,London,NewAdmissions,113
12/10/2022,East of England,NewAdmissions,144
12/10/2022,North West,NewAdmissions,123
12/10/2022,South East,NewAdmissions,171
13/10/2022,South East,NewAdmissions,237
13/10/2022,Midlands,NewAdmissions,258
13/10/2022,North East and Yorkshire,NewAdmissions,207
13/10/2022,East of England,NewAdmissions,135
13/10/2022,South West,NewAdmissions,117
13/10/2022,London,NewAdmissions,155
13/10/2022,North West,NewAdmissions,138
14/10/2022,East of England,NewAdmissions,113
14/10/2022,North West,NewAdmissions,116
14/10/2022,South West,NewAdmissions,96
14/10/2022,London,NewAdmissions,100
14/10/2022,South East,NewAdmissions,136
14/10/2022,North East and Yorkshire,NewAdmissions,182
14/10/2022,Midlands,NewAdmissions,235
15/10/2022,North East and Yorkshire,NewAdmissions,158
15/10/2022,Midlands,NewAdmissions,174
15/10/2022,South West,NewAdmissions,112
15/10/2022,London,NewAdmissions,102
15/10/2022,East of England,NewAdmissions,102
15/10/2022,North West,NewAdmissions,95
15/10/2022,South East,NewAdmissions,157
16/10/2022,South East,NewAdmissions,261
16/10/2022,Midlands,NewAdmissions,244
16/10/2022,North East and Yorkshire,NewAdmissions,215
16/10/2022,London,NewAdmissions,114
16/10/2022,South West,NewAdmissions,125
16/10/2022,East of England,NewAdmissions,136
16/10/2022,North West,NewAdmissions,111
17/10/2022,London,NewAdmissions,111
17/10/2022,East of England,NewAdmissions,125
17/10/2022,South West,NewAdmissions,145
17/10/2022,North West,NewAdmissions,120
17/10/2022,South East,NewAdmissions,183
17/10/2022,Midlands,NewAdmissions,219
17/10/2022,North East and Yorkshire,NewAdmissions,218
18/10/2022,North East and Yorkshire,NewAdmissions,183
18/10/2022,Midlands,NewAdmissions,238
18/10/2022,London,NewAdmissions,127
18/10/2022,South West,NewAdmissions,119
18/10/2022,East of England,NewAdmissions,125
18/10/2022,North West,NewAdmissions,120
18/10/2022,South East,NewAdmissions,189
19/10/2022,South East,NewAdmissions,201
19/10/2022,Midlands,NewAdmissions,227
19/10/2022,North East and Yorkshire,NewAdmissions,156
19/10/2022,London,NewAdmissions,114
19/10/2022,North West,NewAdmissions,133
19/10/2022,East of England,NewAdmissions,119
19/10/2022,South West,NewAdmissions,114
20/10/2022,London,NewAdmissions,105
20/10/2022,East of England,NewAdmissions,121
20/10/2022,South West,NewAdmissions,93
20/10/2022,North West,NewAdmissions,138
20/10/2022,South East,NewAdmissions,148
20/10/2022,North East and Yorkshire,NewAdmissions,174
20/10/2022,Midlands,NewAdmissions,274
21/10/2022,North East and Yorkshire,NewAdmissions,131
21/10/2022,Midlands,NewAdmissions,177
21/10/2022,North West,NewAdmissions,99
21/10/2022,South West,NewAdmissions,72
21/10/2022,East of England,NewAdmissions,113
21/10/2022,London,NewAdmissions,125
21/10/2022,South East,NewAdmissions,114
22/10/2022,South East,NewAdmissions,196
22/10/2022,North East and Yorkshire,NewAdmissions,117
22/10/2022,Midlands,NewAdmissions,165
22/10/2022,North West,NewAdmissions,79
22/10/2022,London,NewAdmissions,77
22/10/2022,South West,NewAdmissions,69
22/10/2022,East of England,NewAdmissions,82
23/10/2022,South West,NewAdmissions,85
23/10/2022,London,NewAdmissions,96
23/10/2022,East of England,NewAdmissions,98
23/10/2022,North West,NewAdmissions,107
23/10/2022,South East,NewAdmissions,144
23/10/2022,Midlands,NewAdmissions,178
23/10/2022,North East and Yorkshire,NewAdmissions,176
24/10/2022,Midlands,NewAdmissions,162
24/10/2022,North East and Yorkshire,NewAdmissions,171
24/10/2022,London,NewAdmissions,93
24/10/2022,East of England,NewAdmissions,116
24/10/2022,South West,NewAdmissions,99
24/10/2022,North West,NewAdmissions,105
24/10/2022,South East,NewAdmissions,124
25/10/2022,South East,NewAdmissions,114
25/10/2022,North East and Yorkshire,NewAdmissions,163
25/10/2022,Midlands,NewAdmissions,199
25/10/2022,North West,NewAdmissions,86
25/10/2022,London,NewAdmissions,111
25/10/2022,South West,NewAdmissions,97
25/10/2022,East of England,NewAdmissions,93
26/10/2022,East of England,NewAdmissions,119
26/10/2022,London,NewAdmissions,109
26/10/2022,North West,NewAdmissions,98
26/10/2022,South West,NewAdmissions,97
26/10/2022,South East,NewAdmissions,127
26/10/2022,North East and Yorkshire,NewAdmissions,142
26/10/2022,Midlands,NewAdmissions,165
27/10/2022,North East and Yorkshire,NewAdmissions,117
27/10/2022,Midlands,NewAdmissions,156
27/10/2022,East of England,NewAdmissions,101
27/10/2022,North West,NewAdmissions,109
27/10/2022,South West,NewAdmissions,75
27/10/2022,London,NewAdmissions,94
27/10/2022,South East,NewAdmissions,121
28/10/2022,South East,NewAdmissions,87
28/10/2022,North East and Yorkshire,NewAdmissions,94
28/10/2022,Midlands,NewAdmissions,137
28/10/2022,South West,NewAdmissions,50
28/10/2022,East of England,NewAdmissions,61
28/10/2022,London,NewAdmissions,67
28/10/2022,North West,NewAdmissions,62
29/10/2022,London,NewAdmissions,66
29/10/2022,North West,NewAdmissions,67
29/10/2022,South West,NewAdmissions,56
29/10/2022,East of England,NewAdmissions,54
29/10/2022,South East,NewAdmissions,85
29/10/2022,Midlands,NewAdmissions,107
29/10/2022,North East and Yorkshire,NewAdmissions,83
30/10/2022,North East and Yorkshire,NewAdmissions,92
30/10/2022,Midlands,NewAdmissions,125
30/10/2022,South West,NewAdmissions,61
30/10/2022,East of England,NewAdmissions,92
30/10/2022,North West,NewAdmissions,103
30/10/2022,London,NewAdmissions,76
30/10/2022,South East,NewAdmissions,91
31/10/2022,South East,NewAdmissions,85
31/10/2022,Midlands,NewAdmissions,129
31/10/2022,North East and Yorkshire,NewAdmissions,119
31/10/2022,East of England,NewAdmissions,69
31/10/2022,North West,NewAdmissions,82
31/10/2022,London,NewAdmissions,71
31/10/2022,South West,NewAdmissions,75
01/11/2022,North West,NewAdmissions,104
01/11/2022,East of England,NewAdmissions,70
01/11/2022,London,NewAdmissions,80
01/11/2022,South West,NewAdmissions,71
01/11/2022,South East,NewAdmissions,102
01/11/2022,Midlands,NewAdmissions,138
01/11/2022,North East and Yorkshire,NewAdmissions,124
02/11/2022,Midlands,NewAdmissions,123
02/11/2022,North East and Yorkshire,NewAdmissions,103
02/11/2022,East of England,NewAdmissions,60
02/11/2022,South West,NewAdmissions,41
02/11/2022,London,NewAdmissions,89
02/11/2022,North West,NewAdmissions,72
02/11/2022,South East,NewAdmissions,83
03/11/2022,South East,NewAdmissions,81
03/11/2022,North East and Yorkshire,NewAdmissions,106
03/11/2022,Midlands,NewAdmissions,130
03/11/2022,London,NewAdmissions,72
03/11/2022,South West,NewAdmissions,50
03/11/2022,East of England,NewAdmissions,58
03/11/2022,North West,NewAdmissions,71
04/11/2022,London,NewAdmissions,70
04/11/2022,North West,NewAdmissions,33
04/11/2022,South West,NewAdmissions,38
04/11/2022,East of England,NewAdmissions,37
04/11/2022,South East,NewAdmissions,50
04/11/2022,Midlands,NewAdmissions,97
04/11/2022,North East and Yorkshire,NewAdmissions,85
05/11/2022,Midlands,NewAdmissions,67
05/11/2022,North East and Yorkshire,NewAdmissions,61
05/11/2022,London,NewAdmissions,52
05/11/2022,East of England,NewAdmissions,51
05/11/2022,South West,NewAdmissions,43
05/11/2022,North West,NewAdmissions,51
05/11/2022,South East,NewAdmissions,71
06/11/2022,South East,NewAdmissions,102
06/11/2022,North East and Yorkshire,NewAdmissions,89
06/11/2022,Midlands,NewAdmissions,89
06/11/2022,East of England,NewAdmissions,48
06/11/2022,South West,NewAdmissions,45
06/11/2022,North West,NewAdmissions,62
06/11/2022,London,NewAdmissions,65
07/11/2022,North West,NewAdmissions,89
07/11/2022,London,NewAdmissions,66
07/11/2022,South West,NewAdmissions,54
07/11/2022,East of England,NewAdmissions,68
07/11/2022,South East,NewAdmissions,102
07/11/2022,Midlands,NewAdmissions,125
07/11/2022,North East and Yorkshire,NewAdmissions,94
08/11/2022,Midlands,NewAdmissions,95
08/11/2022,North East and Yorkshire,NewAdmissions,121
08/11/2022,North West,NewAdmissions,70
08/11/2022,London,NewAdmissions,78
08/11/2022,East of England,NewAdmissions,51
08/11/2022,South West,NewAdmissions,49
08/11/2022,South East,NewAdmissions,86
09/11/2022,South East,NewAdmissions,78
09/11/2022,North East and Yorkshire,NewAdmissions,101
09/11/2022,Midlands,NewAdmissions,118
09/11/2022,North West,NewAdmissions,61
09/11/2022,London,NewAdmissions,65
09/11/2022,East of England,NewAdmissions,57
09/11/2022,South West,NewAdmissions,55
10/11/2022,East of England,NewAdmissions,72
10/11/2022,South West,NewAdmissions,58
10/11/2022,London,NewAdmissions,59
10/11/2022,North West,NewAdmissions,82
10/11/2022,South East,NewAdmissions,77
10/11/2022,North East and Yorkshire,NewAdmissions,94
10/11/2022,Midlands,NewAdmissions,108
11/11/2022,Midlands,NewAdmissions,107
11/11/2022,North East and Yorkshire,NewAdmissions,80
11/11/2022,North West,NewAdmissions,55
11/11/2022,London,NewAdmissions,59
11/11/2022,East of England,NewAdmissions,48
11/11/2022,South West,NewAdmissions,39
11/11/2022,South East,NewAdmissions,47
12/11/2022,South East,NewAdmissions,56
12/11/2022,North East and Yorkshire,NewAdmissions,64
12/11/2022,Midlands,NewAdmissions,60
12/11/2022,North West,NewAdmissions,58
12/11/2022,London,NewAdmissions,51
12/11/2022,East of England,NewAdmissions,45
12/11/2022,South West,NewAdmissions,36
13/11/2022,North West,NewAdmissions,49
13/11/2022,South West,NewAdmissions,34
13/11/2022,East of England,NewAdmissions,52
13/11/2022,London,NewAdmissions,51
13/11/2022,South East,NewAdmissions,75
13/11/2022,North East and Yorkshire,NewAdmissions,77
13/11/2022,Midlands,NewAdmissions,107
14/11/2022,North East and Yorkshire,NewAdmissions,95
14/11/2022,Midlands,NewAdmissions,104
14/11/2022,South West,NewAdmissions,51
14/11/2022,North West,NewAdmissions,65
14/11/2022,London,NewAdmissions,65
14/11/2022,East of England,NewAdmissions,61
14/11/2022,South East,NewAdmissions,81
15/11/2022,South East,NewAdmissions,89
15/11/2022,North East and Yorkshire,NewAdmissions,80
15/11/2022,Midlands,NewAdmissions,99
15/11/2022,North West,NewAdmissions,47
15/11/2022,London,NewAdmissions,79
15/11/2022,South West,NewAdmissions,46
15/11/2022,East of England,NewAdmissions,54
16/11/2022,North West,NewAdmissions,45
16/11/2022,East of England,NewAdmissions,46
16/11/2022,South West,NewAdmissions,51
16/11/2022,London,NewAdmissions,83
16/11/2022,South East,NewAdmissions,112
16/11/2022,Midlands,NewAdmissions,112
16/11/2022,North East and Yorkshire,NewAdmissions,93
17/11/2022,North East and Yorkshire,NewAdmissions,74
17/11/2022,Midlands,NewAdmissions,119
17/11/2022,South West,NewAdmissions,49
17/11/2022,London,NewAdmissions,63
17/11/2022,East of England,NewAdmissions,62
17/11/2022,North West,NewAdmissions,50
17/11/2022,South East,NewAdmissions,99
18/11/2022,South East,NewAdmissions,56
18/11/2022,North East and Yorkshire,NewAdmissions,68
18/11/2022,Midlands,NewAdmissions,112
18/11/2022,North West,NewAdmissions,50
18/11/2022,South West,NewAdmissions,36
18/11/2022,East of England,NewAdmissions,53
18/11/2022,London,NewAdmissions,62
19/11/2022,London,NewAdmissions,48
19/11/2022,North West,NewAdmissions,50
19/11/2022,South West,NewAdmissions,29
19/11/2022,East of England,NewAdmissions,58
19/11/2022,South East,NewAdmissions,68
19/11/2022,Midlands,NewAdmissions,78
19/11/2022,North East and Yorkshire,NewAdmissions,64
20/11/2022,North East and Yorkshire,NewAdmissions,67
20/11/2022,Midlands,NewAdmissions,112
20/11/2022,North West,NewAdmissions,53
20/11/2022,East of England,NewAdmissions,38
20/11/2022,South West,NewAdmissions,28
20/11/2022,London,NewAdmissions,57
20/11/2022,South East,NewAdmissions,79
21/11/2022,South East,NewAdmissions,69
21/11/2022,Midlands,NewAdmissions,136
21/11/2022,North East and Yorkshire,NewAdmissions,88
21/11/2022,East of England,NewAdmissions,50
21/11/2022,North West,NewAdmissions,63
21/11/2022,London,NewAdmissions,67
21/11/2022,South West,NewAdmissions,30
22/11/2022,North West,NewAdmissions,66
22/11/2022,South West,NewAdmissions,48
22/11/2022,London,NewAdmissions,93
22/11/2022,East of England,NewAdmissions,54
22/11/2022,South East,NewAdmissions,79
22/11/2022,Midlands,NewAdmissions,122
22/11/2022,North East and Yorkshire,NewAdmissions,85
23/11/2022,Midlands,NewAdmissions,122
23/11/2022,North East and Yorkshire,NewAdmissions,97
23/11/2022,North West,NewAdmissions,53
23/11/2022,South West,NewAdmissions,48
23/11/2022,East of England,NewAdmissions,55
23/11/2022,London,NewAdmissions,88
23/11/2022,South East,NewAdmissions,73
24/11/2022,South East,NewAdmissions,78
24/11/2022,Midlands,NewAdmissions,102
24/11/2022,North East and Yorkshire,NewAdmissions,88
24/11/2022,South West,NewAdmissions,65
24/11/2022,East of England,NewAdmissions,62
24/11/2022,North West,NewAdmissions,66
24/11/2022,London,NewAdmissions,61
25/11/2022,London,NewAdmissions,55
25/11/2022,South West,NewAdmissions,39
25/11/2022,Midlands,NewAdmissions,98
25/11/2022,North West,NewAdmissions,45
25/11/2022,East of England,NewAdmissions,41
25/11/2022,South East,NewAdmissions,84
25/11/2022,North East and Yorkshire,NewAdmissions,81
26/11/2022,North East and Yorkshire,NewAdmissions,80
26/11/2022,North West,NewAdmissions,42
26/11/2022,London,NewAdmissions,45
26/11/2022,South West,NewAdmissions,48
26/11/2022,East of England,NewAdmissions,41
26/11/2022,Midlands,NewAdmissions,90
26/11/2022,South East,NewAdmissions,92
27/11/2022,South East,NewAdmissions,110
27/11/2022,North East and Yorkshire,NewAdmissions,89
27/11/2022,London,NewAdmissions,63
27/11/2022,South West,NewAdmissions,55
27/11/2022,East of England,NewAdmissions,59
27/11/2022,North West,NewAdmissions,93
27/11/2022,Midlands,NewAdmissions,88
28/11/2022,North West,NewAdmissions,108
28/11/2022,South West,NewAdmissions,73
28/11/2022,Midlands,NewAdmissions,117
28/11/2022,East of England,NewAdmissions,84
28/11/2022,London,NewAdmissions,85
28/11/2022,South East,NewAdmissions,80
28/11/2022,North East and Yorkshire,NewAdmissions,92
29/11/2022,North East and Yorkshire,NewAdmissions,114
29/11/2022,East of England,NewAdmissions,67
29/11/2022,London,NewAdmissions,80
29/11/2022,North West,NewAdmissions,86
29/11/2022,Midlands,NewAdmissions,152
29/11/2022,South West,NewAdmissions,59
29/11/2022,South East,NewAdmissions,103
30/11/2022,South East,NewAdmissions,85
30/11/2022,North East and Yorkshire,NewAdmissions,101
30/11/2022,South West,NewAdmissions,59
30/11/2022,East of England,NewAdmissions,54
30/11/2022,North West,NewAdmissions,80
30/11/2022,London,NewAdmissions,82
30/11/2022,Midlands,NewAdmissions,129
01/12/2022,North West,NewAdmissions,67
01/12/2022,Midlands,NewAdmissions,122
01/12/2022,South West,NewAdmissions,58
01/12/2022,London,NewAdmissions,75
01/12/2022,East of England,NewAdmissions,64
01/12/2022,South East,NewAdmissions,104
01/12/2022,North East and Yorkshire,NewAdmissions,93
02/12/2022,North East and Yorkshire,NewAdmissions,62
02/12/2022,Midlands,NewAdmissions,95
02/12/2022,North West,NewAdmissions,54
02/12/2022,South West,NewAdmissions,55
02/12/2022,East of England,NewAdmissions,47
02/12/2022,London,NewAdmissions,77
02/12/2022,South East,NewAdmissions,78
03/12/2022,South East,NewAdmissions,93
03/12/2022,North East and Yorkshire,NewAdmissions,81
03/12/2022,North West,NewAdmissions,63
03/12/2022,Midlands,NewAdmissions,76
03/12/2022,East of England,NewAdmissions,69
03/12/2022,London,NewAdmissions,69
03/12/2022,South West,NewAdmissions,47
04/12/2022,East of England,NewAdmissions,64
04/12/2022,Midlands,NewAdmissions,99
04/12/2022,London,NewAdmissions,68
04/12/2022,South West,NewAdmissions,86
04/12/2022,North West,NewAdmissions,65
04/12/2022,South East,NewAdmissions,96
04/12/2022,North East and Yorkshire,NewAdmissions,111
05/12/2022,North East and Yorkshire,NewAdmissions,102
05/12/2022,Midlands,NewAdmissions,138
05/12/2022,East of England,NewAdmissions,82
05/12/2022,South West,NewAdmissions,101
05/12/2022,London,NewAdmissions,122
05/12/2022,North West,NewAdmissions,91
05/12/2022,South East,NewAdmissions,88
06/12/2022,South East,NewAdmissions,113
06/12/2022,North East and Yorkshire,NewAdmissions,125
06/12/2022,Midlands,NewAdmissions,136
06/12/2022,East of England,NewAdmissions,76
06/12/2022,South West,NewAdmissions,142
06/12/2022,North West,NewAdmissions,82
06/12/2022,London,NewAdmissions,105
07/12/2022,East of England,NewAdmissions,74
07/12/2022,North West,NewAdmissions,87
07/12/2022,South West,NewAdmissions,86
07/12/2022,Midlands,NewAdmissions,137
07/12/2022,London,NewAdmissions,122
07/12/2022,South East,NewAdmissions,128
07/12/2022,North East and Yorkshire,NewAdmissions,114
08/12/2022,North East and Yorkshire,NewAdmissions,94
08/12/2022,North West,NewAdmissions,82
08/12/2022,London,NewAdmissions,92
08/12/2022,Midlands,NewAdmissions,135
08/12/2022,South West,NewAdmissions,104
08/12/2022,East of England,NewAdmissions,82
08/12/2022,South East,NewAdmissions,108
09/12/2022,South East,NewAdmissions,102
09/12/2022,North East and Yorkshire,NewAdmissions,94
09/12/2022,South West,NewAdmissions,55
09/12/2022,East of England,NewAdmissions,91
09/12/2022,North West,NewAdmissions,67
09/12/2022,London,NewAdmissions,83
09/12/2022,Midlands,NewAdmissions,115
10/12/2022,East of England,NewAdmissions,72
10/12/2022,North West,NewAdmissions,83
10/12/2022,South West,NewAdmissions,92
10/12/2022,London,NewAdmissions,71
10/12/2022,Midlands,NewAdmissions,96
10/12/2022,South East,NewAdmissions,106
10/12/2022,North East and Yorkshire,NewAdmissions,62
11/12/2022,North East and Yorkshire,NewAdmissions,151
11/12/2022,Midlands,NewAdmissions,166
11/12/2022,South West,NewAdmissions,94
11/12/2022,London,NewAdmissions,112
11/12/2022,East of England,NewAdmissions,100
11/12/2022,North West,NewAdmissions,112
11/12/2022,South East,NewAdmissions,137
12/12/2022,South East,NewAdmissions,129
12/12/2022,North East and Yorkshire,NewAdmissions,182
12/12/2022,North West,NewAdmissions,130
12/12/2022,London,NewAdmissions,124
12/12/2022,Midlands,NewAdmissions,179
12/12/2022,East of England,NewAdmissions,98
12/12/2022,South West,NewAdmissions,123
13/12/2022,South West,NewAdmissions,150
13/12/2022,London,NewAdmissions,121
13/12/2022,Midlands,NewAdmissions,187
13/12/2022,North West,NewAdmissions,128
13/12/2022,East of England,NewAdmissions,123
13/12/2022,South East,NewAdmissions,158
13/12/2022,North East and Yorkshire,NewAdmissions,159
14/12/2022,North East and Yorkshire,NewAdmissions,174
14/12/2022,East of England,NewAdmissions,93
14/12/2022,North West,NewAdmissions,115
14/12/2022,London,NewAdmissions,120
14/12/2022,Midlands,NewAdmissions,207
14/12/2022,South West,NewAdmissions,103
14/12/2022,South East,NewAdmissions,151
15/12/2022,South East,NewAdmissions,180
15/12/2022,North East and Yorkshire,NewAdmissions,176
15/12/2022,North West,NewAdmissions,132
15/12/2022,London,NewAdmissions,134
15/12/2022,South West,NewAdmissions,138
15/12/2022,Midlands,NewAdmissions,197
15/12/2022,East of England,NewAdmissions,107
16/12/2022,North West,NewAdmissions,85
16/12/2022,Midlands,NewAdmissions,160
16/12/2022,East of England,NewAdmissions,121
16/12/2022,South West,NewAdmissions,109
16/12/2022,London,NewAdmissions,84
16/12/2022,South East,NewAdmissions,135
16/12/2022,North East and Yorkshire,NewAdmissions,140
17/12/2022,North East and Yorkshire,NewAdmissions,133
17/12/2022,North West,NewAdmissions,68
17/12/2022,Midlands,NewAdmissions,141
17/12/2022,South West,NewAdmissions,131
17/12/2022,East of England,NewAdmissions,80
17/12/2022,London,NewAdmissions,114
17/12/2022,South East,NewAdmissions,132
18/12/2022,South East,NewAdmissions,263
18/12/2022,North East and Yorkshire,NewAdmissions,191
18/12/2022,London,NewAdmissions,126
18/12/2022,South West,NewAdmissions,188
18/12/2022,East of England,NewAdmissions,109
18/12/2022,Midlands,NewAdmissions,182
18/12/2022,North West,NewAdmissions,117
19/12/2022,South West,NewAdmissions,212
19/12/2022,London,NewAdmissions,104
19/12/2022,North West,NewAdmissions,171
19/12/2022,East of England,NewAdmissions,166
19/12/2022,Midlands,NewAdmissions,251
19/12/2022,South East,NewAdmissions,211
19/12/2022,North East and Yorkshire,NewAdmissions,181
20/12/2022,North East and Yorkshire,NewAdmissions,218
20/12/2022,Midlands,NewAdmissions,263
20/12/2022,East of England,NewAdmissions,151
20/12/2022,London,NewAdmissions,181
20/12/2022,South West,NewAdmissions,176
20/12/2022,North West,NewAdmissions,143
20/12/2022,South East,NewAdmissions,244
21/12/2022,South East,NewAdmissions,227
21/12/2022,North West,NewAdmissions,167
21/12/2022,South West,NewAdmissions,151
21/12/2022,North East and Yorkshire,NewAdmissions,192
21/12/2022,London,NewAdmissions,165
21/12/2022,East of England,NewAdmissions,136
21/12/2022,Midlands,NewAdmissions,255
22/12/2022,South West,NewAdmissions,144
22/12/2022,East of England,NewAdmissions,130
22/12/2022,Midlands,NewAdmissions,207
22/12/2022,North East and Yorkshire,NewAdmissions,193
22/12/2022,North West,NewAdmissions,176
22/12/2022,London,NewAdmissions,174
22/12/2022,South East,NewAdmissions,212
23/12/2022,South East,NewAdmissions,167
23/12/2022,South West,NewAdmissions,101
23/12/2022,Midlands,NewAdmissions,184
23/12/2022,East of England,NewAdmissions,106
23/12/2022,London,NewAdmissions,125
23/12/2022,North West,NewAdmissions,85
23/12/2022,North East and Yorkshire,NewAdmissions,131
24/12/2022,North West,NewAdmissions,72
24/12/2022,North East and Yorkshire,NewAdmissions,105
24/12/2022,East of England,NewAdmissions,127
24/12/2022,London,NewAdmissions,107
24/12/2022,Midlands,NewAdmissions,137
24/12/2022,South West,NewAdmissions,83
24/12/2022,South East,NewAdmissions,149
25/12/2022,South East,NewAdmissions,179
25/12/2022,East of England,NewAdmissions,72
25/12/2022,London,NewAdmissions,113
25/12/2022,South West,NewAdmissions,101
25/12/2022,North West,NewAdmissions,101
25/12/2022,North East and Yorkshire,NewAdmissions,124
25/12/2022,Midlands,NewAdmissions,154
26/12/2022,North East and Yorkshire,NewAdmissions,161
26/12/2022,Midlands,NewAdmissions,171
26/12/2022,East of England,NewAdmissions,111
26/12/2022,London,NewAdmissions,107
26/12/2022,North West,NewAdmissions,136
26/12/2022,South West,NewAdmissions,107
26/12/2022,South East,NewAdmissions,195
27/12/2022,South East,NewAdmissions,199
27/12/2022,North East and Yorkshire,NewAdmissions,196
27/12/2022,Midlands,NewAdmissions,179
27/12/2022,North West,NewAdmissions,160
27/12/2022,East of England,NewAdmissions,113
27/12/2022,London,NewAdmissions,150
27/12/2022,South West,NewAdmissions,137
28/12/2022,London,NewAdmissions,156
28/12/2022,South East,NewAdmissions,208
28/12/2022,North West,NewAdmissions,159
28/12/2022,North East and Yorkshire,NewAdmissions,197
28/12/2022,Midlands,NewAdmissions,238
28/12/2022,East of England,NewAdmissions,123
28/12/2022,South West,NewAdmissions,164
29/12/2022,Midlands,NewAdmissions,250
29/12/2022,North East and Yorkshire,NewAdmissions,206
29/12/2022,North West,NewAdmissions,176
29/12/2022,London,NewAdmissions,145
29/12/2022,South East,NewAdmissions,177
29/12/2022,East of England,NewAdmissions,141
29/12/2022,South West,NewAdmissions,130
30/12/2022,Midlands,NewAdmissions,191
30/12/2022,North West,NewAdmissions,115
30/12/2022,East of England,NewAdmissions,74
30/12/2022,London,NewAdmissions,139
30/12/2022,South East,NewAdmissions,129
30/12/2022,South West,NewAdmissions,128
30/12/2022,North East and Yorkshire,NewAdmissions,164
31/12/2022,North East and Yorkshire,NewAdmissions,122
31/12/2022,South West,NewAdmissions,68
31/12/2022,East of England,NewAdmissions,84
31/12/2022,London,NewAdmissions,97
31/12/2022,South East,NewAdmissions,91
31/12/2022,North West,NewAdmissions,101
31/12/2022,Midlands,NewAdmissions,160
01/01/2023,London,NewAdmissions,88
01/01/2023,North East and Yorkshire,NewAdmissions,114
01/01/2023,South West,NewAdmissions,95
01/01/2023,East of England,NewAdmissions,112
01/01/2023,North West,NewAdmissions,88
01/01/2023,Midlands,NewAdmissions,157
01/01/2023,South East,NewAdmissions,130
02/01/2023,South West,NewAdmissions,83
02/01/2023,East of England,NewAdmissions,102
02/01/2023,South East,NewAdmissions,131
02/01/2023,North West,NewAdmissions,138
02/01/2023,North East and Yorkshire,NewAdmissions,192
02/01/2023,Midlands,NewAdmissions,173
02/01/2023,London,NewAdmissions,97
03/01/2023,Midlands,NewAdmissions,183
03/01/2023,East of England,NewAdmissions,106
03/01/2023,South East,NewAdmissions,170
03/01/2023,London,NewAdmissions,123
03/01/2023,North East and Yorkshire,NewAdmissions,176
03/01/2023,North West,NewAdmissions,126
03/01/2023,South West,NewAdmissions,108
04/01/2023,North East and Yorkshire,NewAdmissions,159
04/01/2023,London,NewAdmissions,106
04/01/2023,South East,NewAdmissions,131
04/01/2023,North West,NewAdmissions,137
04/01/2023,South West,NewAdmissions,95
04/01/2023,East of England,NewAdmissions,108
04/01/2023,Midlands,NewAdmissions,186
05/01/2023,London,NewAdmissions,119
05/01/2023,Midlands,NewAdmissions,154
05/01/2023,North East and Yorkshire,NewAdmissions,161
05/01/2023,South West,NewAdmissions,107
05/01/2023,North West,NewAdmissions,112
05/01/2023,South East,NewAdmissions,137
05/01/2023,East of England,NewAdmissions,109
06/01/2023,North East and Yorkshire,NewAdmissions,149
06/01/2023,North West,NewAdmissions,80
06/01/2023,South East,NewAdmissions,114
06/01/2023,East of England,NewAdmissions,76
06/01/2023,Midlands,NewAdmissions,139
06/01/2023,London,NewAdmissions,86
06/01/2023,South West,NewAdmissions,61
07/01/2023,North East and Yorkshire,NewAdmissions,129
07/01/2023,South East,NewAdmissions,105
07/01/2023,South West,NewAdmissions,58
07/01/2023,East of England,NewAdmissions,57
07/01/2023,Midlands,NewAdmissions,123
07/01/2023,London,NewAdmissions,65
07/01/2023,North West,NewAdmissions,91
08/01/2023,South West,NewAdmissions,89
08/01/2023,South East,NewAdmissions,106
08/01/2023,London,NewAdmissions,89
08/01/2023,Midlands,NewAdmissions,153
08/01/2023,East of England,NewAdmissions,83
08/01/2023,North East and Yorkshire,NewAdmissions,132
08/01/2023,North West,NewAdmissions,124
09/01/2023,North East and Yorkshire,NewAdmissions,147
09/01/2023,North West,NewAdmissions,107
09/01/2023,London,NewAdmissions,93
09/01/2023,Midlands,NewAdmissions,140
09/01/2023,East of England,NewAdmissions,86
09/01/2023,South West,NewAdmissions,64
09/01/2023,South East,NewAdmissions,100
10/01/2023,South West,NewAdmissions,55
10/01/2023,South East,NewAdmissions,101
10/01/2023,East of England,NewAdmissions,70
10/01/2023,North West,NewAdmissions,103
10/01/2023,Midlands,NewAdmissions,133
10/01/2023,London,NewAdmissions,87
10/01/2023,North East and Yorkshire,NewAdmissions,112
11/01/2023,South East,NewAdmissions,94
11/01/2023,South West,NewAdmissions,67
11/01/2023,North East and Yorkshire,NewAdmissions,138
11/01/2023,London,NewAdmissions,72
11/01/2023,East of England,NewAdmissions,74
11/01/2023,Midlands,NewAdmissions,152
11/01/2023,North West,NewAdmissions,95
12/01/2023,London,NewAdmissions,66
12/01/2023,North East and Yorkshire,NewAdmissions,125
12/01/2023,North West,NewAdmissions,99
12/01/2023,South West,NewAdmissions,72
12/01/2023,South East,NewAdmissions,94
12/01/2023,East of England,NewAdmissions,64
12/01/2023,Midlands,NewAdmissions,144
13/01/2023,North West,NewAdmissions,82
13/01/2023,East of England,NewAdmissions,60
13/01/2023,Midlands,NewAdmissions,119
13/01/2023,North East and Yorkshire,NewAdmissions,89
13/01/2023,South West,NewAdmissions,45
13/01/2023,South East,NewAdmissions,63
13/01/2023,London,NewAdmissions,52
14/01/2023,East of England,NewAdmissions,56
14/01/2023,North East and Yorkshire,NewAdmissions,67
14/01/2023,North West,NewAdmissions,67
14/01/2023,London,NewAdmissions,50
14/01/2023,Midlands,NewAdmissions,89
14/01/2023,South West,NewAdmissions,29
14/01/2023,South East,NewAdmissions,59
15/01/2023,South East,NewAdmissions,78
15/01/2023,North East and Yorkshire,NewAdmissions,115
15/01/2023,East of England,NewAdmissions,75
15/01/2023,Midlands,NewAdmissions,102
15/01/2023,South West,NewAdmissions,64
15/01/2023,London,NewAdmissions,53
15/01/2023,North West,NewAdmissions,80
16/01/2023,London,NewAdmissions,60
16/01/2023,South East,NewAdmissions,114
16/01/2023,North West,NewAdmissions,88
16/01/2023,South West,NewAdmissions,61
16/01/2023,Midlands,NewAdmissions,121
16/01/2023,East of England,NewAdmissions,55
16/01/2023,North East and Yorkshire,NewAdmissions,100
17/01/2023,South West,NewAdmissions,42
17/01/2023,North East and Yorkshire,NewAdmissions,114
17/01/2023,East of England,NewAdmissions,70
17/01/2023,London,NewAdmissions,59
17/01/2023,North West,NewAdmissions,78
17/01/2023,South East,NewAdmissions,80
17/01/2023,Midlands,NewAdmissions,122
18/01/2023,North West,NewAdmissions,86
18/01/2023,South West,NewAdmissions,59
18/01/2023,Midlands,NewAdmissions,122
18/01/2023,London,NewAdmissions,76
18/01/2023,East of England,NewAdmissions,64
18/01/2023,North East and Yorkshire,NewAdmissions,99
18/01/2023,South East,NewAdmissions,89
19/01/2023,North East and Yorkshire,NewAdmissions,111
19/01/2023,South West,NewAdmissions,61
19/01/2023,Midlands,NewAdmissions,122
19/01/2023,South East,NewAdmissions,79
19/01/2023,North West,NewAdmissions,101
19/01/2023,London,NewAdmissions,70
19/01/2023,East of England,NewAdmissions,74
20/01/2023,North West,NewAdmissions,68
20/01/2023,Midlands,NewAdmissions,101
20/01/2023,East of England,NewAdmissions,56
20/01/2023,South West,NewAdmissions,40
20/01/2023,South East,NewAdmissions,47
20/01/2023,London,NewAdmissions,50
20/01/2023,North East and Yorkshire,NewAdmissions,85
21/01/2023,London,NewAdmissions,34
21/01/2023,South East,NewAdmissions,90
21/01/2023,East of England,NewAdmissions,50
21/01/2023,Midlands,NewAdmissions,132
21/01/2023,North West,NewAdmissions,56
21/01/2023,South West,NewAdmissions,63
21/01/2023,North East and Yorkshire,NewAdmissions,68
22/01/2023,Midlands,NewAdmissions,105
22/01/2023,South East,NewAdmissions,102
22/01/2023,South West,NewAdmissions,63
22/01/2023,North East and Yorkshire,NewAdmissions,133
22/01/2023,London,NewAdmissions,38
22/01/2023,East of England,NewAdmissions,83
22/01/2023,North West,NewAdmissions,66
23/01/2023,North West,NewAdmissions,56
23/01/2023,East of England,NewAdmissions,67
23/01/2023,London,NewAdmissions,63
23/01/2023,North East and Yorkshire,NewAdmissions,132
23/01/2023,South East,NewAdmissions,122
23/01/2023,South West,NewAdmissions,69
23/01/2023,Midlands,NewAdmissions,108
24/01/2023,North East and Yorkshire,NewAdmissions,135
24/01/2023,South East,NewAdmissions,108
24/01/2023,Midlands,NewAdmissions,136
24/01/2023,London,NewAdmissions,74
24/01/2023,South West,NewAdmissions,67
24/01/2023,North West,NewAdmissions,80
24/01/2023,East of England,NewAdmissions,95
25/01/2023,Midlands,NewAdmissions,164
25/01/2023,North East and Yorkshire,NewAdmissions,109
25/01/2023,East of England,NewAdmissions,77
25/01/2023,North West,NewAdmissions,75
25/01/2023,South West,NewAdmissions,85
25/01/2023,London,NewAdmissions,96
25/01/2023,South East,NewAdmissions,100
26/01/2023,East of England,NewAdmissions,77
26/01/2023,North West,NewAdmissions,67
26/01/2023,London,NewAdmissions,83
26/01/2023,Midlands,NewAdmissions,130
26/01/2023,South East,NewAdmissions,115
26/01/2023,North East and Yorkshire,NewAdmissions,115
26/01/2023,South West,NewAdmissions,67
27/01/2023,London,NewAdmissions,63
27/01/2023,North East and Yorkshire,NewAdmissions,115
27/01/2023,South East,NewAdmissions,72
27/01/2023,Midlands,NewAdmissions,119
27/01/2023,South West,NewAdmissions,52
27/01/2023,North West,NewAdmissions,65
27/01/2023,East of England,NewAdmissions,72
28/01/2023,London,NewAdmissions,54
28/01/2023,Midlands,NewAdmissions,100
28/01/2023,North East and Yorkshire,NewAdmissions,118
28/01/2023,East of England,NewAdmissions,64
28/01/2023,South East,NewAdmissions,102
28/01/2023,South West,NewAdmissions,51
28/01/2023,North West,NewAdmissions,73
29/01/2023,North West,NewAdmissions,69
29/01/2023,South West,NewAdmissions,87
29/01/2023,Midlands,NewAdmissions,119
29/01/2023,London,NewAdmissions,58
29/01/2023,South East,NewAdmissions,126
29/01/2023,East of England,NewAdmissions,98
29/01/2023,North East and Yorkshire,NewAdmissions,148
30/01/2023,South West,NewAdmissions,83
30/01/2023,East of England,NewAdmissions,111
30/01/2023,North West,NewAdmissions,81
30/01/2023,South East,NewAdmissions,116
30/01/2023,London,NewAdmissions,81
30/01/2023,Midlands,NewAdmissions,127
30/01/2023,North East and Yorkshire,NewAdmissions,142
31/01/2023,North East and Yorkshire,NewAdmissions,136
31/01/2023,South West,NewAdmissions,93
31/01/2023,East of England,NewAdmissions,115
31/01/2023,Midlands,NewAdmissions,125
31/01/2023,London,NewAdmissions,87
31/01/2023,North West,NewAdmissions,90
31/01/2023,South East,NewAdmissions,106
01/02/2023,Midlands,NewAdmissions,150
01/02/2023,North West,NewAdmissions,75
01/02/2023,London,NewAdmissions,105
01/02/2023,South East,NewAdmissions,117
01/02/2023,South West,NewAdmissions,86
01/02/2023,East of England,NewAdmissions,98
01/02/2023,North East and Yorkshire,NewAdmissions,149
02/02/2023,Midlands,NewAdmissions,148
02/02/2023,North West,NewAdmissions,68
02/02/2023,South East,NewAdmissions,123
02/02/2023,North East and Yorkshire,NewAdmissions,101
02/02/2023,East of England,NewAdmissions,92
02/02/2023,London,NewAdmissions,98
02/02/2023,South West,NewAdmissions,83
03/02/2023,Midlands,NewAdmissions,115
03/02/2023,East of England,NewAdmissions,67
03/02/2023,South West,NewAdmissions,66
03/02/2023,North East and Yorkshire,NewAdmissions,103
03/02/2023,North West,NewAdmissions,73
03/02/2023,London,NewAdmissions,72
03/02/2023,South East,NewAdmissions,77
04/02/2023,East of England,NewAdmissions,116
04/02/2023,London,NewAdmissions,74
04/02/2023,North East and Yorkshire,NewAdmissions,119
04/02/2023,Midlands,NewAdmissions,104
04/02/2023,South East,NewAdmissions,106
04/02/2023,South West,NewAdmissions,91
04/02/2023,North West,NewAdmissions,58
05/02/2023,South East,NewAdmissions,113
05/02/2023,South West,NewAdmissions,96
05/02/2023,Midlands,NewAdmissions,114
05/02/2023,North West,NewAdmissions,78
05/02/2023,East of England,NewAdmissions,140
05/02/2023,North East and Yorkshire,NewAdmissions,127
05/02/2023,London,NewAdmissions,79
06/02/2023,North West,NewAdmissions,93
06/02/2023,North East and Yorkshire,NewAdmissions,151
06/02/2023,South East,NewAdmissions,130
06/02/2023,East of England,NewAdmissions,137
06/02/2023,London,NewAdmissions,94
06/02/2023,Midlands,NewAdmissions,147
06/02/2023,South West,NewAdmissions,73
07/02/2023,South East,NewAdmissions,123
07/02/2023,Midlands,NewAdmissions,133
07/02/2023,South West,NewAdmissions,89
07/02/2023,East of England,NewAdmissions,164
07/02/2023,North East and Yorkshire,NewAdmissions,126
07/02/2023,London,NewAdmissions,94
07/02/2023,North West,NewAdmissions,88
08/02/2023,London,NewAdmissions,98
08/02/2023,Midlands,NewAdmissions,150
08/02/2023,East of England,NewAdmissions,67
08/02/2023,South West,NewAdmissions,80
08/02/2023,North West,NewAdmissions,82
08/02/2023,North East and Yorkshire,NewAdmissions,152
08/02/2023,South East,NewAdmissions,139
09/02/2023,North West,NewAdmissions,94
09/02/2023,North East and Yorkshire,NewAdmissions,119
09/02/2023,South West,NewAdmissions,94
09/02/2023,London,NewAdmissions,91
09/02/2023,East of England,NewAdmissions,100
09/02/2023,South East,NewAdmissions,165
09/02/2023,Midlands,NewAdmissions,155
10/02/2023,North East and Yorkshire,NewAdmissions,123
10/02/2023,South East,NewAdmissions,90
10/02/2023,London,NewAdmissions,76
10/02/2023,East of England,NewAdmissions,81
10/02/2023,North West,NewAdmissions,67
10/02/2023,South West,NewAdmissions,70
10/02/2023,Midlands,NewAdmissions,136
11/02/2023,London,NewAdmissions,83
11/02/2023,Midlands,NewAdmissions,141
11/02/2023,North East and Yorkshire,NewAdmissions,135
11/02/2023,South West,NewAdmissions,72
11/02/2023,South East,NewAdmissions,123
11/02/2023,East of England,NewAdmissions,108
11/02/2023,North West,NewAdmissions,81
12/02/2023,South East,NewAdmissions,178
12/02/2023,North West,NewAdmissions,117
12/02/2023,North East and Yorkshire,NewAdmissions,132
12/02/2023,Midlands,NewAdmissions,161
12/02/2023,South West,NewAdmissions,99
12/02/2023,East of England,NewAdmissions,93
12/02/2023,London,NewAdmissions,86
13/02/2023,London,NewAdmissions,120
13/02/2023,North West,NewAdmissions,127
13/02/2023,East of England,NewAdmissions,107
13/02/2023,Midlands,NewAdmissions,173
13/02/2023,South East,NewAdmissions,146
13/02/2023,North East and Yorkshire,NewAdmissions,177
13/02/2023,South West,NewAdmissions,99
14/02/2023,London,NewAdmissions,112
14/02/2023,North East and Yorkshire,NewAdmissions,144
14/02/2023,North West,NewAdmissions,88
14/02/2023,Midlands,NewAdmissions,192
14/02/2023,East of England,NewAdmissions,120
14/02/2023,South East,NewAdmissions,164
14/02/2023,South West,NewAdmissions,92
15/02/2023,East of England,NewAdmissions,156
15/02/2023,Midlands,NewAdmissions,178
15/02/2023,North East and Yorkshire,NewAdmissions,168
15/02/2023,South East,NewAdmissions,159
15/02/2023,South West,NewAdmissions,96
15/02/2023,London,NewAdmissions,113
15/02/2023,North West,NewAdmissions,108
16/02/2023,North West,NewAdmissions,113
16/02/2023,South East,NewAdmissions,167
16/02/2023,London,NewAdmissions,119
16/02/2023,South West,NewAdmissions,99
16/02/2023,North East and Yorkshire,NewAdmissions,154
16/02/2023,East of England,NewAdmissions,147
16/02/2023,Midlands,NewAdmissions,160
17/02/2023,North East and Yorkshire,NewAdmissions,145
17/02/2023,South East,NewAdmissions,106
17/02/2023,East of England,NewAdmissions,98
17/02/2023,Midlands,NewAdmissions,155
17/02/2023,London,NewAdmissions,105
17/02/2023,North West,NewAdmissions,97
17/02/2023,South West,NewAdmissions,79
18/02/2023,North West,NewAdmissions,81
18/02/2023,South East,NewAdmissions,134
18/02/2023,North East and Yorkshire,NewAdmissions,151
18/02/2023,London,NewAdmissions,100
18/02/2023,Midlands,NewAdmissions,145
18/02/2023,East of England,NewAdmissions,74
18/02/2023,South West,NewAdmissions,64
19/02/2023,North West,NewAdmissions,101
19/02/2023,London,NewAdmissions,118
19/02/2023,South East,NewAdmissions,177
19/02/2023,North East and Yorkshire,NewAdmissions,177
19/02/2023,East of England,NewAdmissions,93
19/02/2023,South West,NewAdmissions,93
19/02/2023,Midlands,NewAdmissions,153
20/02/2023,North East and Yorkshire,NewAdmissions,182
20/02/2023,South East,NewAdmissions,149
20/02/2023,Midlands,NewAdmissions,176
20/02/2023,North West,NewAdmissions,130
20/02/2023,London,NewAdmissions,143
20/02/2023,East of England,NewAdmissions,110
20/02/2023,South West,NewAdmissions,93
21/02/2023,South East,NewAdmissions,161
21/02/2023,Midlands,NewAdmissions,196
21/02/2023,North East and Yorkshire,NewAdmissions,188
21/02/2023,East of England,NewAdmissions,100
21/02/2023,London,NewAdmissions,129
21/02/2023,South West,NewAdmissions,84
21/02/2023,North West,NewAdmissions,109
22/02/2023,London,NewAdmissions,131
22/02/2023,South West,NewAdmissions,84
22/02/2023,North West,NewAdmissions,91
22/02/2023,North East and Yorkshire,NewAdmissions,174
22/02/2023,East of England,NewAdmissions,116
22/02/2023,South East,NewAdmissions,123
22/02/2023,Midlands,NewAdmissions,160
23/02/2023,South West,NewAdmissions,75
23/02/2023,London,NewAdmissions,115
23/02/2023,North West,NewAdmissions,104
23/02/2023,North East and Yorkshire,NewAdmissions,166
23/02/2023,South East,NewAdmissions,133
23/02/2023,East of England,NewAdmissions,78
23/02/2023,Midlands,NewAdmissions,174
24/02/2023,North West,NewAdmissions,86
24/02/2023,North East and Yorkshire,NewAdmissions,132
24/02/2023,London,NewAdmissions,98
24/02/2023,Midlands,NewAdmissions,150
24/02/2023,East of England,NewAdmissions,59
24/02/2023,South East,NewAdmissions,93
24/02/2023,South West,NewAdmissions,47
25/02/2023,North West,NewAdmissions,77
25/02/2023,North East and Yorkshire,NewAdmissions,159
25/02/2023,Midlands,NewAdmissions,148
25/02/2023,South East,NewAdmissions,112
25/02/2023,South West,NewAdmissions,59
25/02/2023,London,NewAdmissions,93
25/02/2023,East of England,NewAdmissions,81
26/02/2023,South West,NewAdmissions,91
26/02/2023,East of England,NewAdmissions,87
26/02/2023,North East and Yorkshire,NewAdmissions,179
26/02/2023,North West,NewAdmissions,111
26/02/2023,London,NewAdmissions,103
26/02/2023,Midlands,NewAdmissions,161
26/02/2023,South East,NewAdmissions,161
27/02/2023,South West,NewAdmissions,91
27/02/2023,Midlands,NewAdmissions,166
27/02/2023,North East and Yorkshire,NewAdmissions,173
27/02/2023,South East,NewAdmissions,155
27/02/2023,North West,NewAdmissions,122
27/02/2023,East of England,NewAdmissions,104
27/02/2023,London,NewAdmissions,122
28/02/2023,North West,NewAdmissions,118
28/02/2023,North East and Yorkshire,NewAdmissions,184
28/02/2023,East of England,NewAdmissions,97
28/02/2023,South West,NewAdmissions,78
28/02/2023,London,NewAdmissions,138
28/02/2023,Midlands,NewAdmissions,181
28/02/2023,South East,NewAdmissions,146
01/03/2023,Midlands,NewAdmissions,179
01/03/2023,South East,NewAdmissions,177
01/03/2023,East of England,NewAdmissions,114
01/03/2023,North West,NewAdmissions,135
01/03/2023,North East and Yorkshire,NewAdmissions,173
01/03/2023,London,NewAdmissions,128
01/03/2023,South West,NewAdmissions,87
02/03/2023,South West,NewAdmissions,92
02/03/2023,North East and Yorkshire,NewAdmissions,184
02/03/2023,London,NewAdmissions,123
02/03/2023,North West,NewAdmissions,125
02/03/2023,South East,NewAdmissions,136
02/03/2023,Midlands,NewAdmissions,182
02/03/2023,East of England,NewAdmissions,105
03/03/2023,Midlands,NewAdmissions,163
03/03/2023,East of England,NewAdmissions,79
03/03/2023,South East,NewAdmissions,107
03/03/2023,South West,NewAdmissions,62
03/03/2023,North West,NewAdmissions,93
03/03/2023,North East and Yorkshire,NewAdmissions,154
03/03/2023,London,NewAdmissions,92
04/03/2023,North West,NewAdmissions,108
04/03/2023,South East,NewAdmissions,119
04/03/2023,South West,NewAdmissions,58
04/03/2023,East of England,NewAdmissions,68
04/03/2023,London,NewAdmissions,99
04/03/2023,North East and Yorkshire,NewAdmissions,154
04/03/2023,Midlands,NewAdmissions,137
05/03/2023,North West,NewAdmissions,117
05/03/2023,South West,NewAdmissions,90
05/03/2023,East of England,NewAdmissions,90
05/03/2023,North East and Yorkshire,NewAdmissions,160
05/03/2023,Midlands,NewAdmissions,164
05/03/2023,South East,NewAdmissions,146
05/03/2023,London,NewAdmissions,107
06/03/2023,North West,NewAdmissions,143
06/03/2023,North East and Yorkshire,NewAdmissions,168
06/03/2023,South East,NewAdmissions,146
06/03/2023,South West,NewAdmissions,105
06/03/2023,London,NewAdmissions,157
06/03/2023,Midlands,NewAdmissions,227
06/03/2023,East of England,NewAdmissions,93
07/03/2023,Midlands,NewAdmissions,239
07/03/2023,North East and Yorkshire,NewAdmissions,202
07/03/2023,East of England,NewAdmissions,97
07/03/2023,North West,NewAdmissions,143
07/03/2023,London,NewAdmissions,144
07/03/2023,South East,NewAdmissions,138
07/03/2023,South West,NewAdmissions,82
08/03/2023,East of England,NewAdmissions,89
08/03/2023,North East and Yorkshire,NewAdmissions,193
08/03/2023,London,NewAdmissions,135
08/03/2023,North West,NewAdmissions,172
08/03/2023,Midlands,NewAdmissions,244
08/03/2023,South East,NewAdmissions,183
08/03/2023,South West,NewAdmissions,106
09/03/2023,Midlands,NewAdmissions,186
09/03/2023,East of England,NewAdmissions,85
09/03/2023,North West,NewAdmissions,141
09/03/2023,South East,NewAdmissions,168
09/03/2023,London,NewAdmissions,135
09/03/2023,South West,NewAdmissions,86
09/03/2023,North East and Yorkshire,NewAdmissions,177
10/03/2023,Midlands,NewAdmissions,135
10/03/2023,East of England,NewAdmissions,68
10/03/2023,London,NewAdmissions,119
10/03/2023,North West,NewAdmissions,117
10/03/2023,North East and Yorkshire,NewAdmissions,147
10/03/2023,South West,NewAdmissions,70
10/03/2023,South East,NewAdmissions,127
11/03/2023,East of England,NewAdmissions,70
11/03/2023,South West,NewAdmissions,81
11/03/2023,Midlands,NewAdmissions,157
11/03/2023,North West,NewAdmissions,150
11/03/2023,London,NewAdmissions,120
11/03/2023,South East,NewAdmissions,127
11/03/2023,North East and Yorkshire,NewAdmissions,165
12/03/2023,North West,NewAdmissions,151
12/03/2023,East of England,NewAdmissions,101
12/03/2023,South East,NewAdmissions,166
12/03/2023,South West,NewAdmissions,93
12/03/2023,Midlands,NewAdmissions,193
12/03/2023,North East and Yorkshire,NewAdmissions,242
12/03/2023,London,NewAdmissions,125
13/03/2023,South East,NewAdmissions,205
13/03/2023,North West,NewAdmissions,156
13/03/2023,Midlands,NewAdmissions,184
13/03/2023,North East and Yorkshire,NewAdmissions,247
13/03/2023,East of England,NewAdmissions,142
13/03/2023,South West,NewAdmissions,109
13/03/2023,London,NewAdmissions,146
14/03/2023,North East and Yorkshire,NewAdmissions,218
14/03/2023,East of England,NewAdmissions,78
14/03/2023,North West,NewAdmissions,145
14/03/2023,Midlands,NewAdmissions,210
14/03/2023,South West,NewAdmissions,110
14/03/2023,London,NewAdmissions,156
14/03/2023,South East,NewAdmissions,183
15/03/2023,North West,NewAdmissions,144
15/03/2023,South West,NewAdmissions,72
15/03/2023,London,NewAdmissions,127
15/03/2023,South East,NewAdmissions,147
15/03/2023,East of England,NewAdmissions,93
15/03/2023,Midlands,NewAdmissions,215
15/03/2023,North East and Yorkshire,NewAdmissions,213
16/03/2023,Midlands,NewAdmissions,198
16/03/2023,London,NewAdmissions,119
16/03/2023,South West,NewAdmissions,153
16/03/2023,North West,NewAdmissions,145
16/03/2023,North East and Yorkshire,NewAdmissions,213
16/03/2023,East of England,NewAdmissions,93
16/03/2023,South East,NewAdmissions,155
17/03/2023,Midlands,NewAdmissions,175
17/03/2023,South East,NewAdmissions,118
17/03/2023,London,NewAdmissions,120
17/03/2023,North West,NewAdmissions,110
17/03/2023,East of England,NewAdmissions,100
17/03/2023,South West,NewAdmissions,67
17/03/2023,North East and Yorkshire,NewAdmissions,152
18/03/2023,North West,NewAdmissions,101
18/03/2023,East of England,NewAdmissions,94
18/03/2023,South East,NewAdmissions,126
18/03/2023,London,NewAdmissions,87
18/03/2023,Midlands,NewAdmissions,218
18/03/2023,South West,NewAdmissions,90
18/03/2023,North East and Yorkshire,NewAdmissions,137
19/03/2023,East of England,NewAdmissions,97
19/03/2023,South East,NewAdmissions,216
19/03/2023,North East and Yorkshire,NewAdmissions,199
19/03/2023,London,NewAdmissions,117
19/03/2023,Midlands,NewAdmissions,195
19/03/2023,North West,NewAdmissions,134
19/03/2023,South West,NewAdmissions,91
20/03/2023,South West,NewAdmissions,99
20/03/2023,Midlands,NewAdmissions,204
20/03/2023,East of England,NewAdmissions,114
20/03/2023,South East,NewAdmissions,150
20/03/2023,North West,NewAdmissions,153
20/03/2023,London,NewAdmissions,125
20/03/2023,North East and Yorkshire,NewAdmissions,174
21/03/2023,London,NewAdmissions,130
21/03/2023,North West,NewAdmissions,145
21/03/2023,North East and Yorkshire,NewAdmissions,194
21/03/2023,Midlands,NewAdmissions,196
21/03/2023,South West,NewAdmissions,131
21/03/2023,South East,NewAdmissions,154
21/03/2023,East of England,NewAdmissions,115
22/03/2023,South West,NewAdmissions,97
22/03/2023,East of England,NewAdmissions,96
22/03/2023,North West,NewAdmissions,163
22/03/2023,London,NewAdmissions,106
22/03/2023,Midlands,NewAdmissions,222
22/03/2023,North East and Yorkshire,NewAdmissions,199
22/03/2023,South East,NewAdmissions,145
23/03/2023,London,NewAdmissions,123
23/03/2023,Midlands,NewAdmissions,209
23/03/2023,South East,NewAdmissions,131
23/03/2023,East of England,NewAdmissions,99
23/03/2023,North East and Yorkshire,NewAdmissions,219
23/03/2023,South West,NewAdmissions,108
23/03/2023,North West,NewAdmissions,122
24/03/2023,North East and Yorkshire,NewAdmissions,159
24/03/2023,London,NewAdmissions,97
24/03/2023,South West,NewAdmissions,85
24/03/2023,North West,NewAdmissions,87
24/03/2023,South East,NewAdmissions,105
24/03/2023,East of England,NewAdmissions,78
24/03/2023,Midlands,NewAdmissions,151
25/03/2023,Midlands,NewAdmissions,162
25/03/2023,South West,NewAdmissions,69
25/03/2023,London,NewAdmissions,67
25/03/2023,North West,NewAdmissions,109
25/03/2023,North East and Yorkshire,NewAdmissions,131
25/03/2023,East of England,NewAdmissions,83
25/03/2023,South East,NewAdmissions,109
26/03/2023,Midlands,NewAdmissions,156
26/03/2023,South West,NewAdmissions,101
26/03/2023,London,NewAdmissions,89
26/03/2023,North East and Yorkshire,NewAdmissions,156
26/03/2023,East of England,NewAdmissions,89
26/03/2023,North West,NewAdmissions,107
26/03/2023,South East,NewAdmissions,127
27/03/2023,Midlands,NewAdmissions,188
27/03/2023,North East and Yorkshire,NewAdmissions,165
27/03/2023,London,NewAdmissions,93
27/03/2023,South West,NewAdmissions,88
27/03/2023,South East,NewAdmissions,116
27/03/2023,East of England,NewAdmissions,84
27/03/2023,North West,NewAdmissions,152
28/03/2023,South East,NewAdmissions,128
28/03/2023,Midlands,NewAdmissions,207
28/03/2023,East of England,NewAdmissions,97
28/03/2023,North East and Yorkshire,NewAdmissions,172
28/03/2023,London,NewAdmissions,114
28/03/2023,South West,NewAdmissions,82
28/03/2023,North West,NewAdmissions,134
29/03/2023,East of England,NewAdmissions,87
29/03/2023,London,NewAdmissions,90
29/03/2023,South West,NewAdmissions,130
29/03/2023,North West,NewAdmissions,154
29/03/2023,North East and Yorkshire,NewAdmissions,220
29/03/2023,Midlands,NewAdmissions,198
29/03/2023,South East,NewAdmissions,142
30/03/2023,London,NewAdmissions,93
30/03/2023,North West,NewAdmissions,133
30/03/2023,East of England,NewAdmissions,94
30/03/2023,South East,NewAdmissions,102
30/03/2023,Midlands,NewAdmissions,178
30/03/2023,North East and Yorkshire,NewAdmissions,175
30/03/2023,South West,NewAdmissions,72
31/03/2023,South West,NewAdmissions,53
31/03/2023,East of England,NewAdmissions,81
31/03/2023,North West,NewAdmissions,124
31/03/2023,North East and Yorkshire,NewAdmissions,153
31/03/2023,Midlands,NewAdmissions,132
31/03/2023,South East,NewAdmissions,96
31/03/2023,London,NewAdmissions,60
01/04/2023,London,NewAdmissions,65
01/04/2023,East of England,NewAdmissions,70
01/04/2023,North East and Yorkshire,NewAdmissions,136
01/04/2023,North West,NewAdmissions,111
01/04/2023,South West,NewAdmissions,49
01/04/2023,South East,NewAdmissions,127
01/04/2023,Midlands,NewAdmissions,160
02/04/2023,South West,NewAdmissions,62
02/04/2023,North West,NewAdmissions,125
02/04/2023,East of England,NewAdmissions,66
02/04/2023,Midlands,NewAdmissions,148
02/04/2023,North East and Yorkshire,NewAdmissions,165
02/04/2023,South East,NewAdmissions,121
02/04/2023,London,NewAdmissions,84
03/04/2023,South East,NewAdmissions,110
03/04/2023,South West,NewAdmissions,80
03/04/2023,Midlands,NewAdmissions,149
03/04/2023,North East and Yorkshire,NewAdmissions,130
03/04/2023,North West,NewAdmissions,129
03/04/2023,London,NewAdmissions,95
03/04/2023,East of England,NewAdmissions,77
04/04/2023,East of England,NewAdmissions,61
04/04/2023,London,NewAdmissions,71
04/04/2023,North West,NewAdmissions,151
04/04/2023,North East and Yorkshire,NewAdmissions,166
04/04/2023,Midlands,NewAdmissions,151
04/04/2023,South East,NewAdmissions,111
04/04/2023,South West,NewAdmissions,75
05/04/2023,North West,NewAdmissions,100
05/04/2023,South East,NewAdmissions,138
05/04/2023,East of England,NewAdmissions,78
05/04/2023,London,NewAdmissions,65
05/04/2023,North East and Yorkshire,NewAdmissions,148
05/04/2023,Midlands,NewAdmissions,162
05/04/2023,South West,NewAdmissions,83
06/04/2023,North East and Yorkshire,NewAdmissions,114
06/04/2023,Midlands,NewAdmissions,152
06/04/2023,East of England,NewAdmissions,64
06/04/2023,South East,NewAdmissions,84
06/04/2023,South West,NewAdmissions,67
06/04/2023,London,NewAdmissions,52
06/04/2023,North West,NewAdmissions,86
07/04/2023,North West,NewAdmissions,71
07/04/2023,South East,NewAdmissions,79
07/04/2023,South West,NewAdmissions,54
07/04/2023,London,NewAdmissions,52
07/04/2023,Midlands,NewAdmissions,106
07/04/2023,East of England,NewAdmissions,53
07/04/2023,North East and Yorkshire,NewAdmissions,105
08/04/2023,London,NewAdmissions,52
08/04/2023,South East,NewAdmissions,88
08/04/2023,South West,NewAdmissions,52
08/04/2023,North West,NewAdmissions,73
08/04/2023,Midlands,NewAdmissions,109
08/04/2023,North East and Yorkshire,NewAdmissions,108
08/04/2023,East of England,NewAdmissions,44
09/04/2023,North West,NewAdmissions,96
09/04/2023,London,NewAdmissions,51
09/04/2023,East of England,NewAdmissions,67
09/04/2023,South East,NewAdmissions,95
09/04/2023,South West,NewAdmissions,57
09/04/2023,Midlands,NewAdmissions,136
09/04/2023,North East and Yorkshire,NewAdmissions,110
10/04/2023,Midlands,NewAdmissions,175
10/04/2023,South West,NewAdmissions,109
10/04/2023,North East and Yorkshire,NewAdmissions,118
10/04/2023,London,NewAdmissions,57
10/04/2023,North West,NewAdmissions,96
10/04/2023,South East,NewAdmissions,101
10/04/2023,East of England,NewAdmissions,63
11/04/2023,South West,NewAdmissions,66
11/04/2023,North East and Yorkshire,NewAdmissions,145
11/04/2023,London,NewAdmissions,68
11/04/2023,East of England,NewAdmissions,74
11/04/2023,Midlands,NewAdmissions,158
11/04/2023,North West,NewAdmissions,78
11/04/2023,South East,NewAdmissions,134
12/04/2023,South West,NewAdmissions,62
12/04/2023,North West,NewAdmissions,88
12/04/2023,South East,NewAdmissions,96
12/04/2023,Midlands,NewAdmissions,133
12/04/2023,North East and Yorkshire,NewAdmissions,135
12/04/2023,London,NewAdmissions,66
12/04/2023,East of England,NewAdmissions,48
13/04/2023,East of England,NewAdmissions,72
13/04/2023,North East and Yorkshire,NewAdmissions,129
13/04/2023,North West,NewAdmissions,80
13/04/2023,London,NewAdmissions,68
13/04/2023,South West,NewAdmissions,47
13/04/2023,Midlands,NewAdmissions,130
13/04/2023,South East,NewAdmissions,94
14/04/2023,Midlands,NewAdmissions,118
14/04/2023,North West,NewAdmissions,59
14/04/2023,East of England,NewAdmissions,51
14/04/2023,North East and Yorkshire,NewAdmissions,74
14/04/2023,South East,NewAdmissions,83
14/04/2023,South West,NewAdmissions,55
14/04/2023,London,NewAdmissions,52
15/04/2023,London,NewAdmissions,59
15/04/2023,South West,NewAdmissions,49
15/04/2023,North East and Yorkshire,NewAdmissions,90
15/04/2023,Midlands,NewAdmissions,121
15/04/2023,East of England,NewAdmissions,52
15/04/2023,North West,NewAdmissions,69
15/04/2023,South East,NewAdmissions,69
16/04/2023,South East,NewAdmissions,88
16/04/2023,East of England,NewAdmissions,61
16/04/2023,North West,NewAdmissions,65
16/04/2023,South West,NewAdmissions,60
16/04/2023,Midlands,NewAdmissions,124
16/04/2023,North East and Yorkshire,NewAdmissions,120
16/04/2023,London,NewAdmissions,58
17/04/2023,South East,NewAdmissions,95
17/04/2023,East of England,NewAdmissions,97
17/04/2023,North West,NewAdmissions,87
17/04/2023,London,NewAdmissions,81
17/04/2023,North East and Yorkshire,NewAdmissions,116
17/04/2023,South West,NewAdmissions,47
17/04/2023,Midlands,NewAdmissions,136
18/04/2023,East of England,NewAdmissions,48
18/04/2023,Midlands,NewAdmissions,131
18/04/2023,London,NewAdmissions,66
18/04/2023,North West,NewAdmissions,78
18/04/2023,South West,NewAdmissions,50
18/04/2023,North East and Yorkshire,NewAdmissions,107
18/04/2023,South East,NewAdmissions,77
19/04/2023,Midlands,NewAdmissions,119
19/04/2023,North West,NewAdmissions,76
19/04/2023,East of England,NewAdmissions,58
19/04/2023,South East,NewAdmissions,85
19/04/2023,London,NewAdmissions,70
19/04/2023,South West,NewAdmissions,52
19/04/2023,North East and Yorkshire,NewAdmissions,106
20/04/2023,South East,NewAdmissions,73
20/04/2023,East of England,NewAdmissions,52
20/04/2023,North West,NewAdmissions,66
20/04/2023,North East and Yorkshire,NewAdmissions,72
20/04/2023,London,NewAdmissions,61
20/04/2023,South West,NewAdmissions,54
20/04/2023,Midlands,NewAdmissions,115
21/04/2023,South West,NewAdmissions,48
21/04/2023,London,NewAdmissions,49
21/04/2023,East of England,NewAdmissions,45
21/04/2023,Midlands,NewAdmissions,95
21/04/2023,North East and Yorkshire,NewAdmissions,87
21/04/2023,North West,NewAdmissions,63
21/04/2023,South East,NewAdmissions,41
22/04/2023,Midlands,NewAdmissions,84
22/04/2023,South West,NewAdmissions,36
22/04/2023,London,NewAdmissions,48
22/04/2023,South East,NewAdmissions,65
22/04/2023,North West,NewAdmissions,62
22/04/2023,East of England,NewAdmissions,54
22/04/2023,North East and Yorkshire,NewAdmissions,62
23/04/2023,London,NewAdmissions,64
23/04/2023,South East,NewAdmissions,94
23/04/2023,East of England,NewAdmissions,55
23/04/2023,South West,NewAdmissions,72
23/04/2023,Midlands,NewAdmissions,118
23/04/2023,North East and Yorkshire,NewAdmissions,92
23/04/2023,North West,NewAdmissions,75
24/04/2023,South East,NewAdmissions,72
24/04/2023,North West,NewAdmissions,63
24/04/2023,North East and Yorkshire,NewAdmissions,78
24/04/2023,Midlands,NewAdmissions,137
24/04/2023,South West,NewAdmissions,70
24/04/2023,East of England,NewAdmissions,46
24/04/2023,London,NewAdmissions,59
25/04/2023,East of England,NewAdmissions,31
25/04/2023,North East and Yorkshire,NewAdmissions,108
25/04/2023,South West,NewAdmissions,51
25/04/2023,North West,NewAdmissions,72
25/04/2023,London,NewAdmissions,59
25/04/2023,South East,NewAdmissions,78
25/04/2023,Midlands,NewAdmissions,112
26/04/2023,Midlands,NewAdmissions,124
26/04/2023,London,NewAdmissions,60
26/04/2023,South West,NewAdmissions,59
26/04/2023,South East,NewAdmissions,106
26/04/2023,North East and Yorkshire,NewAdmissions,73
26/04/2023,East of England,NewAdmissions,41
26/04/2023,North West,NewAdmissions,76
27/04/2023,Midlands,NewAdmissions,105
27/04/2023,North West,NewAdmissions,76
27/04/2023,South East,NewAdmissions,100
27/04/2023,North East and Yorkshire,NewAdmissions,80
27/04/2023,London,NewAdmissions,59
27/04/2023,East of England,NewAdmissions,47
27/04/2023,South West,NewAdmissions,58
28/04/2023,South East,NewAdmissions,64
28/04/2023,South West,NewAdmissions,53
28/04/2023,North East and Yorkshire,NewAdmissions,67
28/04/2023,London,NewAdmissions,44
28/04/2023,North West,NewAdmissions,48
28/04/2023,Midlands,NewAdmissions,89
28/04/2023,East of England,NewAdmissions,39
29/04/2023,North East and Yorkshire,NewAdmissions,72
29/04/2023,South East,NewAdmissions,57
29/04/2023,London,NewAdmissions,52
29/04/2023,East of England,NewAdmissions,43
29/04/2023,Midlands,NewAdmissions,66
29/04/2023,South West,NewAdmissions,50
29/04/2023,North West,NewAdmissions,54
30/04/2023,North East and Yorkshire,NewAdmissions,66
30/04/2023,South East,NewAdmissions,95
30/04/2023,South West,NewAdmissions,41
30/04/2023,East of England,NewAdmissions,39
30/04/2023,London,NewAdmissions,49
30/04/2023,Midlands,NewAdmissions,79
30/04/2023,North West,NewAdmissions,59
01/05/2023,East of England,NewAdmissions,66
01/05/2023,North West,NewAdmissions,42
01/05/2023,London,NewAdmissions,58
01/05/2023,North East and Yorkshire,NewAdmissions,62
01/05/2023,Midlands,NewAdmissions,104
01/05/2023,South West,NewAdmissions,54
01/05/2023,South East,NewAdmissions,131
02/05/2023,North West,NewAdmissions,53
02/05/2023,London,NewAdmissions,46
02/05/2023,East of England,NewAdmissions,43
02/05/2023,Midlands,NewAdmissions,111
02/05/2023,South East,NewAdmissions,98
02/05/2023,South West,NewAdmissions,69
02/05/2023,North East and Yorkshire,NewAdmissions,85
03/05/2023,South West,NewAdmissions,42
03/05/2023,London,NewAdmissions,60
03/05/2023,North East and Yorkshire,NewAdmissions,79
03/05/2023,Midlands,NewAdmissions,100
03/05/2023,South East,NewAdmissions,65
03/05/2023,North West,NewAdmissions,58
03/05/2023,East of England,NewAdmissions,46
04/05/2023,North West,NewAdmissions,45
04/05/2023,London,NewAdmissions,58
04/05/2023,South West,NewAdmissions,41
04/05/2023,Midlands,NewAdmissions,109
04/05/2023,North East and Yorkshire,NewAdmissions,64
04/05/2023,East of England,NewAdmissions,41
04/05/2023,South East,NewAdmissions,85
05/05/2023,East of England,NewAdmissions,54
05/05/2023,South East,NewAdmissions,65
05/05/2023,Midlands,NewAdmissions,83
05/05/2023,London,NewAdmissions,51
05/05/2023,North West,NewAdmissions,39
05/05/2023,North East and Yorkshire,NewAdmissions,71
05/05/2023,South West,NewAdmissions,43
06/05/2023,North East and Yorkshire,NewAdmissions,51
06/05/2023,North West,NewAdmissions,52
06/05/2023,East of England,NewAdmissions,51
06/05/2023,South West,NewAdmissions,36
06/05/2023,London,NewAdmissions,50
06/05/2023,Midlands,NewAdmissions,77
06/05/2023,South East,NewAdmissions,65
07/05/2023,South West,NewAdmissions,27
07/05/2023,London,NewAdmissions,38
07/05/2023,South East,NewAdmissions,94
07/05/2023,East of England,NewAdmissions,39
07/05/2023,North West,NewAdmissions,44
07/05/2023,Midlands,NewAdmissions,65
07/05/2023,North East and Yorkshire,NewAdmissions,53
08/05/2023,South West,NewAdmissions,36
08/05/2023,London,NewAdmissions,39
08/05/2023,North East and Yorkshire,NewAdmissions,80
08/05/2023,East of England,NewAdmissions,53
08/05/2023,North West,NewAdmissions,71
08/05/2023,South East,NewAdmissions,86
08/05/2023,Midlands,NewAdmissions,91
09/05/2023,Midlands,NewAdmissions,87
09/05/2023,South East,NewAdmissions,91
09/05/2023,North East and Yorkshire,NewAdmissions,73
09/05/2023,South West,NewAdmissions,57
09/05/2023,East of England,NewAdmissions,63
09/05/2023,London,NewAdmissions,48
09/05/2023,North West,NewAdmissions,38
10/05/2023,South West,NewAdmissions,51
10/05/2023,London,NewAdmissions,60
10/05/2023,North East and Yorkshire,NewAdmissions,56
10/05/2023,South East,NewAdmissions,99
10/05/2023,East of England,NewAdmissions,56
10/05/2023,Midlands,NewAdmissions,86
10/05/2023,North West,NewAdmissions,51
11/05/2023,South East,NewAdmissions,68
11/05/2023,South West,NewAdmissions,53
11/05/2023,London,NewAdmissions,42
11/05/2023,Midlands,NewAdmissions,86
11/05/2023,North West,NewAdmissions,55
11/05/2023,East of England,NewAdmissions,45
11/05/2023,North East and Yorkshire,NewAdmissions,57
12/05/2023,South East,NewAdmissions,38
12/05/2023,North East and Yorkshire,NewAdmissions,45
12/05/2023,Midlands,NewAdmissions,61
12/05/2023,South West,NewAdmissions,33
12/05/2023,East of England,NewAdmissions,31
12/05/2023,London,NewAdmissions,55
12/05/2023,North West,NewAdmissions,46
13/05/2023,North West,NewAdmissions,28
13/05/2023,Midlands,NewAdmissions,59
13/05/2023,North East and Yorkshire,NewAdmissions,37
13/05/2023,East of England,NewAdmissions,37
13/05/2023,South West,NewAdmissions,26
13/05/2023,London,NewAdmissions,32
13/05/2023,South East,NewAdmissions,52
14/05/2023,London,NewAdmissions,42
14/05/2023,South East,NewAdmissions,60
14/05/2023,Midlands,NewAdmissions,74
14/05/2023,East of England,NewAdmissions,49
14/05/2023,South West,NewAdmissions,41
14/05/2023,North East and Yorkshire,NewAdmissions,47
14/05/2023,North West,NewAdmissions,32
15/05/2023,South West,NewAdmissions,31
15/05/2023,North East and Yorkshire,NewAdmissions,47
15/05/2023,East of England,NewAdmissions,59
15/05/2023,London,NewAdmissions,49
15/05/2023,South East,NewAdmissions,62
15/05/2023,Midlands,NewAdmissions,70
15/05/2023,North West,NewAdmissions,56
16/05/2023,North West,NewAdmissions,50
16/05/2023,South West,NewAdmissions,40
16/05/2023,South East,NewAdmissions,62
16/05/2023,East of England,NewAdmissions,50
16/05/2023,London,NewAdmissions,58
16/05/2023,North East and Yorkshire,NewAdmissions,54
16/05/2023,Midlands,NewAdmissions,69
17/05/2023,South West,NewAdmissions,38
17/05/2023,Midlands,NewAdmissions,62
17/05/2023,North East and Yorkshire,NewAdmissions,55
17/05/2023,London,NewAdmissions,50
17/05/2023,North West,NewAdmissions,32
17/05/2023,East of England,NewAdmissions,54
17/05/2023,South East,NewAdmissions,59
18/05/2023,North West,NewAdmissions,40
18/05/2023,London,NewAdmissions,44
18/05/2023,South West,NewAdmissions,46
18/05/2023,North East and Yorkshire,NewAdmissions,63
18/05/2023,East of England,NewAdmissions,35
18/05/2023,South East,NewAdmissions,46
18/05/2023,Midlands,NewAdmissions,69
19/05/2023,Midlands,NewAdmissions,48
19/05/2023,South East,NewAdmissions,29
19/05/2023,East of England,NewAdmissions,37
19/05/2023,London,NewAdmissions,42
19/05/2023,North East and Yorkshire,NewAdmissions,44
19/05/2023,South West,NewAdmissions,25
19/05/2023,North West,NewAdmissions,28
20/05/2023,London,NewAdmissions,34
20/05/2023,Midlands,NewAdmissions,45
20/05/2023,South East,NewAdmissions,42
20/05/2023,North West,NewAdmissions,30
20/05/2023,East of England,NewAdmissions,35
20/05/2023,North East and Yorkshire,NewAdmissions,41
20/05/2023,South West,NewAdmissions,20
21/05/2023,North West,NewAdmissions,51
21/05/2023,London,NewAdmissions,36
21/05/2023,Midlands,NewAdmissions,50
21/05/2023,South West,NewAdmissions,41
21/05/2023,North East and Yorkshire,NewAdmissions,35
21/05/2023,East of England,NewAdmissions,41
21/05/2023,South East,NewAdmissions,74
22/05/2023,North West,NewAdmissions,46
22/05/2023,South West,NewAdmissions,36
22/05/2023,London,NewAdmissions,40
22/05/2023,North East and Yorkshire,NewAdmissions,48
22/05/2023,South East,NewAdmissions,60
22/05/2023,East of England,NewAdmissions,60
22/05/2023,Midlands,NewAdmissions,74
23/05/2023,South West,NewAdmissions,39
23/05/2023,London,NewAdmissions,62
23/05/2023,Midlands,NewAdmissions,68
23/05/2023,North East and Yorkshire,NewAdmissions,59
23/05/2023,South East,NewAdmissions,64
23/05/2023,East of England,NewAdmissions,43
23/05/2023,North West,NewAdmissions,46
24/05/2023,North West,NewAdmissions,50
24/05/2023,Midlands,NewAdmissions,69
24/05/2023,South East,NewAdmissions,53
24/05/2023,North East and Yorkshire,NewAdmissions,58
24/05/2023,South West,NewAdmissions,36
24/05/2023,East of England,NewAdmissions,44
24/05/2023,London,NewAdmissions,30
25/05/2023,Midlands,NewAdmissions,61
25/05/2023,South East,NewAdmissions,50
25/05/2023,London,NewAdmissions,49
25/05/2023,North West,NewAdmissions,43
25/05/2023,East of England,NewAdmissions,35
25/05/2023,North East and Yorkshire,NewAdmissions,52
25/05/2023,South West,NewAdmissions,32
26/05/2023,North West,NewAdmissions,40
26/05/2023,London,NewAdmissions,45
26/05/2023,Midlands,NewAdmissions,33
26/05/2023,North East and Yorkshire,NewAdmissions,39
26/05/2023,East of England,NewAdmissions,32
26/05/2023,South East,NewAdmissions,30
26/05/2023,South West,NewAdmissions,27
27/05/2023,Midlands,NewAdmissions,44
27/05/2023,London,NewAdmissions,26
27/05/2023,South West,NewAdmissions,29
27/05/2023,North West,NewAdmissions,26
27/05/2023,East of England,NewAdmissions,27
27/05/2023,South East,NewAdmissions,38
27/05/2023,North East and Yorkshire,NewAdmissions,29
28/05/2023,London,NewAdmissions,39
28/05/2023,North West,NewAdmissions,33
28/05/2023,North East and Yorkshire,NewAdmissions,38
28/05/2023,South East,NewAdmissions,60
28/05/2023,Midlands,NewAdmissions,35
28/05/2023,East of England,NewAdmissions,32
28/05/2023,South West,NewAdmissions,20
29/05/2023,South East,NewAdmissions,60
29/05/2023,East of England,NewAdmissions,51
29/05/2023,Midlands,NewAdmissions,46
29/05/2023,North East and Yorkshire,NewAdmissions,27
29/05/2023,South West,NewAdmissions,37
29/05/2023,London,NewAdmissions,37
29/05/2023,North West,NewAdmissions,41
30/05/2023,North West,NewAdmissions,38
30/05/2023,Midlands,NewAdmissions,58
30/05/2023,East of England,NewAdmissions,40
30/05/2023,South West,NewAdmissions,33
30/05/2023,North East and Yorkshire,NewAdmissions,45
30/05/2023,London,NewAdmissions,44
30/05/2023,South East,NewAdmissions,59
31/05/2023,South East,NewAdmissions,52
31/05/2023,Midlands,NewAdmissions,45
31/05/2023,South West,NewAdmissions,27
31/05/2023,London,NewAdmissions,44
31/05/2023,East of England,NewAdmissions,40
31/05/2023,North West,NewAdmissions,35
31/05/2023,North East and Yorkshire,NewAdmissions,47
01/06/2023,South West,NewAdmissions,29
01/06/2023,London,NewAdmissions,42
01/06/2023,North West,NewAdmissions,36
01/06/2023,North East and Yorkshire,NewAdmissions,59
01/06/2023,East of England,NewAdmissions,38
01/06/2023,Midlands,NewAdmissions,44
01/06/2023,South East,NewAdmissions,45
02/06/2023,Midlands,NewAdmissions,25
02/06/2023,East of England,NewAdmissions,34
02/06/2023,North East and Yorkshire,NewAdmissions,46
02/06/2023,South East,NewAdmissions,22
02/06/2023,North West,NewAdmissions,28
02/06/2023,London,NewAdmissions,20
02/06/2023,South West,NewAdmissions,17
03/06/2023,South West,NewAdmissions,16
03/06/2023,South East,NewAdmissions,24
03/06/2023,Midlands,NewAdmissions,31
03/06/2023,London,NewAdmissions,30
03/06/2023,East of England,NewAdmissions,18
03/06/2023,North East and Yorkshire,NewAdmissions,29
03/06/2023,North West,NewAdmissions,29
04/06/2023,London,NewAdmissions,36
04/06/2023,South East,NewAdmissions,39
04/06/2023,Midlands,NewAdmissions,44
04/06/2023,North East and Yorkshire,NewAdmissions,47
04/06/2023,East of England,NewAdmissions,26
04/06/2023,North West,NewAdmissions,32
04/06/2023,South West,NewAdmissions,31
05/06/2023,South West,NewAdmissions,30
05/06/2023,North East and Yorkshire,NewAdmissions,54
05/06/2023,London,NewAdmissions,48
05/06/2023,East of England,NewAdmissions,44
05/06/2023,South East,NewAdmissions,40
05/06/2023,Midlands,NewAdmissions,31
05/06/2023,North West,NewAdmissions,29
06/06/2023,North West,NewAdmissions,34
06/06/2023,South East,NewAdmissions,40
06/06/2023,London,NewAdmissions,68
06/06/2023,East of England,NewAdmissions,31
06/06/2023,North East and Yorkshire,NewAdmissions,49
06/06/2023,Midlands,NewAdmissions,39
06/06/2023,South West,NewAdmissions,29
07/06/2023,South West,NewAdmissions,42
07/06/2023,East of England,NewAdmissions,33
07/06/2023,North West,NewAdmissions,38
07/06/2023,North East and Yorkshire,NewAdmissions,39
07/06/2023,London,NewAdmissions,49
07/06/2023,Midlands,NewAdmissions,35
07/06/2023,South East,NewAdmissions,36
08/06/2023,Midlands,NewAdmissions,40
08/06/2023,London,NewAdmissions,36
08/06/2023,North West,NewAdmissions,30
08/06/2023,North East and Yorkshire,NewAdmissions,43
08/06/2023,East of England,NewAdmissions,37
08/06/2023,South East,NewAdmissions,34
08/06/2023,South West,NewAdmissions,35
09/06/2023,South West,NewAdmissions,17
09/06/2023,North West,NewAdmissions,23
09/06/2023,London,NewAdmissions,21
09/06/2023,Midlands,NewAdmissions,32
09/06/2023,East of England,NewAdmissions,22
09/06/2023,North East and Yorkshire,NewAdmissions,37
09/06/2023,South East,NewAdmissions,31
10/06/2023,South East,NewAdmissions,31
10/06/2023,Midlands,NewAdmissions,23
10/06/2023,London,NewAdmissions,31
10/06/2023,North West,NewAdmissions,12
10/06/2023,East of England,NewAdmissions,26
10/06/2023,North East and Yorkshire,NewAdmissions,33
10/06/2023,South West,NewAdmissions,24
11/06/2023,South West,NewAdmissions,29
11/06/2023,North East and Yorkshire,NewAdmissions,39
11/06/2023,East of England,NewAdmissions,37
11/06/2023,Midlands,NewAdmissions,46
11/06/2023,London,NewAdmissions,28
11/06/2023,North West,NewAdmissions,25
11/06/2023,South East,NewAdmissions,48
12/06/2023,North West,NewAdmissions,32
12/06/2023,South East,NewAdmissions,43
12/06/2023,North East and Yorkshire,NewAdmissions,32
12/06/2023,London,NewAdmissions,20
12/06/2023,East of England,NewAdmissions,36
12/06/2023,Midlands,NewAdmissions,41
12/06/2023,South West,NewAdmissions,19
13/06/2023,South West,NewAdmissions,21
13/06/2023,South East,NewAdmissions,38
13/06/2023,London,NewAdmissions,38
13/06/2023,East of England,NewAdmissions,29
13/06/2023,North East and Yorkshire,NewAdmissions,44
13/06/2023,North West,NewAdmissions,36
13/06/2023,Midlands,NewAdmissions,40
14/06/2023,East of England,NewAdmissions,30
14/06/2023,North West,NewAdmissions,21
14/06/2023,South East,NewAdmissions,30
14/06/2023,Midlands,NewAdmissions,30
14/06/2023,North East and Yorkshire,NewAdmissions,52
14/06/2023,London,NewAdmissions,27
14/06/2023,South West,NewAdmissions,22
15/06/2023,South West,NewAdmissions,22
15/06/2023,North West,NewAdmissions,20
15/06/2023,South East,NewAdmissions,18
15/06/2023,Midlands,NewAdmissions,31
15/06/2023,East of England,NewAdmissions,19
15/06/2023,North East and Yorkshire,NewAdmissions,23
15/06/2023,London,NewAdmissions,27
16/06/2023,North West,NewAdmissions,14
16/06/2023,Midlands,NewAdmissions,18
16/06/2023,North East and Yorkshire,NewAdmissions,12
16/06/2023,London,NewAdmissions,22
16/06/2023,East of England,NewAdmissions,10
16/06/2023,South East,NewAdmissions,25
16/06/2023,South West,NewAdmissions,14
17/06/2023,South West,NewAdmissions,15
17/06/2023,South East,NewAdmissions,12
17/06/2023,North West,NewAdmissions,13
17/06/2023,North East and Yorkshire,NewAdmissions,23
17/06/2023,London,NewAdmissions,18
17/06/2023,East of England,NewAdmissions,22
17/06/2023,Midlands,NewAdmissions,21
18/06/2023,North West,NewAdmissions,25
18/06/2023,North East and Yorkshire,NewAdmissions,22
18/06/2023,South East,NewAdmissions,23
18/06/2023,Midlands,NewAdmissions,19
18/06/2023,East of England,NewAdmissions,21
18/06/2023,London,NewAdmissions,22
18/06/2023,South West,NewAdmissions,14
19/06/2023,South West,NewAdmissions,10
19/06/2023,Midlands,NewAdmissions,31
19/06/2023,East of England,NewAdmissions,9
19/06/2023,South East,NewAdmissions,19
19/06/2023,North East and Yorkshire,NewAdmissions,28
19/06/2023,London,NewAdmissions,36
19/06/2023,North West,NewAdmissions,17
20/06/2023,East of England,NewAdmissions,15
20/06/2023,London,NewAdmissions,30
20/06/2023,Midlands,NewAdmissions,18
20/06/2023,South East,NewAdmissions,21
20/06/2023,North West,NewAdmissions,19
20/06/2023,North East and Yorkshire,NewAdmissions,28
20/06/2023,South West,NewAdmissions,36
21/06/2023,South West,NewAdmissions,12
21/06/2023,London,NewAdmissions,25
21/06/2023,North East and Yorkshire,NewAdmissions,22
21/06/2023,Midlands,NewAdmissions,17
21/06/2023,South East,NewAdmissions,14
21/06/2023,North West,NewAdmissions,14
21/06/2023,East of England,NewAdmissions,21
22/06/2023,South East,NewAdmissions,6
22/06/2023,North West,NewAdmissions,16
22/06/2023,London,NewAdmissions,21
22/06/2023,North East and Yorkshire,NewAdmissions,12
22/06/2023,Midlands,NewAdmissions,28
22/06/2023,East of England,NewAdmissions,17
22/06/2023,South West,NewAdmissions,24
23/06/2023,South West,NewAdmissions,12
23/06/2023,South East,NewAdmissions,9
23/06/2023,Midlands,NewAdmissions,15
23/06/2023,North West,NewAdmissions,14
23/06/2023,North East and Yorkshire,NewAdmissions,9
23/06/2023,East of England,NewAdmissions,9
23/06/2023,London,NewAdmissions,12
24/06/2023,North West,NewAdmissions,9
24/06/2023,North East and Yorkshire,NewAdmissions,20
24/06/2023,London,NewAdmissions,15
24/06/2023,Midlands,NewAdmissions,15
24/06/2023,East of England,NewAdmissions,14
24/06/2023,South East,NewAdmissions,7
24/06/2023,South West,NewAdmissions,15
25/06/2023,South West,NewAdmissions,13
25/06/2023,East of England,NewAdmissions,15
25/06/2023,North East and Yorkshire,NewAdmissions,17
25/06/2023,South East,NewAdmissions,14
25/06/2023,Midlands,NewAdmissions,9
25/06/2023,North West,NewAdmissions,9
25/06/2023,London,NewAdmissions,25
26/06/2023,North West,NewAdmissions,14
26/06/2023,North East and Yorkshire,NewAdmissions,16
26/06/2023,Midlands,NewAdmissions,17
26/06/2023,East of England,NewAdmissions,17
26/06/2023,South East,NewAdmissions,12
26/06/2023,London,NewAdmissions,23
26/06/2023,South West,NewAdmissions,8
27/06/2023,South West,NewAdmissions,5
27/06/2023,North West,NewAdmissions,17
27/06/2023,South East,NewAdmissions,11
27/06/2023,North East and Yorkshire,NewAdmissions,25
27/06/2023,Midlands,NewAdmissions,15
27/06/2023,London,NewAdmissions,17
27/06/2023,East of England,NewAdmissions,7
28/06/2023,London,NewAdmissions,27
28/06/2023,Midlands,NewAdmissions,17
28/06/2023,North West,NewAdmissions,22
28/06/2023,East of England,NewAdmissions,10
28/06/2023,North East and Yorkshire,NewAdmissions,21
28/06/2023,South East,NewAdmissions,10
28/06/2023,South West,NewAdmissions,14
29/06/2023,South West,NewAdmissions,14
29/06/2023,East of England,NewAdmissions,13
29/06/2023,Midlands,NewAdmissions,15
29/06/2023,North East and Yorkshire,NewAdmissions,18
29/06/2023,South East,NewAdmissions,9
29/06/2023,North West,NewAdmissions,18
29/06/2023,London,NewAdmissions,19
30/06/2023,East of England,NewAdmissions,10
30/06/2023,Midlands,NewAdmissions,20
30/06/2023,South East,NewAdmissions,10
30/06/2023,North West,NewAdmissions,13
30/06/2023,London,NewAdmissions,15
30/06/2023,North East and Yorkshire,NewAdmissions,14
30/06/2023,South West,NewAdmissions,11
01/07/2023,South West,NewAdmissions,8
01/07/2023,South East,NewAdmissions,6
01/07/2023,Midlands,NewAdmissions,9
01/07/2023,London,NewAdmissions,12
01/07/2023,North East and Yorkshire,NewAdmissions,13
01/07/2023,North West,NewAdmissions,10
01/07/2023,East of England,NewAdmissions,12
02/07/2023,London,NewAdmissions,14
02/07/2023,Midlands,NewAdmissions,14
02/07/2023,North West,NewAdmissions,11
02/07/2023,East of England,NewAdmissions,10
02/07/2023,South East,NewAdmissions,15
02/07/2023,North East and Yorkshire,NewAdmissions,20
02/07/2023,South West,NewAdmissions,13
03/07/2023,South West,NewAdmissions,19
03/07/2023,London,NewAdmissions,19
03/07/2023,North East and Yorkshire,NewAdmissions,23
03/07/2023,North West,NewAdmissions,15
03/07/2023,East of England,NewAdmissions,11
03/07/2023,South East,NewAdmissions,10
03/07/2023,Midlands,NewAdmissions,18
04/07/2023,North West,NewAdmissions,20
04/07/2023,London,NewAdmissions,24
04/07/2023,East of England,NewAdmissions,13
04/07/2023,North East and Yorkshire,NewAdmissions,19
04/07/2023,Midlands,NewAdmissions,32
04/07/2023,South East,NewAdmissions,14
04/07/2023,South West,NewAdmissions,20
05/07/2023,South West,NewAdmissions,11
05/07/2023,North West,NewAdmissions,20
05/07/2023,South East,NewAdmissions,18
05/07/2023,North East and Yorkshire,NewAdmissions,14
05/07/2023,Midlands,NewAdmissions,24
05/07/2023,London,NewAdmissions,13
05/07/2023,East of England,NewAdmissions,13
06/07/2023,North West,NewAdmissions,16
06/07/2023,East of England,NewAdmissions,13
06/07/2023,South East,NewAdmissions,19
06/07/2023,Midlands,NewAdmissions,25
06/07/2023,London,NewAdmissions,17
06/07/2023,North East and Yorkshire,NewAdmissions,17
06/07/2023,South West,NewAdmissions,13
07/07/2023,South West,NewAdmissions,14
07/07/2023,London,NewAdmissions,18
07/07/2023,North East and Yorkshire,NewAdmissions,13
07/07/2023,Midlands,NewAdmissions,24
07/07/2023,North West,NewAdmissions,9
07/07/2023,East of England,NewAdmissions,8
07/07/2023,South East,NewAdmissions,14
08/07/2023,South East,NewAdmissions,17
08/07/2023,North West,NewAdmissions,15
08/07/2023,North East and Yorkshire,NewAdmissions,13
08/07/2023,Midlands,NewAdmissions,22
08/07/2023,London,NewAdmissions,16
08/07/2023,East of England,NewAdmissions,16
08/07/2023,South West,NewAdmissions,13
09/07/2023,South West,NewAdmissions,19
09/07/2023,East of England,NewAdmissions,12
09/07/2023,London,NewAdmissions,18
09/07/2023,North West,NewAdmissions,9
09/07/2023,South East,NewAdmissions,13
09/07/2023,North East and Yorkshire,NewAdmissions,20
09/07/2023,Midlands,NewAdmissions,37
10/07/2023,North East and Yorkshire,NewAdmissions,27
10/07/2023,Midlands,NewAdmissions,25
10/07/2023,London,NewAdmissions,31
10/07/2023,South East,NewAdmissions,18
10/07/2023,North West,NewAdmissions,14
10/07/2023,East of England,NewAdmissions,22
10/07/2023,South West,NewAdmissions,24
11/07/2023,South West,NewAdmissions,12
11/07/2023,East of England,NewAdmissions,24
11/07/2023,London,NewAdmissions,31
11/07/2023,Midlands,NewAdmissions,24
11/07/2023,North East and Yorkshire,NewAdmissions,27
11/07/2023,South East,NewAdmissions,22
11/07/2023,North West,NewAdmissions,17
12/07/2023,South East,NewAdmissions,16
12/07/2023,North West,NewAdmissions,14
12/07/2023,London,NewAdmissions,20
12/07/2023,Midlands,NewAdmissions,32
12/07/2023,North East and Yorkshire,NewAdmissions,18
12/07/2023,East of England,NewAdmissions,26
12/07/2023,South West,NewAdmissions,13
13/07/2023,South West,NewAdmissions,12
13/07/2023,East of England,NewAdmissions,8
13/07/2023,North West,NewAdmissions,7
13/07/2023,North East and Yorkshire,NewAdmissions,36
13/07/2023,London,NewAdmissions,27
13/07/2023,South East,NewAdmissions,15
13/07/2023,Midlands,NewAdmissions,28
14/07/2023,East of England,NewAdmissions,7
14/07/2023,Midlands,NewAdmissions,17
14/07/2023,North West,NewAdmissions,9
14/07/2023,South East,NewAdmissions,15
14/07/2023,London,NewAdmissions,16
14/07/2023,North East and Yorkshire,NewAdmissions,25
14/07/2023,South West,NewAdmissions,12
15/07/2023,South West,NewAdmissions,15
15/07/2023,London,NewAdmissions,25
15/07/2023,East of England,NewAdmissions,11
15/07/2023,Midlands,NewAdmissions,21
15/07/2023,North West,NewAdmissions,12
15/07/2023,South East,NewAdmissions,17
15/07/2023,North East and Yorkshire,NewAdmissions,24
16/07/2023,South East,NewAdmissions,18
16/07/2023,North East and Yorkshire,NewAdmissions,25
16/07/2023,London,NewAdmissions,29
16/07/2023,Midlands,NewAdmissions,17
16/07/2023,North West,NewAdmissions,12
16/07/2023,East of England,NewAdmissions,10
16/07/2023,South West,NewAdmissions,21
17/07/2023,South West,NewAdmissions,13
17/07/2023,Midlands,NewAdmissions,24
17/07/2023,South East,NewAdmissions,23
17/07/2023,North West,NewAdmissions,22
17/07/2023,East of England,NewAdmissions,14
17/07/2023,London,NewAdmissions,23
17/07/2023,North East and Yorkshire,NewAdmissions,24
18/07/2023,North East and Yorkshire,NewAdmissions,34
18/07/2023,Midlands,NewAdmissions,27
18/07/2023,East of England,NewAdmissions,12
18/07/2023,South East,NewAdmissions,10
18/07/2023,London,NewAdmissions,24
18/07/2023,North West,NewAdmissions,16
18/07/2023,South West,NewAdmissions,19
19/07/2023,South West,NewAdmissions,29
19/07/2023,North East and Yorkshire,NewAdmissions,37
19/07/2023,London,NewAdmissions,24
19/07/2023,East of England,NewAdmissions,15
19/07/2023,South East,NewAdmissions,15
19/07/2023,North West,NewAdmissions,22
19/07/2023,Midlands,NewAdmissions,42
20/07/2023,South East,NewAdmissions,21
20/07/2023,North East and Yorkshire,NewAdmissions,22
20/07/2023,Midlands,NewAdmissions,33
20/07/2023,North West,NewAdmissions,23
20/07/2023,London,NewAdmissions,36
20/07/2023,East of England,NewAdmissions,17
20/07/2023,South West,NewAdmissions,17
21/07/2023,South West,NewAdmissions,23
21/07/2023,North East and Yorkshire,NewAdmissions,35
21/07/2023,North West,NewAdmissions,13
21/07/2023,East of England,NewAdmissions,8
21/07/2023,Midlands,NewAdmissions,24
21/07/2023,London,NewAdmissions,13
21/07/2023,South East,NewAdmissions,16
22/07/2023,South East,NewAdmissions,18
22/07/2023,East of England,NewAdmissions,19
22/07/2023,London,NewAdmissions,15
22/07/2023,North East and Yorkshire,NewAdmissions,24
22/07/2023,Midlands,NewAdmissions,22
22/07/2023,North West,NewAdmissions,24
22/07/2023,South West,NewAdmissions,26
23/07/2023,South West,NewAdmissions,40
23/07/2023,London,NewAdmissions,23
23/07/2023,Midlands,NewAdmissions,37
23/07/2023,North West,NewAdmissions,23
23/07/2023,East of England,NewAdmissions,16
23/07/2023,South East,NewAdmissions,28
23/07/2023,North East and Yorkshire,NewAdmissions,36
24/07/2023,North West,NewAdmissions,24
24/07/2023,East of England,NewAdmissions,21
24/07/2023,North East and Yorkshire,NewAdmissions,40
24/07/2023,South East,NewAdmissions,41
24/07/2023,London,NewAdmissions,27
24/07/2023,Midlands,NewAdmissions,43
24/07/2023,South West,NewAdmissions,52
25/07/2023,South West,NewAdmissions,29
25/07/2023,Midlands,NewAdmissions,41
25/07/2023,East of England,NewAdmissions,24
25/07/2023,North West,NewAdmissions,26
25/07/2023,North East and Yorkshire,NewAdmissions,34
25/07/2023,London,NewAdmissions,20
25/07/2023,South East,NewAdmissions,30
26/07/2023,Midlands,NewAdmissions,31
26/07/2023,North West,NewAdmissions,34
26/07/2023,East of England,NewAdmissions,21
26/07/2023,London,NewAdmissions,30
26/07/2023,South East,NewAdmissions,36
26/07/2023,North East and Yorkshire,NewAdmissions,29
26/07/2023,South West,NewAdmissions,29
27/07/2023,South West,NewAdmissions,36
27/07/2023,Midlands,NewAdmissions,49
27/07/2023,London,NewAdmissions,28
27/07/2023,North East and Yorkshire,NewAdmissions,38
27/07/2023,North West,NewAdmissions,30
27/07/2023,South East,NewAdmissions,42
27/07/2023,East of England,NewAdmissions,30
28/07/2023,North West,NewAdmissions,22
28/07/2023,East of England,NewAdmissions,17
28/07/2023,Midlands,NewAdmissions,39
28/07/2023,South East,NewAdmissions,15
28/07/2023,London,NewAdmissions,22
28/07/2023,North East and Yorkshire,NewAdmissions,28
28/07/2023,South West,NewAdmissions,28
29/07/2023,South West,NewAdmissions,23
29/07/2023,Midlands,NewAdmissions,32
29/07/2023,North West,NewAdmissions,20
29/07/2023,North East and Yorkshire,NewAdmissions,29
29/07/2023,London,NewAdmissions,33
29/07/2023,East of England,NewAdmissions,14
29/07/2023,South East,NewAdmissions,30
30/07/2023,London,NewAdmissions,24
30/07/2023,North West,NewAdmissions,28
30/07/2023,North East and Yorkshire,NewAdmissions,63
30/07/2023,East of England,NewAdmissions,42
30/07/2023,Midlands,NewAdmissions,45
30/07/2023,South East,NewAdmissions,42
30/07/2023,South West,NewAdmissions,49
31/07/2023,South West,NewAdmissions,33
31/07/2023,North West,NewAdmissions,31
31/07/2023,East of England,NewAdmissions,35
31/07/2023,Midlands,NewAdmissions,47
31/07/2023,North East and Yorkshire,NewAdmissions,46
31/07/2023,South East,NewAdmissions,33
31/07/2023,London,NewAdmissions,33
01/08/2023,London,NewAdmissions,27
01/08/2023,South East,NewAdmissions,45
01/08/2023,North West,NewAdmissions,37
01/08/2023,Midlands,NewAdmissions,60
01/08/2023,East of England,NewAdmissions,18
01/08/2023,North East and Yorkshire,NewAdmissions,52
01/08/2023,South West,NewAdmissions,34
02/08/2023,South West,NewAdmissions,31
02/08/2023,North West,NewAdmissions,31
02/08/2023,South East,NewAdmissions,55
02/08/2023,Midlands,NewAdmissions,51
02/08/2023,London,NewAdmissions,48
02/08/2023,East of England,NewAdmissions,42
02/08/2023,North East and Yorkshire,NewAdmissions,35
03/08/2023,South East,NewAdmissions,39
03/08/2023,East of England,NewAdmissions,35
03/08/2023,Midlands,NewAdmissions,65
03/08/2023,North West,NewAdmissions,31
03/08/2023,London,NewAdmissions,32
03/08/2023,North East and Yorkshire,NewAdmissions,48
03/08/2023,South West,NewAdmissions,27
04/08/2023,South West,NewAdmissions,21
04/08/2023,East of England,NewAdmissions,27
04/08/2023,North West,NewAdmissions,41
04/08/2023,Midlands,NewAdmissions,44
04/08/2023,London,NewAdmissions,35
04/08/2023,North East and Yorkshire,NewAdmissions,39
04/08/2023,South East,NewAdmissions,22
05/08/2023,London,NewAdmissions,11
05/08/2023,South East,NewAdmissions,22
05/08/2023,North East and Yorkshire,NewAdmissions,39
05/08/2023,East of England,NewAdmissions,23
05/08/2023,Midlands,NewAdmissions,55
05/08/2023,North West,NewAdmissions,39
05/08/2023,South West,NewAdmissions,24
06/08/2023,South West,NewAdmissions,36
06/08/2023,North East and Yorkshire,NewAdmissions,41
06/08/2023,Midlands,NewAdmissions,58
06/08/2023,North West,NewAdmissions,47
06/08/2023,South East,NewAdmissions,55
06/08/2023,London,NewAdmissions,26
06/08/2023,East of England,NewAdmissions,46
07/08/2023,Midlands,NewAdmissions,59
07/08/2023,South East,NewAdmissions,52
07/08/2023,North West,NewAdmissions,50
07/08/2023,North East and Yorkshire,NewAdmissions,64
07/08/2023,London,NewAdmissions,46
07/08/2023,East of England,NewAdmissions,37
07/08/2023,South West,NewAdmissions,53
08/08/2023,South West,NewAdmissions,35
08/08/2023,North West,NewAdmissions,61
08/08/2023,East of England,NewAdmissions,37
08/08/2023,Midlands,NewAdmissions,76
08/08/2023,London,NewAdmissions,33
08/08/2023,South East,NewAdmissions,50
08/08/2023,North East and Yorkshire,NewAdmissions,65
09/08/2023,South East,NewAdmissions,36
09/08/2023,North East and Yorkshire,NewAdmissions,60
09/08/2023,Midlands,NewAdmissions,69
09/08/2023,London,NewAdmissions,51
09/08/2023,East of England,NewAdmissions,35
09/08/2023,North West,NewAdmissions,47
09/08/2023,South West,NewAdmissions,38
10/08/2023,South West,NewAdmissions,40
10/08/2023,East of England,NewAdmissions,20
10/08/2023,Midlands,NewAdmissions,74
10/08/2023,South East,NewAdmissions,45
10/08/2023,North East and Yorkshire,NewAdmissions,59
10/08/2023,North West,NewAdmissions,38
10/08/2023,London,NewAdmissions,37
11/08/2023,South East,NewAdmissions,42
11/08/2023,East of England,NewAdmissions,17
11/08/2023,North West,NewAdmissions,38
11/08/2023,North East and Yorkshire,NewAdmissions,48
11/08/2023,London,NewAdmissions,39
11/08/2023,Midlands,NewAdmissions,50
11/08/2023,South West,NewAdmissions,26
12/08/2023,South West,NewAdmissions,26
12/08/2023,Midlands,NewAdmissions,48
12/08/2023,South East,NewAdmissions,44
12/08/2023,East of England,NewAdmissions,29
12/08/2023,North East and Yorkshire,NewAdmissions,45
12/08/2023,North West,NewAdmissions,29
12/08/2023,London,NewAdmissions,32
13/08/2023,North East and Yorkshire,NewAdmissions,53
13/08/2023,North West,NewAdmissions,38
13/08/2023,London,NewAdmissions,53
13/08/2023,East of England,NewAdmissions,38
13/08/2023,South East,NewAdmissions,59
13/08/2023,Midlands,NewAdmissions,77
13/08/2023,South West,NewAdmissions,51
14/08/2023,South West,NewAdmissions,40
14/08/2023,South East,NewAdmissions,42
14/08/2023,North East and Yorkshire,NewAdmissions,76
14/08/2023,Midlands,NewAdmissions,61
14/08/2023,London,NewAdmissions,59
14/08/2023,East of England,NewAdmissions,39
14/08/2023,North West,NewAdmissions,44
15/08/2023,East of England,NewAdmissions,32
15/08/2023,North East and Yorkshire,NewAdmissions,90
15/08/2023,South East,NewAdmissions,53
15/08/2023,London,NewAdmissions,39
15/08/2023,Midlands,NewAdmissions,61
15/08/2023,North West,NewAdmissions,42
15/08/2023,South West,NewAdmissions,41
16/08/2023,South West,NewAdmissions,41
16/08/2023,East of England,NewAdmissions,43
16/08/2023,North West,NewAdmissions,35
16/08/2023,South East,NewAdmissions,52
16/08/2023,North East and Yorkshire,NewAdmissions,60
16/08/2023,Midlands,NewAdmissions,56
16/08/2023,London,NewAdmissions,48
17/08/2023,Midlands,NewAdmissions,62
17/08/2023,North East and Yorkshire,NewAdmissions,62
17/08/2023,North West,NewAdmissions,43
17/08/2023,London,NewAdmissions,47
17/08/2023,East of England,NewAdmissions,33
17/08/2023,South East,NewAdmissions,36
17/08/2023,South West,NewAdmissions,25
18/08/2023,South West,NewAdmissions,24
18/08/2023,North West,NewAdmissions,33
18/08/2023,North East and Yorkshire,NewAdmissions,44
18/08/2023,Midlands,NewAdmissions,59
18/08/2023,London,NewAdmissions,41
18/08/2023,South East,NewAdmissions,36
18/08/2023,East of England,NewAdmissions,34
19/08/2023,London,NewAdmissions,28
19/08/2023,North East and Yorkshire,NewAdmissions,33
19/08/2023,North West,NewAdmissions,25
19/08/2023,Midlands,NewAdmissions,50
19/08/2023,South East,NewAdmissions,26
19/08/2023,East of England,NewAdmissions,31
19/08/2023,South West,NewAdmissions,37
20/08/2023,South West,NewAdmissions,34
20/08/2023,North East and Yorkshire,NewAdmissions,67
20/08/2023,East of England,NewAdmissions,33
20/08/2023,South East,NewAdmissions,50
20/08/2023,Midlands,NewAdmissions,45
20/08/2023,London,NewAdmissions,39
20/08/2023,North West,NewAdmissions,72
21/08/2023,North West,NewAdmissions,53
21/08/2023,Midlands,NewAdmissions,69
21/08/2023,East of England,NewAdmissions,31
21/08/2023,North East and Yorkshire,NewAdmissions,85
21/08/2023,London,NewAdmissions,47
21/08/2023,South East,NewAdmissions,56
21/08/2023,South West,NewAdmissions,40
22/08/2023,South West,NewAdmissions,43
22/08/2023,North East and Yorkshire,NewAdmissions,97
22/08/2023,North West,NewAdmissions,36
22/08/2023,London,NewAdmissions,42
22/08/2023,East of England,NewAdmissions,42
22/08/2023,South East,NewAdmissions,55
22/08/2023,Midlands,NewAdmissions,61
23/08/2023,East of England,NewAdmissions,36
23/08/2023,North East and Yorkshire,NewAdmissions,70
23/08/2023,Midlands,NewAdmissions,73
23/08/2023,London,NewAdmissions,47
23/08/2023,North West,NewAdmissions,36
23/08/2023,South East,NewAdmissions,35
23/08/2023,South West,NewAdmissions,36
24/08/2023,South West,NewAdmissions,42
24/08/2023,South East,NewAdmissions,46
24/08/2023,East of England,NewAdmissions,31
24/08/2023,Midlands,NewAdmissions,56
24/08/2023,London,NewAdmissions,53
24/08/2023,North East and Yorkshire,NewAdmissions,86
24/08/2023,North West,NewAdmissions,36
25/08/2023,Midlands,NewAdmissions,43
25/08/2023,North East and Yorkshire,NewAdmissions,64
25/08/2023,North West,NewAdmissions,26
25/08/2023,South East,NewAdmissions,44
25/08/2023,London,NewAdmissions,45
25/08/2023,East of England,NewAdmissions,21
25/08/2023,South West,NewAdmissions,29
26/08/2023,South West,NewAdmissions,26
26/08/2023,London,NewAdmissions,32
26/08/2023,Midlands,NewAdmissions,50
26/08/2023,North East and Yorkshire,NewAdmissions,48
26/08/2023,South East,NewAdmissions,39
26/08/2023,East of England,NewAdmissions,22
26/08/2023,North West,NewAdmissions,37
27/08/2023,London,NewAdmissions,37
27/08/2023,North East and Yorkshire,NewAdmissions,75
27/08/2023,North West,NewAdmissions,42
27/08/2023,Midlands,NewAdmissions,57
27/08/2023,East of England,NewAdmissions,24
27/08/2023,South East,NewAdmissions,24
27/08/2023,South West,NewAdmissions,21
28/08/2023,South West,NewAdmissions,49
28/08/2023,East of England,NewAdmissions,32
28/08/2023,Midlands,NewAdmissions,72
28/08/2023,London,NewAdmissions,41
28/08/2023,North West,NewAdmissions,67
28/08/2023,North East and Yorkshire,NewAdmissions,97
28/08/2023,South East,NewAdmissions,52
29/08/2023,North East and Yorkshire,NewAdmissions,79
29/08/2023,East of England,NewAdmissions,44
29/08/2023,North West,NewAdmissions,62
29/08/2023,Midlands,NewAdmissions,78
29/08/2023,London,NewAdmissions,44
29/08/2023,South East,NewAdmissions,64
29/08/2023,South West,NewAdmissions,46
30/08/2023,South West,NewAdmissions,59
30/08/2023,South East,NewAdmissions,59
30/08/2023,East of England,NewAdmissions,33
30/08/2023,North East and Yorkshire,NewAdmissions,97
30/08/2023,North West,NewAdmissions,48
30/08/2023,London,NewAdmissions,59
30/08/2023,Midlands,NewAdmissions,90
31/08/2023,South East,NewAdmissions,45
31/08/2023,Midlands,NewAdmissions,55
31/08/2023,London,NewAdmissions,52
31/08/2023,North West,NewAdmissions,46
31/08/2023,East of England,NewAdmissions,31
31/08/2023,North East and Yorkshire,NewAdmissions,82
31/08/2023,South West,NewAdmissions,48
01/09/2023,South West,NewAdmissions,36
01/09/2023,East of England,NewAdmissions,32
01/09/2023,South East,NewAdmissions,36
01/09/2023,London,NewAdmissions,46
01/09/2023,North East and Yorkshire,NewAdmissions,79
01/09/2023,North West,NewAdmissions,35
01/09/2023,Midlands,NewAdmissions,86
02/09/2023,East of England,NewAdmissions,36
02/09/2023,North East and Yorkshire,NewAdmissions,68
02/09/2023,South East,NewAdmissions,51
02/09/2023,North West,NewAdmissions,38
02/09/2023,Midlands,NewAdmissions,76
02/09/2023,London,NewAdmissions,47
02/09/2023,South West,NewAdmissions,46
03/09/2023,South West,NewAdmissions,67
03/09/2023,Midlands,NewAdmissions,104
03/09/2023,North East and Yorkshire,NewAdmissions,94
03/09/2023,London,NewAdmissions,54
03/09/2023,North West,NewAdmissions,65
03/09/2023,East of England,NewAdmissions,72
03/09/2023,South East,NewAdmissions,80
04/09/2023,London,NewAdmissions,70
04/09/2023,North West,NewAdmissions,58
04/09/2023,Midlands,NewAdmissions,92
04/09/2023,East of England,NewAdmissions,62
04/09/2023,South East,NewAdmissions,86
04/09/2023,North East and Yorkshire,NewAdmissions,108
04/09/2023,South West,NewAdmissions,68
05/09/2023,South West,NewAdmissions,38
05/09/2023,South East,NewAdmissions,66
05/09/2023,East of England,NewAdmissions,69
05/09/2023,North East and Yorkshire,NewAdmissions,94
05/09/2023,North West,NewAdmissions,70
05/09/2023,Midlands,NewAdmissions,88
05/09/2023,London,NewAdmissions,70
06/09/2023,Midlands,NewAdmissions,87
06/09/2023,North East and Yorkshire,NewAdmissions,92
06/09/2023,East of England,NewAdmissions,61
06/09/2023,London,NewAdmissions,63
06/09/2023,South East,NewAdmissions,76
06/09/2023,North West,NewAdmissions,65
06/09/2023,South West,NewAdmissions,49
07/09/2023,South West,NewAdmissions,53
07/09/2023,East of England,NewAdmissions,61
07/09/2023,London,NewAdmissions,61
07/09/2023,Midlands,NewAdmissions,83
07/09/2023,North East and Yorkshire,NewAdmissions,102
07/09/2023,North West,NewAdmissions,58
07/09/2023,South East,NewAdmissions,57
08/09/2023,East of England,NewAdmissions,40
08/09/2023,South East,NewAdmissions,49
08/09/2023,London,NewAdmissions,68
08/09/2023,North West,NewAdmissions,31
08/09/2023,North East and Yorkshire,NewAdmissions,78
08/09/2023,Midlands,NewAdmissions,86
08/09/2023,South West,NewAdmissions,30
09/09/2023,South West,NewAdmissions,39
09/09/2023,North East and Yorkshire,NewAdmissions,70
09/09/2023,Midlands,NewAdmissions,78
09/09/2023,London,NewAdmissions,60
09/09/2023,South East,NewAdmissions,61
09/09/2023,East of England,NewAdmissions,36
09/09/2023,North West,NewAdmissions,44
10/09/2023,Midlands,NewAdmissions,99
10/09/2023,London,NewAdmissions,64
10/09/2023,North West,NewAdmissions,43
10/09/2023,East of England,NewAdmissions,36
10/09/2023,North East and Yorkshire,NewAdmissions,77
10/09/2023,South East,NewAdmissions,73
10/09/2023,South West,NewAdmissions,59
11/09/2023,South West,NewAdmissions,50
11/09/2023,East of England,NewAdmissions,51
11/09/2023,North West,NewAdmissions,37
11/09/2023,London,NewAdmissions,54
11/09/2023,Midlands,NewAdmissions,103
11/09/2023,South East,NewAdmissions,65
11/09/2023,North East and Yorkshire,NewAdmissions,85
12/09/2023,North West,NewAdmissions,44
12/09/2023,East of England,NewAdmissions,47
12/09/2023,London,NewAdmissions,86
12/09/2023,North East and Yorkshire,NewAdmissions,85
12/09/2023,Midlands,NewAdmissions,60
12/09/2023,South East,NewAdmissions,62
12/09/2023,South West,NewAdmissions,60
13/09/2023,South West,NewAdmissions,44
13/09/2023,London,NewAdmissions,49
13/09/2023,North East and Yorkshire,NewAdmissions,69
13/09/2023,Midlands,NewAdmissions,67
13/09/2023,East of England,NewAdmissions,58
13/09/2023,South East,NewAdmissions,50
13/09/2023,North West,NewAdmissions,28
14/09/2023,North East and Yorkshire,NewAdmissions,71
14/09/2023,South East,NewAdmissions,46
14/09/2023,North West,NewAdmissions,36
14/09/2023,Midlands,NewAdmissions,71
14/09/2023,London,NewAdmissions,50
14/09/2023,East of England,NewAdmissions,38
14/09/2023,South West,NewAdmissions,32
15/09/2023,South West,NewAdmissions,25
15/09/2023,London,NewAdmissions,49
15/09/2023,East of England,NewAdmissions,45
15/09/2023,South East,NewAdmissions,47
15/09/2023,North West,NewAdmissions,31
15/09/2023,Midlands,NewAdmissions,70
15/09/2023,North East and Yorkshire,NewAdmissions,60
16/09/2023,London,NewAdmissions,53
16/09/2023,North East and Yorkshire,NewAdmissions,56
16/09/2023,East of England,NewAdmissions,36
16/09/2023,Midlands,NewAdmissions,90
16/09/2023,North West,NewAdmissions,48
16/09/2023,South East,NewAdmissions,55
16/09/2023,South West,NewAdmissions,30
17/09/2023,South West,NewAdmissions,47
17/09/2023,South East,NewAdmissions,52
17/09/2023,Midlands,NewAdmissions,104
17/09/2023,North West,NewAdmissions,45
17/09/2023,East of England,NewAdmissions,45
17/09/2023,London,NewAdmissions,54
17/09/2023,North East and Yorkshire,NewAdmissions,96
18/09/2023,East of England,NewAdmissions,42
18/09/2023,South East,NewAdmissions,47
18/09/2023,Midlands,NewAdmissions,95
18/09/2023,London,NewAdmissions,61
18/09/2023,North East and Yorkshire,NewAdmissions,109
18/09/2023,North West,NewAdmissions,41
18/09/2023,South West,NewAdmissions,65
19/09/2023,South West,NewAdmissions,52
19/09/2023,North West,NewAdmissions,47
19/09/2023,South East,NewAdmissions,46
19/09/2023,North East and Yorkshire,NewAdmissions,99
19/09/2023,East of England,NewAdmissions,39
19/09/2023,London,NewAdmissions,87
19/09/2023,Midlands,NewAdmissions,94
20/09/2023,East of England,NewAdmissions,44
20/09/2023,North East and Yorkshire,NewAdmissions,106
20/09/2023,North West,NewAdmissions,55
20/09/2023,Midlands,NewAdmissions,102
20/09/2023,South East,NewAdmissions,51
20/09/2023,London,NewAdmissions,65
20/09/2023,South West,NewAdmissions,53
21/09/2023,South West,NewAdmissions,45
21/09/2023,East of England,NewAdmissions,52
21/09/2023,London,NewAdmissions,54
21/09/2023,Midlands,NewAdmissions,73
21/09/2023,South East,NewAdmissions,49
21/09/2023,North East and Yorkshire,NewAdmissions,99
21/09/2023,North West,NewAdmissions,51
22/09/2023,North West,NewAdmissions,62
22/09/2023,North East and Yorkshire,NewAdmissions,104
22/09/2023,South East,NewAdmissions,39
22/09/2023,East of England,NewAdmissions,46
22/09/2023,Midlands,NewAdmissions,78
22/09/2023,London,NewAdmissions,32
22/09/2023,South West,NewAdmissions,52
23/09/2023,South West,NewAdmissions,47
23/09/2023,North West,NewAdmissions,33
23/09/2023,Midlands,NewAdmissions,78
23/09/2023,South East,NewAdmissions,52
23/09/2023,North East and Yorkshire,NewAdmissions,85
23/09/2023,East of England,NewAdmissions,64
23/09/2023,London,NewAdmissions,43
24/09/2023,East of England,NewAdmissions,47
24/09/2023,South East,NewAdmissions,81
24/09/2023,North West,NewAdmissions,66
24/09/2023,London,NewAdmissions,61
24/09/2023,North East and Yorkshire,NewAdmissions,118
24/09/2023,Midlands,NewAdmissions,101
24/09/2023,South West,NewAdmissions,52
25/09/2023,South West,NewAdmissions,77
25/09/2023,East of England,NewAdmissions,51
25/09/2023,South East,NewAdmissions,77
25/09/2023,London,NewAdmissions,72
25/09/2023,Midlands,NewAdmissions,146
25/09/2023,North East and Yorkshire,NewAdmissions,112
25/09/2023,North West,NewAdmissions,71
26/09/2023,Midlands,NewAdmissions,134
26/09/2023,North East and Yorkshire,NewAdmissions,109
26/09/2023,North West,NewAdmissions,81
26/09/2023,London,NewAdmissions,73
26/09/2023,East of England,NewAdmissions,55
26/09/2023,South East,NewAdmissions,78
26/09/2023,South West,NewAdmissions,102
27/09/2023,South West,NewAdmissions,80
27/09/2023,South East,NewAdmissions,91
27/09/2023,London,NewAdmissions,52
27/09/2023,North West,NewAdmissions,81
27/09/2023,North East and Yorkshire,NewAdmissions,127
27/09/2023,East of England,NewAdmissions,62
27/09/2023,Midlands,NewAdmissions,126
28/09/2023,Midlands,NewAdmissions,125
28/09/2023,South East,NewAdmissions,70
28/09/2023,London,NewAdmissions,54
28/09/2023,East of England,NewAdmissions,62
28/09/2023,North East and Yorkshire,NewAdmissions,122
28/09/2023,North West,NewAdmissions,79
28/09/2023,South West,NewAdmissions,50
29/09/2023,South West,NewAdmissions,52
29/09/2023,East of England,NewAdmissions,54
29/09/2023,North East and Yorkshire,NewAdmissions,106
29/09/2023,London,NewAdmissions,38
29/09/2023,Midlands,NewAdmissions,114
29/09/2023,North West,NewAdmissions,51
29/09/2023,South East,NewAdmissions,68
30/09/2023,South East,NewAdmissions,78
30/09/2023,North East and Yorkshire,NewAdmissions,85
30/09/2023,London,NewAdmissions,46
30/09/2023,North West,NewAdmissions,64
30/09/2023,East of England,NewAdmissions,52
30/09/2023,Midlands,NewAdmissions,81
30/09/2023,South West,NewAdmissions,63
01/10/2023,South West,NewAdmissions,92
01/10/2023,London,NewAdmissions,59
01/10/2023,South East,NewAdmissions,107
01/10/2023,North West,NewAdmissions,80
01/10/2023,Midlands,NewAdmissions,147
01/10/2023,North East and Yorkshire,NewAdmissions,111
01/10/2023,East of England,NewAdmissions,69
02/10/2023,South East,NewAdmissions,78
02/10/2023,East of England,NewAdmissions,69
02/10/2023,London,NewAdmissions,77
02/10/2023,North East and Yorkshire,NewAdmissions,113
02/10/2023,North West,NewAdmissions,97
02/10/2023,Midlands,NewAdmissions,156
02/10/2023,South West,NewAdmissions,93
03/10/2023,South West,NewAdmissions,78
03/10/2023,North West,NewAdmissions,103
03/10/2023,North East and Yorkshire,NewAdmissions,142
03/10/2023,Midlands,NewAdmissions,146
03/10/2023,East of England,NewAdmissions,83
03/10/2023,South East,NewAdmissions,75
03/10/2023,London,NewAdmissions,72
04/10/2023,East of England,NewAdmissions,75
04/10/2023,London,NewAdmissions,60
04/10/2023,Midlands,NewAdmissions,144
04/10/2023,North West,NewAdmissions,79
04/10/2023,North East and Yorkshire,NewAdmissions,115
04/10/2023,South East,NewAdmissions,67
04/10/2023,South West,NewAdmissions,85
05/10/2023,South West,NewAdmissions,105
05/10/2023,London,NewAdmissions,61
05/10/2023,South East,NewAdmissions,79
05/10/2023,East of England,NewAdmissions,58
05/10/2023,North East and Yorkshire,NewAdmissions,155
05/10/2023,Midlands,NewAdmissions,138
05/10/2023,North West,NewAdmissions,87
06/10/2023,Midlands,NewAdmissions,111
06/10/2023,London,NewAdmissions,51
06/10/2023,North East and Yorkshire,NewAdmissions,99
06/10/2023,East of England,NewAdmissions,52
06/10/2023,South East,NewAdmissions,48
06/10/2023,North West,NewAdmissions,60
06/10/2023,South West,NewAdmissions,67
07/10/2023,South West,NewAdmissions,65
07/10/2023,North West,NewAdmissions,49
07/10/2023,North East and Yorkshire,NewAdmissions,91
07/10/2023,London,NewAdmissions,54
07/10/2023,South East,NewAdmissions,66
07/10/2023,Midlands,NewAdmissions,107
07/10/2023,East of England,NewAdmissions,65
08/10/2023,London,NewAdmissions,64
08/10/2023,Midlands,NewAdmissions,146
08/10/2023,South East,NewAdmissions,91
08/10/2023,North East and Yorkshire,NewAdmissions,115
08/10/2023,East of England,NewAdmissions,66
08/10/2023,North West,NewAdmissions,90
08/10/2023,South West,NewAdmissions,85
09/10/2023,South West,NewAdmissions,69
09/10/2023,London,NewAdmissions,65
09/10/2023,Midlands,NewAdmissions,129
09/10/2023,East of England,NewAdmissions,78
09/10/2023,South East,NewAdmissions,96
09/10/2023,North East and Yorkshire,NewAdmissions,119
09/10/2023,North West,NewAdmissions,89
10/10/2023,South East,NewAdmissions,88
10/10/2023,East of England,NewAdmissions,72
10/10/2023,North East and Yorkshire,NewAdmissions,131
10/10/2023,Midlands,NewAdmissions,124
10/10/2023,North West,NewAdmissions,98
10/10/2023,London,NewAdmissions,77
10/10/2023,South West,NewAdmissions,84
11/10/2023,South West,NewAdmissions,56
11/10/2023,London,NewAdmissions,85
11/10/2023,North East and Yorkshire,NewAdmissions,87
11/10/2023,North West,NewAdmissions,69
11/10/2023,South East,NewAdmissions,77
11/10/2023,East of England,NewAdmissions,67
11/10/2023,Midlands,NewAdmissions,110
12/10/2023,London,NewAdmissions,78
12/10/2023,North East and Yorkshire,NewAdmissions,77
12/10/2023,North West,NewAdmissions,60
12/10/2023,East of England,NewAdmissions,46
12/10/2023,Midlands,NewAdmissions,118
12/10/2023,South East,NewAdmissions,77
12/10/2023,South West,NewAdmissions,67
13/10/2023,South West,NewAdmissions,48
13/10/2023,London,NewAdmissions,55
13/10/2023,North West,NewAdmissions,47
13/10/2023,North East and Yorkshire,NewAdmissions,96
13/10/2023,Midlands,NewAdmissions,82
13/10/2023,East of England,NewAdmissions,34
13/10/2023,South East,NewAdmissions,60
14/10/2023,South East,NewAdmissions,50
14/10/2023,East of England,NewAdmissions,54
14/10/2023,Midlands,NewAdmissions,88
14/10/2023,North East and Yorkshire,NewAdmissions,62
14/10/2023,North West,NewAdmissions,42
14/10/2023,London,NewAdmissions,49
14/10/2023,South West,NewAdmissions,40
15/10/2023,South West,NewAdmissions,53
15/10/2023,Midlands,NewAdmissions,98
15/10/2023,South East,NewAdmissions,79
15/10/2023,London,NewAdmissions,49
15/10/2023,North East and Yorkshire,NewAdmissions,112
15/10/2023,North West,NewAdmissions,75
15/10/2023,East of England,NewAdmissions,55
16/10/2023,East of England,NewAdmissions,54
16/10/2023,North West,NewAdmissions,64
16/10/2023,London,NewAdmissions,51
16/10/2023,South East,NewAdmissions,49
16/10/2023,North East and Yorkshire,NewAdmissions,92
16/10/2023,Midlands,NewAdmissions,103
16/10/2023,South West,NewAdmissions,37
17/10/2023,Midlands,NewAdmissions,119
17/10/2023,South West,NewAdmissions,41
17/10/2023,North East and Yorkshire,NewAdmissions,129
17/10/2023,East of England,NewAdmissions,48
17/10/2023,North West,NewAdmissions,69
17/10/2023,London,NewAdmissions,68
17/10/2023,South East,NewAdmissions,76
18/10/2023,North West,NewAdmissions,65
18/10/2023,London,NewAdmissions,70
18/10/2023,East of England,NewAdmissions,53
18/10/2023,South East,NewAdmissions,80
18/10/2023,North East and Yorkshire,NewAdmissions,116
18/10/2023,South West,NewAdmissions,57
18/10/2023,Midlands,NewAdmissions,108
19/10/2023,South West,NewAdmissions,42
19/10/2023,Midlands,NewAdmissions,93
19/10/2023,South East,NewAdmissions,77
19/10/2023,North West,NewAdmissions,65
19/10/2023,East of England,NewAdmissions,52
19/10/2023,London,NewAdmissions,73
19/10/2023,North East and Yorkshire,NewAdmissions,105
20/10/2023,East of England,NewAdmissions,40
20/10/2023,North East and Yorkshire,NewAdmissions,92
20/10/2023,South East,NewAdmissions,58
20/10/2023,North West,NewAdmissions,47
20/10/2023,London,NewAdmissions,57
20/10/2023,Midlands,NewAdmissions,76
20/10/2023,South West,NewAdmissions,46
21/10/2023,Midlands,NewAdmissions,79
21/10/2023,South West,NewAdmissions,43
21/10/2023,North East and Yorkshire,NewAdmissions,61
21/10/2023,East of England,NewAdmissions,36
21/10/2023,London,NewAdmissions,53
21/10/2023,South East,NewAdmissions,50
21/10/2023,North West,NewAdmissions,39
22/10/2023,London,NewAdmissions,57
22/10/2023,East of England,NewAdmissions,45
22/10/2023,South East,NewAdmissions,76
22/10/2023,North West,NewAdmissions,60
22/10/2023,North East and Yorkshire,NewAdmissions,85
22/10/2023,South West,NewAdmissions,51
22/10/2023,Midlands,NewAdmissions,144
23/10/2023,Midlands,NewAdmissions,118
23/10/2023,South West,NewAdmissions,36
23/10/2023,North East and Yorkshire,NewAdmissions,77
23/10/2023,East of England,NewAdmissions,59
23/10/2023,South East,NewAdmissions,57
23/10/2023,North West,NewAdmissions,60
23/10/2023,London,NewAdmissions,52
24/10/2023,London,NewAdmissions,51
24/10/2023,East of England,NewAdmissions,76
24/10/2023,South East,NewAdmissions,75
24/10/2023,North East and Yorkshire,NewAdmissions,104
24/10/2023,North West,NewAdmissions,48
24/10/2023,Midlands,NewAdmissions,103
24/10/2023,South West,NewAdmissions,43
25/10/2023,Midlands,NewAdmissions,89
25/10/2023,South West,NewAdmissions,48
25/10/2023,London,NewAdmissions,51
25/10/2023,East of England,NewAdmissions,53
25/10/2023,South East,NewAdmissions,47
25/10/2023,North East and Yorkshire,NewAdmissions,89
25/10/2023,North West,NewAdmissions,51
26/10/2023,London,NewAdmissions,47
26/10/2023,East of England,NewAdmissions,48
26/10/2023,South East,NewAdmissions,74
26/10/2023,North East and Yorkshire,NewAdmissions,96
26/10/2023,North West,NewAdmissions,63
26/10/2023,Midlands,NewAdmissions,77
26/10/2023,South West,NewAdmissions,41
27/10/2023,North West,NewAdmissions,34
27/10/2023,South West,NewAdmissions,28
27/10/2023,Midlands,NewAdmissions,70
27/10/2023,North East and Yorkshire,NewAdmissions,74
27/10/2023,East of England,NewAdmissions,22
27/10/2023,London,NewAdmissions,66
27/10/2023,South East,NewAdmissions,56
28/10/2023,South East,NewAdmissions,46
28/10/2023,North East and Yorkshire,NewAdmissions,62
28/10/2023,East of England,NewAdmissions,56
28/10/2023,London,NewAdmissions,39
28/10/2023,South West,NewAdmissions,32
28/10/2023,Midlands,NewAdmissions,50
28/10/2023,North West,NewAdmissions,35
29/10/2023,North West,NewAdmissions,40
29/10/2023,Midlands,NewAdmissions,76
29/10/2023,South West,NewAdmissions,21
29/10/2023,South East,NewAdmissions,62
29/10/2023,London,NewAdmissions,49
29/10/2023,East of England,NewAdmissions,29
29/10/2023,North East and Yorkshire,NewAdmissions,86
30/10/2023,North East and Yorkshire,NewAdmissions,83
30/10/2023,London,NewAdmissions,75
30/10/2023,East of England,NewAdmissions,39
30/10/2023,South East,NewAdmissions,53
30/10/2023,Midlands,NewAdmissions,79
30/10/2023,South West,NewAdmissions,22
30/10/2023,North West,NewAdmissions,51
31/10/2023,South West,NewAdmissions,36
31/10/2023,North West,NewAdmissions,55
31/10/2023,Midlands,NewAdmissions,59
31/10/2023,East of England,NewAdmissions,43
31/10/2023,North East and Yorkshire,NewAdmissions,80
31/10/2023,London,NewAdmissions,54
31/10/2023,South East,NewAdmissions,48
01/11/2023,East of England,NewAdmissions,47
01/11/2023,South East,NewAdmissions,49
01/11/2023,London,NewAdmissions,46
01/11/2023,North East and Yorkshire,NewAdmissions,82
01/11/2023,South West,NewAdmissions,40
01/11/2023,Midlands,NewAdmissions,60
01/11/2023,North West,NewAdmissions,54
02/11/2023,North West,NewAdmissions,43
02/11/2023,Midlands,NewAdmissions,67
02/11/2023,South West,NewAdmissions,37
02/11/2023,North East and Yorkshire,NewAdmissions,82
02/11/2023,East of England,NewAdmissions,45
02/11/2023,South East,NewAdmissions,50
02/11/2023,London,NewAdmissions,55
03/11/2023,London,NewAdmissions,46
03/11/2023,East of England,NewAdmissions,35
03/11/2023,North East and Yorkshire,NewAdmissions,56
03/11/2023,South East,NewAdmissions,33
03/11/2023,North West,NewAdmissions,45
03/11/2023,Midlands,NewAdmissions,49
03/11/2023,South West,NewAdmissions,25
04/11/2023,South West,NewAdmissions,21
04/11/2023,Midlands,NewAdmissions,47
04/11/2023,North West,NewAdmissions,39
04/11/2023,London,NewAdmissions,55
04/11/2023,South East,NewAdmissions,29
04/11/2023,East of England,NewAdmissions,45
04/11/2023,North East and Yorkshire,NewAdmissions,58
05/11/2023,London,NewAdmissions,57
05/11/2023,South East,NewAdmissions,68
05/11/2023,East of England,NewAdmissions,40
05/11/2023,North East and Yorkshire,NewAdmissions,78
05/11/2023,Midlands,NewAdmissions,47
05/11/2023,North West,NewAdmissions,42
05/11/2023,South West,NewAdmissions,30
06/11/2023,South West,NewAdmissions,30
06/11/2023,Midlands,NewAdmissions,66
06/11/2023,North West,NewAdmissions,56
06/11/2023,South East,NewAdmissions,51
06/11/2023,East of England,NewAdmissions,52
06/11/2023,London,NewAdmissions,48
06/11/2023,North East and Yorkshire,NewAdmissions,58
07/11/2023,South East,NewAdmissions,43
07/11/2023,North East and Yorkshire,NewAdmissions,74
07/11/2023,East of England,NewAdmissions,40
07/11/2023,London,NewAdmissions,65
07/11/2023,Midlands,NewAdmissions,57
07/11/2023,North West,NewAdmissions,43
07/11/2023,South West,NewAdmissions,34
08/11/2023,South West,NewAdmissions,28
08/11/2023,North West,NewAdmissions,43
08/11/2023,Midlands,NewAdmissions,57
08/11/2023,East of England,NewAdmissions,54
08/11/2023,London,NewAdmissions,45
08/11/2023,North East and Yorkshire,NewAdmissions,56
08/11/2023,South East,NewAdmissions,55
09/11/2023,London,NewAdmissions,51
09/11/2023,East of England,NewAdmissions,51
09/11/2023,South East,NewAdmissions,52
09/11/2023,North East and Yorkshire,NewAdmissions,53
09/11/2023,Midlands,NewAdmissions,54
09/11/2023,South West,NewAdmissions,35
09/11/2023,North West,NewAdmissions,55
10/11/2023,Midlands,NewAdmissions,48
10/11/2023,North West,NewAdmissions,29
10/11/2023,South West,NewAdmissions,13
10/11/2023,South East,NewAdmissions,46
10/11/2023,London,NewAdmissions,40
10/11/2023,North East and Yorkshire,NewAdmissions,39
10/11/2023,East of England,NewAdmissions,23
11/11/2023,North East and Yorkshire,NewAdmissions,37
11/11/2023,South East,NewAdmissions,46
11/11/2023,East of England,NewAdmissions,38
11/11/2023,London,NewAdmissions,43
11/11/2023,South West,NewAdmissions,19
11/11/2023,Midlands,NewAdmissions,41
11/11/2023,North West,NewAdmissions,27
12/11/2023,North West,NewAdmissions,37
12/11/2023,Midlands,NewAdmissions,61
12/11/2023,South West,NewAdmissions,28
12/11/2023,London,NewAdmissions,54
12/11/2023,South East,NewAdmissions,60
12/11/2023,North East and Yorkshire,NewAdmissions,35
12/11/2023,East of England,NewAdmissions,28
13/11/2023,North East and Yorkshire,NewAdmissions,64
13/11/2023,South East,NewAdmissions,46
13/11/2023,London,NewAdmissions,47
13/11/2023,East of England,NewAdmissions,39
13/11/2023,North West,NewAdmissions,44
13/11/2023,Midlands,NewAdmissions,52
13/11/2023,South West,NewAdmissions,22
14/11/2023,Midlands,NewAdmissions,51
14/11/2023,South West,NewAdmissions,26
14/11/2023,North West,NewAdmissions,39
14/11/2023,London,NewAdmissions,46
14/11/2023,East of England,NewAdmissions,42
14/11/2023,South East,NewAdmissions,56
14/11/2023,North East and Yorkshire,NewAdmissions,53
15/11/2023,North East and Yorkshire,NewAdmissions,54
15/11/2023,London,NewAdmissions,54
15/11/2023,South East,NewAdmissions,55
15/11/2023,East of England,NewAdmissions,38
15/11/2023,North West,NewAdmissions,30
15/11/2023,South West,NewAdmissions,29
15/11/2023,Midlands,NewAdmissions,56
16/11/2023,Midlands,NewAdmissions,56
16/11/2023,South West,NewAdmissions,15
16/11/2023,North West,NewAdmissions,29
16/11/2023,North East and Yorkshire,NewAdmissions,47
16/11/2023,South East,NewAdmissions,43
16/11/2023,London,NewAdmissions,52
16/11/2023,East of England,NewAdmissions,40
17/11/2023,London,NewAdmissions,56
17/11/2023,North East and Yorkshire,NewAdmissions,36
17/11/2023,East of England,NewAdmissions,24
17/11/2023,South East,NewAdmissions,22
17/11/2023,Midlands,NewAdmissions,42
17/11/2023,South West,NewAdmissions,17
17/11/2023,North West,NewAdmissions,36
18/11/2023,South West,NewAdmissions,16
18/11/2023,Midlands,NewAdmissions,46
18/11/2023,North West,NewAdmissions,25
18/11/2023,London,NewAdmissions,48
18/11/2023,North East and Yorkshire,NewAdmissions,31
18/11/2023,East of England,NewAdmissions,27
18/11/2023,South East,NewAdmissions,23
19/11/2023,South East,NewAdmissions,42
19/11/2023,Midlands,NewAdmissions,48
19/11/2023,North West,NewAdmissions,28
19/11/2023,South West,NewAdmissions,23
19/11/2023,North East and Yorkshire,NewAdmissions,54
19/11/2023,East of England,NewAdmissions,41
19/11/2023,London,NewAdmissions,45
20/11/2023,East of England,NewAdmissions,31
20/11/2023,London,NewAdmissions,53
20/11/2023,North East and Yorkshire,NewAdmissions,41
20/11/2023,South East,NewAdmissions,48
20/11/2023,South West,NewAdmissions,18
20/11/2023,North West,NewAdmissions,26
20/11/2023,Midlands,NewAdmissions,63
21/11/2023,Midlands,NewAdmissions,56
21/11/2023,North West,NewAdmissions,27
21/11/2023,South West,NewAdmissions,22
21/11/2023,London,NewAdmissions,60
21/11/2023,North East and Yorkshire,NewAdmissions,41
21/11/2023,East of England,NewAdmissions,35
21/11/2023,South East,NewAdmissions,54
22/11/2023,South East,NewAdmissions,52
22/11/2023,North West,NewAdmissions,34
22/11/2023,Midlands,NewAdmissions,57
22/11/2023,South West,NewAdmissions,10
22/11/2023,East of England,NewAdmissions,36
22/11/2023,London,NewAdmissions,55
22/11/2023,North East and Yorkshire,NewAdmissions,47
23/11/2023,London,NewAdmissions,54
23/11/2023,East of England,NewAdmissions,39
23/11/2023,North East and Yorkshire,NewAdmissions,48
23/11/2023,South East,NewAdmissions,45
23/11/2023,Midlands,NewAdmissions,45
23/11/2023,North West,NewAdmissions,33
23/11/2023,South West,NewAdmissions,19
24/11/2023,North West,NewAdmissions,22
24/11/2023,South West,NewAdmissions,15
24/11/2023,Midlands,NewAdmissions,48
24/11/2023,East of England,NewAdmissions,18
24/11/2023,London,NewAdmissions,45
24/11/2023,North East and Yorkshire,NewAdmissions,36
24/11/2023,South East,NewAdmissions,47
25/11/2023,South East,NewAdmissions,35
25/11/2023,Midlands,NewAdmissions,43
25/11/2023,North West,NewAdmissions,22
25/11/2023,South West,NewAdmissions,12
25/11/2023,North East and Yorkshire,NewAdmissions,27
25/11/2023,London,NewAdmissions,40
25/11/2023,East of England,NewAdmissions,37
26/11/2023,East of England,NewAdmissions,61
26/11/2023,North East and Yorkshire,NewAdmissions,39
26/11/2023,London,NewAdmissions,41
26/11/2023,South East,NewAdmissions,58
26/11/2023,South West,NewAdmissions,27
26/11/2023,North West,NewAdmissions,24
26/11/2023,Midlands,NewAdmissions,52
27/11/2023,South West,NewAdmissions,29
27/11/2023,North West,NewAdmissions,27
27/11/2023,Midlands,NewAdmissions,52
27/11/2023,East of England,NewAdmissions,49
27/11/2023,London,NewAdmissions,70
27/11/2023,North East and Yorkshire,NewAdmissions,45
27/11/2023,South East,NewAdmissions,55
28/11/2023,South East,NewAdmissions,59
28/11/2023,South West,NewAdmissions,26
28/11/2023,North West,NewAdmissions,44
28/11/2023,Midlands,NewAdmissions,53
28/11/2023,North East and Yorkshire,NewAdmissions,44
28/11/2023,East of England,NewAdmissions,46
28/11/2023,London,NewAdmissions,61
29/11/2023,London,NewAdmissions,50
29/11/2023,East of England,NewAdmissions,36
29/11/2023,North East and Yorkshire,NewAdmissions,42
29/11/2023,South East,NewAdmissions,69
29/11/2023,Midlands,NewAdmissions,67
29/11/2023,North West,NewAdmissions,26
29/11/2023,South West,NewAdmissions,35
30/11/2023,Midlands,NewAdmissions,54
30/11/2023,North West,NewAdmissions,27
30/11/2023,South West,NewAdmissions,22
30/11/2023,East of England,NewAdmissions,36
30/11/2023,London,NewAdmissions,76
30/11/2023,North East and Yorkshire,NewAdmissions,47
30/11/2023,South East,NewAdmissions,44
01/12/2023,South East,NewAdmissions,41
01/12/2023,South West,NewAdmissions,15
01/12/2023,North West,NewAdmissions,27
01/12/2023,Midlands,NewAdmissions,59
01/12/2023,East of England,NewAdmissions,28
01/12/2023,London,NewAdmissions,49
01/12/2023,North East and Yorkshire,NewAdmissions,36
02/12/2023,London,NewAdmissions,40
02/12/2023,East of England,NewAdmissions,30
02/12/2023,North East and Yorkshire,NewAdmissions,33
02/12/2023,South East,NewAdmissions,47
02/12/2023,Midlands,NewAdmissions,57
02/12/2023,North West,NewAdmissions,33
02/12/2023,South West,NewAdmissions,23
03/12/2023,North West,NewAdmissions,37
03/12/2023,South West,NewAdmissions,32
03/12/2023,Midlands,NewAdmissions,71
03/12/2023,North East and Yorkshire,NewAdmissions,55
03/12/2023,London,NewAdmissions,66
03/12/2023,East of England,NewAdmissions,36
03/12/2023,South East,NewAdmissions,83
04/12/2023,South East,NewAdmissions,81
04/12/2023,Midlands,NewAdmissions,65
04/12/2023,North West,NewAdmissions,45
04/12/2023,South West,NewAdmissions,41
04/12/2023,London,NewAdmissions,80
04/12/2023,North East and Yorkshire,NewAdmissions,59
04/12/2023,East of England,NewAdmissions,61
05/12/2023,North East and Yorkshire,NewAdmissions,60
05/12/2023,East of England,NewAdmissions,53
05/12/2023,London,NewAdmissions,71
05/12/2023,South East,NewAdmissions,94
05/12/2023,South West,NewAdmissions,43
05/12/2023,Midlands,NewAdmissions,53
05/12/2023,North West,NewAdmissions,46
06/12/2023,North West,NewAdmissions,45
06/12/2023,South West,NewAdmissions,47
06/12/2023,Midlands,NewAdmissions,64
06/12/2023,London,NewAdmissions,95
06/12/2023,North East and Yorkshire,NewAdmissions,58
06/12/2023,East of England,NewAdmissions,51
06/12/2023,South East,NewAdmissions,95
07/12/2023,South East,NewAdmissions,67
07/12/2023,North West,NewAdmissions,36
07/12/2023,Midlands,NewAdmissions,79
07/12/2023,South West,NewAdmissions,22
07/12/2023,North East and Yorkshire,NewAdmissions,52
07/12/2023,London,NewAdmissions,74
07/12/2023,East of England,NewAdmissions,34
08/12/2023,London,NewAdmissions,67
08/12/2023,North East and Yorkshire,NewAdmissions,50
08/12/2023,East of England,NewAdmissions,23
08/12/2023,South West,NewAdmissions,32
08/12/2023,North West,NewAdmissions,27
08/12/2023,Midlands,NewAdmissions,48
08/12/2023,South East,NewAdmissions,61
