date,areaName,newCasesByPublishDate,cumCasesByPublishDate,newAdmissions,cumAdmissions,hospitalCases,covidOccupiedMVBeds,newTestsByPublishDate,cumTestsByPublishDate,newDeaths28DaysByPublishDate,cumDeaths28DaysByPublishDate,cumDeaths28DaysByPublishDateRate,newDeaths28DaysByDeathDate,cumDeaths28DaysByDeathDate,cumDeaths28DaysByDeathDateRate,cumPeopleVaccinatedFirstDoseByPublishDate,cumPeopleVaccinatedSecondDoseByPublishDate
2020-02-28,Wales,1.0,1.0,,,,,,,,,,,,,,
2020-02-29,Wales,0.0,1.0,,,,,,,,,,,,,,
2020-03-01,Wales,0.0,1.0,,,,,,,,,,,,,,
2020-03-02,Wales,0.0,1.0,,,,,,,,,,,,,,
2020-03-03,Wales,0.0,1.0,,,,,,,,,,,,,,
2020-03-04,Wales,0.0,1.0,,,,,,,,,,,,,,
2020-03-05,Wales,1.0,2.0,,,,,,,,,,,,,,
2020-03-06,Wales,0.0,2.0,,,,,,,,,,,,,,
2020-03-07,Wales,0.0,2.0,,,,,,,,,,,,,,
2020-03-08,Wales,0.0,2.0,,,,,,,,,,,,,,
2020-03-09,Wales,2.0,4.0,,,,,,,,,,,,,,
2020-03-10,Wales,2.0,6.0,,,,,,,,,,,,,,
2020-03-11,Wales,9.0,15.0,,,,,,,,,,,,,,
2020-03-12,Wales,10.0,25.0,,,,,,,,,,,,,,
2020-03-13,Wales,13.0,38.0,,,,,,,,,,,,,,
2020-03-14,Wales,22.0,60.0,,,,,,,,,,,,,,
2020-03-15,Wales,34.0,94.0,,,,,,,,,,,,,,
2020-03-16,Wales,30.0,124.0,,,,,,,,,,3.0,3.0,0.1,,
2020-03-17,Wales,12.0,136.0,,,,,,,,1.0,,0.0,3.0,0.1,,
2020-03-18,Wales,13.0,149.0,,,,,,,,1.0,,0.0,3.0,0.1,,
2020-03-19,Wales,21.0,170.0,,,,,,,,1.0,,3.0,6.0,0.2,,
2020-03-20,Wales,21.0,191.0,,,,,,,,1.0,,2.0,8.0,0.3,,
2020-03-21,Wales,89.0,280.0,,,,,,,2.0,3.0,0.1,7.0,15.0,0.5,,
2020-03-22,Wales,67.0,347.0,,,,,,,9.0,12.0,0.4,5.0,20.0,0.6,,
2020-03-23,Wales,71.0,418.0,32.0,32.0,110.0,16.0,,,4.0,16.0,0.5,4.0,24.0,0.8,,
2020-03-24,Wales,60.0,478.0,63.0,95.0,150.0,30.0,,,1.0,17.0,0.5,9.0,33.0,1.0,,
2020-03-25,Wales,150.0,628.0,178.0,273.0,188.0,31.0,,,5.0,22.0,0.7,10.0,43.0,1.4,,
2020-03-26,Wales,113.0,741.0,107.0,380.0,203.0,36.0,,,6.0,28.0,0.9,11.0,54.0,1.7,,
2020-03-27,Wales,180.0,921.0,118.0,498.0,243.0,37.0,,,6.0,34.0,1.1,10.0,64.0,2.0,,
2020-03-28,Wales,172.0,1093.0,126.0,624.0,310.0,53.0,,,4.0,38.0,1.2,15.0,79.0,2.5,,
2020-03-29,Wales,148.0,1241.0,133.0,757.0,329.0,71.0,,,10.0,48.0,1.5,18.0,97.0,3.1,,
2020-03-30,Wales,210.0,1451.0,147.0,904.0,387.0,68.0,,,14.0,62.0,2.0,16.0,113.0,3.6,,
2020-03-31,Wales,112.0,1563.0,158.0,1062.0,439.0,81.0,,,7.0,69.0,2.2,15.0,128.0,4.0,,
2020-04-01,Wales,274.0,1837.0,207.0,1269.0,483.0,100.0,,,29.0,98.0,3.1,21.0,149.0,4.7,,
2020-04-02,Wales,284.0,2121.0,139.0,1408.0,525.0,110.0,,,19.0,117.0,3.7,28.0,177.0,5.6,,
2020-04-03,Wales,345.0,2466.0,110.0,1518.0,568.0,110.0,,,24.0,141.0,4.4,29.0,206.0,6.5,,
2020-04-04,Wales,387.0,2853.0,134.0,1652.0,596.0,122.0,,,13.0,154.0,4.9,31.0,237.0,7.5,,
2020-04-05,Wales,344.0,3197.0,134.0,1786.0,664.0,131.0,,,12.0,166.0,5.2,30.0,267.0,8.4,,
2020-04-06,Wales,302.0,3499.0,123.0,1909.0,731.0,137.0,,,27.0,193.0,6.1,20.0,287.0,9.1,,
2020-04-07,Wales,291.0,3790.0,196.0,2105.0,738.0,144.0,,,19.0,212.0,6.7,32.0,319.0,10.1,,
2020-04-08,Wales,283.0,4073.0,158.0,2263.0,816.0,150.0,,,33.0,245.0,7.7,42.0,361.0,11.4,,
2020-04-09,Wales,16.0,4089.0,126.0,2389.0,795.0,161.0,,,41.0,286.0,9.0,43.0,404.0,12.7,,
2020-04-10,Wales,502.0,4591.0,129.0,2518.0,833.0,153.0,,,29.0,315.0,9.9,25.0,429.0,13.5,,
2020-04-11,Wales,340.0,4930.0,106.0,2624.0,865.0,149.0,,,36.0,351.0,11.1,31.0,460.0,14.5,,
2020-04-12,Wales,367.0,5297.0,168.0,2792.0,910.0,153.0,,,18.0,369.0,11.6,37.0,497.0,15.7,,
2020-04-13,Wales,313.0,5610.0,130.0,2922.0,897.0,155.0,,,15.0,384.0,12.1,43.0,540.0,17.0,,
2020-04-14,Wales,238.0,5848.0,106.0,3028.0,919.0,151.0,,,19.0,403.0,12.7,26.0,566.0,17.9,,
2020-04-15,Wales,272.0,6118.0,151.0,3179.0,884.0,150.0,,,60.0,463.0,14.6,38.0,604.0,19.1,,
2020-04-16,Wales,284.0,6401.0,104.0,3283.0,844.0,155.0,,,32.0,495.0,15.6,35.0,639.0,20.2,,
2020-04-17,Wales,244.0,6645.0,151.0,3434.0,825.0,159.0,,,11.0,506.0,16.0,30.0,669.0,21.1,,
2020-04-18,Wales,292.0,6936.0,129.0,3563.0,818.0,164.0,,,28.0,534.0,16.8,32.0,701.0,22.1,,
2020-04-19,Wales,334.0,7270.0,102.0,3665.0,828.0,153.0,,,41.0,575.0,18.1,26.0,727.0,22.9,,
2020-04-20,Wales,276.0,7546.0,114.0,3779.0,853.0,150.0,,,9.0,584.0,18.4,25.0,752.0,23.7,,
2020-04-21,Wales,304.0,7850.0,117.0,3896.0,838.0,135.0,,,25.0,609.0,19.2,30.0,782.0,24.7,,
2020-04-22,Wales,274.0,8124.0,127.0,4023.0,773.0,132.0,,,15.0,624.0,19.7,23.0,805.0,25.4,,
2020-04-23,Wales,234.0,8358.0,134.0,4157.0,741.0,123.0,,,17.0,641.0,20.2,18.0,823.0,26.0,,
2020-04-24,Wales,243.0,8601.0,135.0,4292.0,743.0,119.0,,,110.0,751.0,23.7,31.0,854.0,26.9,,
2020-04-25,Wales,299.0,8900.0,112.0,4404.0,719.0,126.0,,,23.0,774.0,24.4,29.0,883.0,27.9,,
2020-04-26,Wales,178.0,9078.0,97.0,4501.0,710.0,111.0,,,14.0,788.0,24.9,16.0,899.0,28.4,,
2020-04-27,Wales,203.0,9280.0,95.0,4596.0,734.0,105.0,,,8.0,796.0,25.1,16.0,915.0,28.9,,
2020-04-28,Wales,232.0,9512.0,139.0,4735.0,676.0,107.0,,,17.0,813.0,25.7,15.0,930.0,29.3,,
2020-04-29,Wales,117.0,9629.0,127.0,4862.0,664.0,101.0,,,73.0,886.0,28.0,26.0,956.0,30.2,,
2020-04-30,Wales,183.0,9812.0,132.0,4994.0,643.0,99.0,,,22.0,908.0,28.6,16.0,972.0,30.7,,
2020-05-01,Wales,160.0,9972.0,107.0,5101.0,529.0,92.0,,,17.0,925.0,29.2,29.0,1001.0,31.6,,
2020-05-02,Wales,183.0,10155.0,142.0,5243.0,521.0,93.0,,,44.0,969.0,30.6,14.0,1015.0,32.0,,
2020-05-03,Wales,174.0,10329.0,94.0,5337.0,539.0,94.0,,,14.0,983.0,31.0,14.0,1029.0,32.5,,
2020-05-04,Wales,195.0,10524.0,121.0,5458.0,538.0,92.0,,,14.0,997.0,31.5,23.0,1052.0,33.2,,
2020-05-05,Wales,145.0,10669.0,136.0,5594.0,501.0,87.0,,,26.0,1023.0,32.3,17.0,1069.0,33.7,,
2020-05-06,Wales,95.0,10764.0,103.0,5697.0,478.0,81.0,,,21.0,1044.0,32.9,23.0,1092.0,34.5,,
2020-05-07,Wales,87.0,10851.0,119.0,5816.0,470.0,84.0,,,18.0,1062.0,33.5,19.0,1111.0,35.1,,
2020-05-08,Wales,152.0,11003.0,127.0,5943.0,416.0,89.0,,,28.0,1090.0,34.4,13.0,1124.0,35.5,,
2020-05-09,Wales,118.0,11121.0,106.0,6049.0,448.0,75.0,,,9.0,1099.0,34.7,7.0,1131.0,35.7,,
2020-05-10,Wales,223.0,11344.0,114.0,6163.0,461.0,78.0,,,12.0,1111.0,35.1,10.0,1141.0,36.0,,
2020-05-11,Wales,124.0,11468.0,108.0,6271.0,465.0,76.0,,,5.0,1116.0,35.2,15.0,1156.0,36.5,,
2020-05-12,Wales,105.0,11573.0,92.0,6363.0,425.0,72.0,,,16.0,1132.0,35.7,11.0,1167.0,36.8,,
2020-05-13,Wales,133.0,11706.0,119.0,6482.0,394.0,66.0,,,22.0,1154.0,36.4,16.0,1183.0,37.3,,
2020-05-14,Wales,128.0,11834.0,105.0,6587.0,364.0,69.0,,,10.0,1164.0,36.7,12.0,1195.0,37.7,,
2020-05-15,Wales,126.0,11960.0,88.0,6675.0,336.0,56.0,,,9.0,1173.0,37.0,16.0,1211.0,38.2,,
2020-05-16,Wales,183.0,12142.0,117.0,6792.0,378.0,62.0,,,18.0,1191.0,37.6,13.0,1224.0,38.6,,
2020-05-17,Wales,162.0,12304.0,98.0,6890.0,373.0,60.0,,,12.0,1203.0,38.0,11.0,1235.0,39.0,,
2020-05-18,Wales,101.0,12404.0,77.0,6967.0,356.0,59.0,,,4.0,1207.0,38.1,10.0,1245.0,39.3,,
2020-05-19,Wales,166.0,12570.0,105.0,7072.0,329.0,64.0,,,17.0,1224.0,38.6,11.0,1256.0,39.6,,
2020-05-20,Wales,110.0,12680.0,95.0,7167.0,324.0,55.0,,,14.0,1238.0,39.1,7.0,1263.0,39.8,,
2020-05-21,Wales,166.0,12846.0,105.0,7272.0,309.0,57.0,,,9.0,1247.0,39.3,9.0,1272.0,40.1,,
2020-05-22,Wales,138.0,12984.0,81.0,7353.0,385.0,58.0,,,7.0,1254.0,39.6,10.0,1282.0,40.4,,
2020-05-23,Wales,185.0,13169.0,121.0,7474.0,383.0,58.0,,,6.0,1260.0,39.8,7.0,1289.0,40.7,,
2020-05-24,Wales,140.0,13309.0,78.0,7552.0,393.0,52.0,,,7.0,1267.0,40.0,12.0,1301.0,41.0,,
2020-05-25,Wales,106.0,13415.0,82.0,7634.0,380.0,47.0,,,7.0,1274.0,40.2,10.0,1311.0,41.4,,
2020-05-26,Wales,141.0,13556.0,96.0,7730.0,436.0,51.0,,,8.0,1282.0,40.4,10.0,1321.0,41.7,,
2020-05-27,Wales,97.0,13653.0,106.0,7836.0,425.0,44.0,,,11.0,1293.0,40.8,6.0,1327.0,41.9,,
2020-05-28,Wales,72.0,13725.0,120.0,7956.0,438.0,46.0,,,14.0,1307.0,41.2,16.0,1343.0,42.4,,
2020-05-29,Wales,102.0,13827.0,99.0,8055.0,431.0,45.0,,,10.0,1317.0,41.6,11.0,1354.0,42.7,,
2020-05-30,Wales,86.0,13913.0,93.0,8148.0,423.0,39.0,,,14.0,1331.0,42.0,10.0,1364.0,43.0,,
2020-05-31,Wales,82.0,13995.0,68.0,8216.0,433.0,42.0,,,11.0,1342.0,42.3,7.0,1371.0,43.3,,
2020-06-01,Wales,59.0,14054.0,73.0,8289.0,431.0,37.0,,,5.0,1347.0,42.5,9.0,1380.0,43.5,,
2020-06-02,Wales,67.0,14121.0,106.0,8395.0,427.0,44.0,,,7.0,1354.0,42.7,5.0,1385.0,43.7,,
2020-06-03,Wales,82.0,14203.0,131.0,8526.0,399.0,42.0,,,17.0,1371.0,43.3,7.0,1392.0,43.9,,
2020-06-04,Wales,35.0,14238.0,97.0,8623.0,395.0,42.0,,,8.0,1379.0,43.5,12.0,1404.0,44.3,,
2020-06-05,Wales,76.0,14314.0,82.0,8705.0,392.0,44.0,,,4.0,1383.0,43.6,4.0,1408.0,44.4,,
2020-06-06,Wales,42.0,14356.0,92.0,8797.0,404.0,41.0,,,10.0,1393.0,43.9,9.0,1417.0,44.7,,
2020-06-07,Wales,40.0,14396.0,76.0,8873.0,383.0,38.0,,,5.0,1398.0,44.1,8.0,1425.0,45.0,,
2020-06-08,Wales,42.0,14438.0,59.0,8932.0,352.0,38.0,,,3.0,1401.0,44.2,7.0,1432.0,45.2,,
2020-06-09,Wales,42.0,14480.0,84.0,9016.0,341.0,40.0,,,9.0,1410.0,44.5,4.0,1436.0,45.3,,
2020-06-10,Wales,38.0,14518.0,97.0,9113.0,319.0,32.0,,,9.0,1419.0,44.8,7.0,1443.0,45.5,,
2020-06-11,Wales,63.0,14581.0,104.0,9217.0,315.0,29.0,,,6.0,1425.0,45.0,5.0,1448.0,45.7,,
2020-06-12,Wales,77.0,14658.0,90.0,9307.0,294.0,29.0,,,10.0,1435.0,45.3,4.0,1452.0,45.8,,
2020-06-13,Wales,45.0,14703.0,114.0,9421.0,291.0,27.0,,,6.0,1441.0,45.5,6.0,1458.0,46.0,,
2020-06-14,Wales,39.0,14742.0,52.0,9473.0,293.0,31.0,,,3.0,1444.0,45.6,6.0,1464.0,46.2,,
2020-06-15,Wales,62.0,14804.0,68.0,9541.0,306.0,36.0,,,4.0,1448.0,45.7,6.0,1470.0,46.4,,
2020-06-16,Wales,65.0,14869.0,95.0,9636.0,303.0,29.0,,,8.0,1456.0,45.9,8.0,1478.0,46.6,,
2020-06-17,Wales,53.0,14922.0,91.0,9727.0,288.0,33.0,,,10.0,1466.0,46.3,1.0,1479.0,46.7,,
2020-06-18,Wales,48.0,14970.0,87.0,9814.0,285.0,29.0,,,5.0,1471.0,46.4,0.0,1479.0,46.7,,
2020-06-19,Wales,31.0,15001.0,78.0,9892.0,276.0,27.0,,,4.0,1475.0,46.5,4.0,1483.0,46.8,,
2020-06-20,Wales,25.0,15026.0,68.0,9960.0,271.0,33.0,,,1.0,1476.0,46.6,3.0,1486.0,46.9,,
2020-06-21,Wales,100.0,15126.0,68.0,10028.0,280.0,27.0,,,1.0,1477.0,46.6,5.0,1491.0,47.0,,
2020-06-22,Wales,71.0,15197.0,67.0,10095.0,297.0,27.0,,,1.0,1478.0,46.6,2.0,1493.0,47.1,,
2020-06-23,Wales,51.0,15295.0,79.0,10174.0,281.0,22.0,,,5.0,1483.0,46.8,1.0,1494.0,47.1,,
2020-06-24,Wales,47.0,15341.0,101.0,10275.0,270.0,27.0,,,8.0,1491.0,47.0,6.0,1500.0,47.3,,
2020-06-25,Wales,125.0,15466.0,64.0,10339.0,265.0,21.0,,,6.0,1497.0,47.2,9.0,1509.0,47.6,,
2020-06-26,Wales,65.0,15531.0,88.0,10427.0,254.0,24.0,,,2.0,1497.0,47.2,2.0,1511.0,47.7,,
2020-06-27,Wales,46.0,15577.0,74.0,10501.0,232.0,21.0,,,5.0,1502.0,47.4,6.0,1517.0,47.9,,
2020-06-28,Wales,25.0,15602.0,47.0,10548.0,246.0,21.0,,,2.0,1504.0,47.5,2.0,1519.0,47.9,,
2020-06-29,Wales,116.0,15717.0,46.0,10594.0,235.0,24.0,,,3.0,1507.0,47.5,3.0,1522.0,48.0,,
2020-06-30,Wales,26.0,15743.0,104.0,10698.0,234.0,22.0,,,3.0,1510.0,47.6,4.0,1526.0,48.1,,
2020-07-01,Wales,32.0,15775.0,66.0,10764.0,218.0,22.0,,,6.0,1516.0,47.8,4.0,1530.0,48.3,,
2020-07-02,Wales,41.0,15815.0,64.0,10828.0,206.0,19.0,,,8.0,1524.0,48.1,3.0,1533.0,48.4,,
2020-07-03,Wales,26.0,15841.0,65.0,10893.0,198.0,17.0,,,2.0,1525.0,48.1,0.0,1533.0,48.4,,
2020-07-04,Wales,34.0,15875.0,78.0,10971.0,190.0,15.0,,,5.0,1530.0,48.3,2.0,1535.0,48.4,,
2020-07-05,Wales,15.0,15890.0,63.0,11034.0,187.0,16.0,,,1.0,1531.0,48.3,2.0,1537.0,48.5,,
2020-07-06,Wales,8.0,15898.0,50.0,11084.0,186.0,13.0,,,0.0,1531.0,48.3,2.0,1539.0,48.6,,
2020-07-07,Wales,2.0,15900.0,64.0,11148.0,181.0,12.0,,,3.0,1534.0,48.4,1.0,1540.0,48.6,,
2020-07-08,Wales,13.0,15913.0,63.0,11211.0,177.0,10.0,,,4.0,1538.0,48.5,1.0,1541.0,48.6,,
2020-07-09,Wales,16.0,15929.0,75.0,11286.0,172.0,12.0,,,2.0,1540.0,48.6,1.0,1542.0,48.6,,
2020-07-10,Wales,10.0,15939.0,68.0,11354.0,133.0,17.0,,,0.0,1540.0,48.6,0.0,1542.0,48.6,,
2020-07-11,Wales,7.0,15946.0,76.0,11430.0,127.0,10.0,,,1.0,1541.0,48.6,1.0,1543.0,48.7,,
2020-07-12,Wales,16.0,15962.0,41.0,11471.0,133.0,14.0,,,0.0,1541.0,48.6,0.0,1543.0,48.7,,
2020-07-13,Wales,11.0,15973.0,50.0,11521.0,140.0,17.0,4379.0,292141.0,0.0,1541.0,48.6,2.0,1545.0,48.7,,
2020-07-14,Wales,21.0,16836.0,63.0,11584.0,136.0,9.0,3966.0,296106.0,2.0,1543.0,48.7,1.0,1546.0,48.8,,
2020-07-15,Wales,18.0,16854.0,48.0,11632.0,131.0,10.0,4319.0,300424.0,2.0,1545.0,48.7,0.0,1546.0,48.8,,
2020-07-16,Wales,18.0,16871.0,48.0,11680.0,136.0,17.0,3409.0,303831.0,0.0,1545.0,48.7,1.0,1547.0,48.8,,
2020-07-17,Wales,16.0,16887.0,59.0,11739.0,119.0,11.0,2910.0,306741.0,1.0,1546.0,48.8,0.0,1547.0,48.8,,
2020-07-18,Wales,10.0,16897.0,54.0,11793.0,125.0,10.0,,319036.0,0.0,1546.0,48.8,0.0,1547.0,48.8,,
2020-07-19,Wales,31.0,16928.0,51.0,11844.0,113.0,7.0,6875.0,325910.0,1.0,1547.0,48.8,0.0,1547.0,48.8,,
2020-07-20,Wales,15.0,16943.0,43.0,11887.0,130.0,6.0,5313.0,331223.0,0.0,1547.0,48.8,0.0,1547.0,48.8,,
2020-07-21,Wales,22.0,16965.0,46.0,11933.0,118.0,9.0,2444.0,333666.0,0.0,1547.0,48.8,1.0,1548.0,48.8,,
2020-07-22,Wales,22.0,16987.0,72.0,12005.0,123.0,8.0,4213.0,337879.0,1.0,1548.0,48.8,1.0,1549.0,48.9,,
2020-07-23,Wales,43.0,17030.0,88.0,12093.0,132.0,6.0,6097.0,343976.0,0.0,1548.0,48.8,0.0,1549.0,48.9,,
2020-07-24,Wales,45.0,17075.0,61.0,12154.0,132.0,8.0,5865.0,349802.0,0.0,1548.0,48.8,1.0,1550.0,48.9,,
2020-07-25,Wales,30.0,17105.0,48.0,12202.0,129.0,7.0,6869.0,356671.0,0.0,1548.0,48.8,2.0,1552.0,49.0,,
2020-07-26,Wales,22.0,17125.0,45.0,12247.0,127.0,7.0,7546.0,364215.0,1.0,1549.0,48.9,2.0,1554.0,49.0,,
2020-07-27,Wales,45.0,17170.0,43.0,12290.0,130.0,11.0,5009.0,369224.0,0.0,1549.0,48.9,1.0,1555.0,49.1,,
2020-07-28,Wales,21.0,17191.0,49.0,12339.0,136.0,12.0,3640.0,372863.0,0.0,1549.0,48.9,2.0,1557.0,49.1,,
2020-07-29,Wales,32.0,17223.0,64.0,12403.0,137.0,12.0,4822.0,377685.0,5.0,1554.0,49.0,4.0,1561.0,49.2,,
2020-07-30,Wales,9.0,17232.0,53.0,12456.0,132.0,11.0,5491.0,383176.0,0.0,1554.0,49.0,2.0,1563.0,49.3,,
2020-07-31,Wales,26.0,17258.0,54.0,12510.0,116.0,10.0,8246.0,391419.0,6.0,1560.0,49.2,4.0,1567.0,49.4,,
2020-08-01,Wales,21.0,17279.0,73.0,12583.0,124.0,14.0,6817.0,398236.0,2.0,1562.0,49.3,2.0,1569.0,49.5,,
2020-08-02,Wales,37.0,17315.0,35.0,12618.0,116.0,9.0,7214.0,405449.0,3.0,1565.0,49.4,2.0,1571.0,49.6,,
2020-08-03,Wales,24.0,17339.0,29.0,12647.0,119.0,6.0,4661.0,410110.0,0.0,1565.0,49.4,1.0,1572.0,49.6,,
2020-08-04,Wales,22.0,17361.0,65.0,12712.0,115.0,7.0,4553.0,414662.0,1.0,1566.0,49.4,4.0,1576.0,49.7,,
2020-08-05,Wales,14.0,17374.0,74.0,12786.0,105.0,6.0,4021.0,418683.0,2.0,1568.0,49.5,3.0,1579.0,49.8,,
2020-08-06,Wales,15.0,17389.0,45.0,12831.0,103.0,3.0,5019.0,423700.0,3.0,1571.0,49.6,0.0,1579.0,49.8,,
2020-08-07,Wales,17.0,17406.0,53.0,12884.0,96.0,5.0,5516.0,429216.0,7.0,1578.0,49.8,5.0,1584.0,50.0,,
2020-08-08,Wales,19.0,17425.0,55.0,12939.0,88.0,3.0,6586.0,435802.0,1.0,1579.0,49.8,2.0,1586.0,50.0,,
2020-08-09,Wales,26.0,17451.0,51.0,12990.0,82.0,5.0,6809.0,442611.0,0.0,1579.0,49.8,0.0,1586.0,50.0,,
2020-08-10,Wales,12.0,17463.0,31.0,13021.0,78.0,6.0,7773.0,450384.0,0.0,1579.0,49.8,2.0,1588.0,50.1,,
2020-08-11,Wales,13.0,17476.0,47.0,13068.0,69.0,6.0,6146.0,456538.0,2.0,1581.0,49.9,0.0,1588.0,50.1,,
2020-08-12,Wales,8.0,17484.0,45.0,13113.0,69.0,7.0,4272.0,460800.0,5.0,1586.0,50.0,1.0,1589.0,50.1,,
2020-08-13,Wales,15.0,17499.0,63.0,13176.0,68.0,6.0,5455.0,466255.0,0.0,1586.0,50.0,1.0,1590.0,50.2,,
2020-08-14,Wales,18.0,17516.0,39.0,13215.0,70.0,6.0,5733.0,471988.0,0.0,1586.0,50.0,1.0,1591.0,50.2,,
2020-08-15,Wales,27.0,17543.0,52.0,13267.0,69.0,5.0,6762.0,478750.0,1.0,1587.0,50.1,0.0,1591.0,50.2,,
2020-08-16,Wales,18.0,17561.0,37.0,13304.0,71.0,6.0,7035.0,485785.0,2.0,1589.0,50.1,0.0,1591.0,50.2,,
2020-08-17,Wales,14.0,17575.0,38.0,13342.0,71.0,3.0,5460.0,491245.0,0.0,1589.0,50.1,0.0,1591.0,50.2,,
2020-08-18,Wales,24.0,17599.0,63.0,13405.0,61.0,6.0,5979.0,497223.0,0.0,1589.0,50.1,2.0,1593.0,50.3,,
2020-08-19,Wales,21.0,17620.0,45.0,13450.0,60.0,5.0,3962.0,497223.0,0.0,1589.0,50.1,0.0,1593.0,50.3,,
2020-08-20,Wales,19.0,17639.0,39.0,13489.0,59.0,10.0,4443.0,505628.0,0.0,1589.0,50.1,0.0,1593.0,50.3,,
2020-08-21,Wales,34.0,17673.0,54.0,13543.0,55.0,6.0,5021.0,510649.0,0.0,1589.0,50.1,0.0,1593.0,50.3,,
2020-08-22,Wales,34.0,17707.0,39.0,13582.0,52.0,3.0,5023.0,515672.0,1.0,1590.0,50.2,1.0,1594.0,50.3,,
2020-08-23,Wales,20.0,17727.0,26.0,13608.0,51.0,5.0,4921.0,520593.0,2.0,1592.0,50.2,0.0,1594.0,50.3,,
2020-08-24,Wales,19.0,17746.0,36.0,13644.0,50.0,4.0,5806.0,526399.0,1.0,1593.0,50.3,1.0,1595.0,50.3,,
2020-08-25,Wales,28.0,17774.0,49.0,13693.0,48.0,4.0,4910.0,531309.0,0.0,1593.0,50.3,0.0,1595.0,50.3,,
2020-08-26,Wales,34.0,17808.0,69.0,13762.0,48.0,6.0,5194.0,536503.0,1.0,1594.0,50.3,0.0,1595.0,50.3,,
2020-08-27,Wales,35.0,17843.0,70.0,13832.0,41.0,6.0,4704.0,541207.0,1.0,1595.0,50.3,0.0,1595.0,50.3,,
2020-08-28,Wales,34.0,17877.0,83.0,13915.0,41.0,3.0,5039.0,546243.0,0.0,1595.0,50.3,0.0,1595.0,50.3,,
2020-08-29,Wales,40.0,17917.0,52.0,13967.0,42.0,3.0,6521.0,552764.0,0.0,1595.0,50.3,0.0,1595.0,50.3,,
2020-08-30,Wales,56.0,17973.0,33.0,14000.0,47.0,9.0,4423.0,557187.0,0.0,1595.0,50.3,0.0,1595.0,50.3,,
2020-08-31,Wales,39.0,18012.0,29.0,14029.0,42.0,10.0,4733.0,561920.0,0.0,1595.0,50.3,2.0,1597.0,50.4,,
2020-09-01,Wales,51.0,18063.0,69.0,14098.0,43.0,14.0,6776.0,568696.0,1.0,1596.0,50.4,0.0,1597.0,50.4,,
2020-09-02,Wales,42.0,18105.0,59.0,14157.0,42.0,14.0,5938.0,574634.0,0.0,1596.0,50.4,0.0,1597.0,50.4,,
2020-09-03,Wales,50.0,18155.0,70.0,14227.0,38.0,11.0,6831.0,581465.0,0.0,1596.0,50.4,1.0,1598.0,50.4,,
2020-09-04,Wales,51.0,18206.0,69.0,14296.0,35.0,8.0,6549.0,588014.0,0.0,1596.0,50.4,0.0,1598.0,50.4,,
2020-09-05,Wales,77.0,18283.0,27.0,14323.0,39.0,10.0,6514.0,594528.0,1.0,1597.0,50.4,0.0,1598.0,50.4,,
2020-09-06,Wales,98.0,18381.0,42.0,14365.0,36.0,10.0,5881.0,600409.0,0.0,1597.0,50.4,0.0,1598.0,50.4,,
2020-09-07,Wales,133.0,18514.0,46.0,14411.0,38.0,9.0,7171.0,607580.0,0.0,1597.0,50.4,0.0,1598.0,50.4,,
2020-09-08,Wales,150.0,18664.0,65.0,14476.0,35.0,9.0,9607.0,617186.0,0.0,1597.0,50.4,0.0,1598.0,50.4,,
2020-09-09,Wales,165.0,18829.0,56.0,14532.0,37.0,8.0,7799.0,624985.0,0.0,1597.0,50.4,0.0,1598.0,50.4,,
2020-09-10,Wales,102.0,18931.0,49.0,14581.0,48.0,7.0,8751.0,633736.0,0.0,1597.0,50.4,0.0,1598.0,50.4,,
2020-09-11,Wales,133.0,19064.0,70.0,14651.0,42.0,7.0,10337.0,644073.0,0.0,1597.0,50.4,1.0,1599.0,50.4,,
2020-09-12,Wales,164.0,19228.0,55.0,14706.0,42.0,8.0,11224.0,655297.0,0.0,1597.0,50.4,0.0,1599.0,50.4,,
2020-09-13,Wales,162.0,19390.0,55.0,14761.0,36.0,11.0,9967.0,665264.0,0.0,1597.0,50.4,1.0,1600.0,50.5,,
2020-09-14,Wales,183.0,19573.0,59.0,14820.0,45.0,10.0,7902.0,673166.0,0.0,1597.0,50.4,0.0,1600.0,50.5,,
2020-09-15,Wales,110.0,19681.0,53.0,14873.0,53.0,6.0,9831.0,682997.0,0.0,1597.0,50.4,2.0,1602.0,50.5,,
2020-09-16,Wales,199.0,19880.0,65.0,14938.0,54.0,9.0,9797.0,692793.0,0.0,1597.0,50.4,2.0,1604.0,50.6,,
2020-09-17,Wales,168.0,20048.0,42.0,14980.0,55.0,11.0,10784.0,703577.0,3.0,1600.0,50.5,2.0,1606.0,50.7,,
2020-09-18,Wales,185.0,20233.0,41.0,15021.0,68.0,15.0,9751.0,713328.0,1.0,1601.0,50.5,0.0,1606.0,50.7,,
2020-09-19,Wales,212.0,20445.0,34.0,15055.0,82.0,9.0,8784.0,722112.0,2.0,1603.0,50.6,0.0,1606.0,50.7,,
2020-09-20,Wales,199.0,20644.0,28.0,15083.0,82.0,11.0,9850.0,731961.0,0.0,1603.0,50.6,1.0,1607.0,50.7,,
2020-09-21,Wales,234.0,20878.0,59.0,15142.0,99.0,16.0,9780.0,741741.0,0.0,1603.0,50.6,1.0,1608.0,50.7,,
2020-09-22,Wales,281.0,21159.0,43.0,15185.0,93.0,18.0,9610.0,751351.0,0.0,1603.0,50.6,3.0,1611.0,50.8,,
2020-09-23,Wales,389.0,21548.0,70.0,15255.0,111.0,21.0,11030.0,762381.0,2.0,1605.0,50.6,3.0,1614.0,50.9,,
2020-09-24,Wales,348.0,21896.0,94.0,15349.0,115.0,19.0,10854.0,773235.0,1.0,1606.0,50.7,0.0,1614.0,50.9,,
2020-09-25,Wales,320.0,22215.0,67.0,15416.0,145.0,19.0,11258.0,784493.0,3.0,1609.0,50.8,1.0,1615.0,51.0,,
2020-09-26,Wales,370.0,22584.0,61.0,15477.0,136.0,22.0,11737.0,796230.0,3.0,1612.0,50.9,2.0,1617.0,51.0,,
2020-09-27,Wales,362.0,22945.0,56.0,15533.0,172.0,26.0,10886.0,807116.0,0.0,1612.0,50.9,3.0,1620.0,51.1,,
2020-09-28,Wales,286.0,23231.0,71.0,15604.0,188.0,30.0,9806.0,816922.0,0.0,1612.0,50.9,3.0,1623.0,51.2,,
2020-09-29,Wales,366.0,23597.0,90.0,15694.0,205.0,34.0,7819.0,824740.0,3.0,1615.0,51.0,4.0,1627.0,51.3,,
2020-09-30,Wales,388.0,23985.0,61.0,15755.0,211.0,29.0,9137.0,833877.0,1.0,1616.0,51.0,4.0,1631.0,51.5,,
2020-10-01,Wales,398.0,24383.0,79.0,15834.0,214.0,32.0,9524.0,843401.0,6.0,1622.0,51.2,5.0,1636.0,51.6,,
2020-10-02,Wales,462.0,24845.0,94.0,15928.0,218.0,32.0,10988.0,854388.0,3.0,1625.0,51.3,2.0,1638.0,51.7,,
2020-10-03,Wales,576.0,25420.0,79.0,16007.0,220.0,30.0,8966.0,863354.0,5.0,1630.0,51.4,8.0,1646.0,51.9,,
2020-10-04,Wales,432.0,25852.0,92.0,16099.0,230.0,30.0,10665.0,874019.0,0.0,1630.0,51.4,3.0,1649.0,52.0,,
2020-10-05,Wales,596.0,26447.0,59.0,16158.0,249.0,32.0,10204.0,884223.0,0.0,1630.0,51.4,10.0,1659.0,52.3,,
2020-10-06,Wales,425.0,26872.0,80.0,16238.0,261.0,28.0,10518.0,894740.0,10.0,1640.0,51.7,4.0,1663.0,52.5,,
2020-10-07,Wales,752.0,27624.0,85.0,16323.0,277.0,27.0,9966.0,904706.0,3.0,1643.0,51.8,11.0,1674.0,52.8,,
2020-10-08,Wales,638.0,28262.0,76.0,16399.0,284.0,26.0,12539.0,917245.0,1.0,1644.0,51.9,6.0,1680.0,53.0,,
2020-10-09,Wales,766.0,29028.0,60.0,16459.0,291.0,32.0,9857.0,927102.0,2.0,1646.0,51.9,6.0,1686.0,53.2,,
2020-10-10,Wales,627.0,29654.0,103.0,16562.0,292.0,29.0,9347.0,936448.0,21.0,1667.0,52.6,3.0,1689.0,53.3,,
2020-10-11,Wales,467.0,30121.0,79.0,16641.0,327.0,29.0,10971.0,947419.0,2.0,1669.0,52.7,4.0,1693.0,53.4,,
2020-10-12,Wales,487.0,30608.0,86.0,16727.0,348.0,30.0,11645.0,959062.0,4.0,1673.0,52.8,4.0,1697.0,53.5,,
2020-10-13,Wales,764.0,31370.0,98.0,16825.0,345.0,25.0,9726.0,968788.0,5.0,1678.0,52.9,8.0,1705.0,53.8,,
2020-10-14,Wales,946.0,32316.0,123.0,16948.0,384.0,29.0,8808.0,977596.0,10.0,1688.0,53.3,7.0,1712.0,54.0,,
2020-10-15,Wales,727.0,33041.0,102.0,17050.0,414.0,30.0,9823.0,987419.0,10.0,1698.0,53.6,7.0,1719.0,54.2,,
2020-10-16,Wales,979.0,34005.0,105.0,17155.0,442.0,32.0,8849.0,996242.0,5.0,1703.0,53.7,6.0,1725.0,54.4,,
2020-10-17,Wales,674.0,34679.0,112.0,17267.0,437.0,35.0,12431.0,1008673.0,5.0,1708.0,53.9,4.0,1729.0,54.5,,
2020-10-18,Wales,950.0,35628.0,88.0,17355.0,482.0,40.0,10914.0,1019587.0,3.0,1711.0,54.0,11.0,1740.0,54.9,,
2020-10-19,Wales,626.0,36253.0,60.0,17415.0,491.0,43.0,12455.0,1032042.0,1.0,1712.0,54.0,13.0,1753.0,55.3,,
2020-10-20,Wales,1148.0,37400.0,77.0,17492.0,492.0,43.0,9464.0,1041503.0,10.0,1722.0,54.3,4.0,1757.0,55.4,,
2020-10-21,Wales,962.0,38361.0,92.0,17584.0,524.0,41.0,10492.0,1051995.0,14.0,1736.0,54.8,13.0,1770.0,55.8,,
2020-10-22,Wales,1134.0,39491.0,107.0,17691.0,550.0,47.0,10719.0,1062714.0,7.0,1743.0,55.0,28.0,1798.0,56.7,,
2020-10-23,Wales,761.0,40253.0,123.0,17814.0,571.0,41.0,14518.0,1077230.0,13.0,1756.0,55.4,11.0,1809.0,57.1,,
2020-10-24,Wales,1324.0,41577.0,98.0,17912.0,575.0,45.0,11217.0,1088447.0,16.0,1772.0,55.9,15.0,1824.0,57.5,,
2020-10-25,Wales,1104.0,42681.0,78.0,17990.0,612.0,52.0,14686.0,1103133.0,5.0,1777.0,56.1,16.0,1840.0,58.1,,
2020-10-26,Wales,1158.0,43839.0,76.0,18066.0,654.0,51.0,9798.0,1112931.0,6.0,1783.0,56.3,15.0,1855.0,58.5,,
2020-10-27,Wales,1207.0,45046.0,114.0,18180.0,685.0,45.0,8854.0,1121785.0,7.0,1790.0,56.5,23.0,1878.0,59.3,,
2020-10-28,Wales,1414.0,46459.0,83.0,18263.0,695.0,47.0,10670.0,1132454.0,37.0,1827.0,57.6,11.0,1889.0,59.6,,
2020-10-29,Wales,1375.0,47834.0,86.0,18349.0,739.0,46.0,12665.0,1145119.0,21.0,1848.0,58.3,21.0,1910.0,60.3,,
2020-10-30,Wales,1737.0,49571.0,97.0,18446.0,762.0,57.0,11899.0,1157017.0,11.0,1859.0,58.7,14.0,1924.0,60.7,,
2020-10-31,Wales,1301.0,50872.0,80.0,18526.0,794.0,66.0,7280.0,1164296.0,13.0,1872.0,59.1,12.0,1936.0,61.1,,
2020-11-01,Wales,819.0,51691.0,76.0,18602.0,809.0,53.0,13842.0,1178138.0,16.0,1888.0,59.6,28.0,1964.0,62.0,,
2020-11-02,Wales,1646.0,53337.0,75.0,18677.0,866.0,57.0,10212.0,1188350.0,3.0,1891.0,59.7,17.0,1981.0,62.5,,
2020-11-03,Wales,1119.0,54456.0,104.0,18781.0,900.0,54.0,8012.0,1196362.0,4.0,1895.0,59.8,23.0,2004.0,63.2,,
2020-11-04,Wales,1202.0,55658.0,129.0,18910.0,914.0,60.0,10962.0,1207323.0,44.0,1939.0,61.2,22.0,2026.0,63.9,,
2020-11-05,Wales,1272.0,56927.0,102.0,19012.0,946.0,60.0,13241.0,1220564.0,30.0,1969.0,62.1,31.0,2057.0,64.9,,
2020-11-06,Wales,1352.0,58279.0,82.0,19094.0,945.0,66.0,11252.0,1231816.0,13.0,1982.0,62.5,26.0,2083.0,65.7,,
2020-11-07,Wales,958.0,59237.0,112.0,19206.0,953.0,61.0,12106.0,1243922.0,32.0,2014.0,63.5,15.0,2098.0,66.2,,
2020-11-08,Wales,744.0,59981.0,75.0,19281.0,992.0,63.0,11894.0,1255816.0,19.0,2033.0,64.1,28.0,2126.0,67.1,,
2020-11-09,Wales,931.0,60912.0,64.0,19345.0,1030.0,74.0,7411.0,1263226.0,8.0,2041.0,64.4,29.0,2155.0,68.0,,
2020-11-10,Wales,444.0,61356.0,104.0,19449.0,1044.0,68.0,8297.0,1271495.0,22.0,2063.0,65.1,28.0,2183.0,68.9,,
2020-11-11,Wales,928.0,62284.0,95.0,19544.0,1054.0,59.0,8734.0,1280228.0,45.0,2108.0,66.5,29.0,2212.0,69.8,,
2020-11-12,Wales,867.0,63151.0,100.0,19644.0,1066.0,59.0,9129.0,1289357.0,34.0,2142.0,67.6,28.0,2240.0,70.7,,
2020-11-13,Wales,797.0,63948.0,74.0,19718.0,1060.0,67.0,12241.0,1301598.0,29.0,2171.0,68.5,30.0,2270.0,71.6,,
2020-11-14,Wales,933.0,64881.0,89.0,19807.0,1080.0,72.0,15630.0,1317228.0,20.0,2191.0,69.1,19.0,2289.0,72.2,,
2020-11-15,Wales,1333.0,66214.0,69.0,19876.0,1104.0,63.0,12515.0,1329743.0,16.0,2207.0,69.6,25.0,2314.0,73.0,,
2020-11-16,Wales,892.0,67106.0,71.0,19947.0,1127.0,58.0,8392.0,1338135.0,2.0,2209.0,69.7,23.0,2337.0,73.7,,
2020-11-17,Wales,705.0,67811.0,72.0,20019.0,1143.0,62.0,6918.0,1345053.0,34.0,2243.0,70.8,29.0,2366.0,74.6,,
2020-11-18,Wales,638.0,68449.0,80.0,20099.0,1121.0,63.0,11809.0,1356861.0,41.0,2284.0,72.1,18.0,2384.0,75.2,,
2020-11-19,Wales,1048.0,69497.0,67.0,20166.0,1140.0,68.0,13292.0,1370152.0,23.0,2307.0,72.8,26.0,2410.0,76.0,,
2020-11-20,Wales,1020.0,70517.0,77.0,20243.0,1100.0,64.0,13846.0,1383998.0,31.0,2338.0,73.8,21.0,2431.0,76.7,,
2020-11-21,Wales,1016.0,71533.0,84.0,20327.0,1125.0,68.0,14005.0,1398003.0,28.0,2365.0,74.6,28.0,2459.0,77.6,,
2020-11-22,Wales,808.0,72341.0,62.0,20389.0,1105.0,72.0,11916.0,1409919.0,11.0,2376.0,75.0,27.0,2486.0,78.4,,
2020-11-23,Wales,892.0,73233.0,71.0,20460.0,1150.0,74.0,7962.0,1417881.0,9.0,2385.0,75.2,25.0,2511.0,79.2,,
2020-11-24,Wales,595.0,73828.0,78.0,20538.0,1114.0,70.0,8917.0,1426797.0,21.0,2406.0,75.9,18.0,2529.0,79.8,,
2020-11-25,Wales,907.0,74735.0,70.0,20608.0,1128.0,66.0,14564.0,1441357.0,41.0,2446.0,77.2,17.0,2546.0,80.3,,
2020-11-26,Wales,1251.0,75986.0,93.0,20701.0,1134.0,69.0,12708.0,1454065.0,28.0,2474.0,78.1,30.0,2576.0,81.3,,
2020-11-27,Wales,1105.0,77091.0,86.0,20787.0,1129.0,65.0,16798.0,1470863.0,21.0,2494.0,78.7,26.0,2602.0,82.1,,
2020-11-28,Wales,1445.0,78536.0,66.0,20853.0,1106.0,68.0,14400.0,1485249.0,29.0,2523.0,79.6,32.0,2634.0,83.1,,
2020-11-29,Wales,1004.0,79540.0,73.0,20926.0,1125.0,68.0,12669.0,1497917.0,16.0,2539.0,80.1,26.0,2660.0,83.9,,
2020-11-30,Wales,802.0,80342.0,62.0,20988.0,1151.0,68.0,7372.0,1505289.0,3.0,2540.0,80.1,17.0,2677.0,84.5,,
2020-12-01,Wales,667.0,81009.0,102.0,21090.0,1171.0,70.0,11047.0,1516334.0,23.0,2563.0,80.9,19.0,2696.0,85.1,,
2020-12-02,Wales,1480.0,82489.0,84.0,21174.0,1180.0,69.0,14212.0,1530546.0,51.0,2614.0,82.5,22.0,2718.0,85.8,,
2020-12-03,Wales,1473.0,83961.0,50.0,21224.0,1187.0,71.0,15217.0,1545760.0,24.0,2638.0,83.2,27.0,2745.0,86.6,,
2020-12-04,Wales,1471.0,85432.0,58.0,21282.0,1175.0,72.0,17339.0,1563099.0,33.0,2671.0,84.3,27.0,2772.0,87.5,,
2020-12-05,Wales,1645.0,87077.0,81.0,21363.0,1167.0,73.0,19577.0,1582676.0,24.0,2695.0,85.0,20.0,2792.0,88.1,,
2020-12-06,Wales,1916.0,88992.0,62.0,21425.0,1199.0,76.0,16662.0,1599337.0,14.0,2709.0,85.5,25.0,2817.0,88.9,,
2020-12-07,Wales,2021.0,91013.0,63.0,21488.0,1208.0,82.0,9260.0,1608597.0,2.0,2711.0,85.5,20.0,2837.0,89.5,,
2020-12-08,Wales,780.0,91792.0,98.0,21586.0,1231.0,77.0,13172.0,1621767.0,31.0,2725.0,86.0,25.0,2862.0,90.3,,
2020-12-09,Wales,2238.0,94030.0,76.0,21662.0,1280.0,75.0,13888.0,1635655.0,31.0,2756.0,87.0,25.0,2887.0,91.1,,
2020-12-10,Wales,1968.0,95998.0,105.0,21767.0,1328.0,83.0,17313.0,1652967.0,33.0,2789.0,88.0,33.0,2920.0,92.1,,
2020-12-11,Wales,2234.0,98232.0,117.0,21884.0,1385.0,82.0,19838.0,1672804.0,29.0,2818.0,88.9,26.0,2946.0,92.9,,
2020-12-12,Wales,2494.0,100725.0,102.0,21986.0,1370.0,81.0,0.0,1672804.0,31.0,2849.0,89.9,33.0,2979.0,94.0,,
2020-12-13,Wales,0.0,100725.0,64.0,22050.0,1425.0,87.0,9303.0,1682106.0,0.0,2849.0,89.9,22.0,3001.0,94.7,,
2020-12-14,Wales,1228.0,101953.0,67.0,22117.0,1529.0,91.0,6726.0,1688832.0,33.0,2882.0,90.9,30.0,3031.0,95.6,,
2020-12-15,Wales,615.0,102568.0,88.0,22205.0,1525.0,98.0,6193.0,1695025.0,9.0,2891.0,91.2,33.0,3064.0,96.7,,
2020-12-16,Wales,530.0,103098.0,131.0,22336.0,1513.0,103.0,65065.0,1760003.0,30.0,2921.0,92.2,34.0,3098.0,97.7,,
2020-12-17,Wales,11468.0,114566.0,128.0,22464.0,1573.0,102.0,19607.0,1779609.0,52.0,2973.0,93.8,48.0,3146.0,99.3,,
2020-12-18,Wales,2801.0,117367.0,119.0,22583.0,1585.0,98.0,19645.0,1799251.0,38.0,3011.0,95.0,48.0,3194.0,100.8,,
2020-12-19,Wales,3065.0,120432.0,107.0,22690.0,1605.0,97.0,17201.0,1816452.0,35.0,3046.0,96.1,34.0,3228.0,101.8,,
2020-12-20,Wales,2334.0,122766.0,90.0,22780.0,1652.0,93.0,18623.0,1835075.0,69.0,3115.0,98.3,35.0,3263.0,102.9,,
2020-12-21,Wales,2563.0,125329.0,92.0,22872.0,1683.0,102.0,20479.0,1855554.0,10.0,3125.0,98.6,37.0,3300.0,104.1,,
2020-12-22,Wales,2761.0,128089.0,124.0,22996.0,1727.0,107.0,19099.0,1874652.0,24.0,3149.0,99.4,35.0,3335.0,105.2,,
2020-12-23,Wales,3013.0,131102.0,143.0,23139.0,1720.0,102.0,15621.0,1890273.0,51.0,3200.0,101.0,34.0,3369.0,106.3,,
2020-12-24,Wales,2161.0,133263.0,146.0,23285.0,1712.0,102.0,17242.0,1907515.0,63.0,3263.0,102.9,45.0,3414.0,107.7,,
2020-12-25,Wales,0.0,133263.0,106.0,23391.0,1597.0,110.0,0.0,1907515.0,0.0,3263.0,102.9,33.0,3447.0,108.8,,
2020-12-26,Wales,2237.0,135500.0,73.0,23464.0,1716.0,110.0,36994.0,1944509.0,35.0,3298.0,104.1,43.0,3490.0,110.1,,
2020-12-27,Wales,4142.0,139642.0,97.0,23561.0,1782.0,119.0,15078.0,1959587.0,70.0,3368.0,106.3,29.0,3519.0,111.0,,
2020-12-28,Wales,2273.0,141915.0,125.0,23686.0,1843.0,127.0,11349.0,1970936.0,15.0,3383.0,106.7,49.0,3568.0,112.6,,
2020-12-29,Wales,2510.0,144425.0,136.0,23822.0,1892.0,122.0,10790.0,1981635.0,33.0,3416.0,107.8,41.0,3609.0,113.9,,
2020-12-30,Wales,2281.0,146706.0,164.0,23986.0,1901.0,119.0,11194.0,1992914.0,13.0,3429.0,108.2,50.0,3659.0,115.4,,
2020-12-31,Wales,1831.0,148537.0,141.0,24127.0,1880.0,126.0,14816.0,2007818.0,65.0,3494.0,110.2,51.0,3710.0,117.0,,
2021-01-01,Wales,0.0,148537.0,154.0,24281.0,1838.0,122.0,0.0,2007818.0,0.0,3494.0,110.2,58.0,3768.0,118.9,,
2021-01-02,Wales,2764.0,151300.0,85.0,24366.0,1937.0,136.0,35742.0,2043470.0,70.0,3564.0,112.4,34.0,3802.0,120.0,,
2021-01-03,Wales,4011.0,155311.0,86.0,24452.0,1937.0,136.0,12974.0,2056444.0,56.0,3620.0,114.2,53.0,3855.0,121.6,,
2021-01-04,Wales,1898.0,157209.0,86.0,24538.0,1966.0,138.0,12656.0,2069100.0,25.0,3645.0,115.0,37.0,3892.0,122.8,,
2021-01-05,Wales,2069.0,159278.0,146.0,24684.0,1964.0,140.0,12493.0,2081590.0,17.0,3662.0,115.5,39.0,3931.0,124.0,,
2021-01-06,Wales,2238.0,161516.0,144.0,24828.0,1914.0,139.0,12755.0,2094345.0,76.0,3738.0,117.9,48.0,3979.0,125.5,,
2021-01-07,Wales,1718.0,163234.0,159.0,24987.0,1940.0,143.0,18712.0,2113057.0,63.0,3801.0,119.9,41.0,4020.0,126.8,,
2021-01-08,Wales,2487.0,165721.0,142.0,25129.0,1936.0,146.0,19332.0,2132389.0,56.0,3857.0,121.7,45.0,4065.0,128.3,,
2021-01-09,Wales,2373.0,168094.0,140.0,25269.0,1975.0,143.0,18110.0,2150495.0,62.0,3919.0,123.6,34.0,4099.0,129.3,,
2021-01-10,Wales,1660.0,169754.0,95.0,25364.0,1983.0,144.0,16721.0,2167216.0,45.0,3964.0,125.1,40.0,4139.0,130.6,86039.0,79.0
2021-01-11,Wales,1793.0,171547.0,84.0,25448.0,1970.0,145.0,10980.0,2178196.0,17.0,3981.0,125.6,54.0,4193.0,132.3,91239.0,97.0
2021-01-12,Wales,1332.0,172879.0,147.0,25595.0,2009.0,150.0,11176.0,2189370.0,16.0,3997.0,126.1,48.0,4241.0,133.8,101371.0,108.0
2021-01-13,Wales,1533.0,174412.0,129.0,25724.0,1949.0,145.0,15511.0,2204880.0,66.0,4063.0,128.2,43.0,4284.0,135.2,112973.0,121.0
2021-01-14,Wales,1644.0,176056.0,122.0,25846.0,1881.0,135.0,18970.0,2223850.0,54.0,4117.0,129.9,54.0,4338.0,136.9,126375.0,129.0
2021-01-15,Wales,1808.0,177864.0,124.0,25970.0,1872.0,137.0,15396.0,2239245.0,54.0,4171.0,131.6,42.0,4380.0,138.2,126375.0,129.0
2021-01-16,Wales,1129.0,178989.0,110.0,26080.0,1860.0,139.0,15126.0,2254371.0,55.0,4226.0,133.3,40.0,4420.0,139.5,126375.0,129.0
2021-01-17,Wales,1172.0,180161.0,93.0,26173.0,1853.0,141.0,13652.0,2268020.0,48.0,4274.0,134.8,26.0,4446.0,140.3,151737.0,201.0
2021-01-18,Wales,1332.0,181493.0,102.0,26275.0,1931.0,149.0,10531.0,2278551.0,20.0,4294.0,135.5,43.0,4489.0,141.6,161932.0,265.0
2021-01-19,Wales,1106.0,182599.0,126.0,26401.0,1840.0,137.0,10259.0,2288810.0,8.0,4302.0,135.7,26.0,4515.0,142.4,175816.0,370.0
2021-01-20,Wales,1283.0,183882.0,110.0,26511.0,1867.0,137.0,13057.0,2301867.0,44.0,4346.0,137.1,38.0,4553.0,143.6,190435.0,396.0
2021-01-21,Wales,1153.0,185035.0,116.0,26627.0,1832.0,134.0,14968.0,2316792.0,46.0,4392.0,138.6,34.0,4587.0,144.7,212317.0,415.0
2021-01-22,Wales,801.0,185836.0,133.0,26760.0,1823.0,136.0,15780.0,2332572.0,67.0,4459.0,140.7,39.0,4626.0,145.9,240547.0,469.0
2021-01-23,Wales,1079.0,186915.0,135.0,26895.0,1784.0,130.0,13224.0,2345795.0,27.0,4486.0,141.5,33.0,4659.0,147.0,264538.0,516.0
2021-01-24,Wales,796.0,187711.0,110.0,27005.0,1816.0,130.0,12919.0,2358714.0,44.0,4530.0,142.9,34.0,4693.0,148.1,270833.0,543.0
2021-01-25,Wales,872.0,188583.0,75.0,27080.0,1832.0,137.0,7201.0,2365915.0,23.0,4553.0,143.6,27.0,4720.0,148.9,289566.0,581.0
2021-01-26,Wales,570.0,189152.0,120.0,27200.0,1809.0,130.0,6451.0,2372365.0,8.0,4561.0,143.9,37.0,4757.0,150.1,312305.0,639.0
2021-01-27,Wales,537.0,189689.0,112.0,27312.0,1745.0,134.0,12007.0,2384370.0,49.0,4610.0,145.4,22.0,4779.0,150.8,336071.0,674.0
2021-01-28,Wales,705.0,190394.0,132.0,27444.0,1722.0,134.0,13228.0,2397597.0,56.0,4666.0,147.2,29.0,4808.0,151.7,362253.0,717.0
2021-01-29,Wales,546.0,190940.0,97.0,27541.0,1686.0,128.0,15565.0,2413146.0,29.0,4695.0,148.1,42.0,4850.0,153.0,378200.0,750.0
2021-01-30,Wales,737.0,191677.0,103.0,27644.0,1643.0,122.0,11232.0,2424374.0,25.0,4720.0,148.9,22.0,4872.0,153.7,403463.0,786.0
2021-01-31,Wales,605.0,192282.0,77.0,27721.0,1678.0,122.0,12269.0,2436643.0,34.0,4754.0,150.0,22.0,4894.0,154.4,416306.0,841.0
2021-02-01,Wales,630.0,192912.0,80.0,27801.0,1638.0,113.0,6900.0,2443543.0,21.0,4775.0,150.7,29.0,4923.0,155.3,439640.0,1066.0
2021-02-02,Wales,614.0,193526.0,99.0,27900.0,1638.0,113.0,6667.0,2450210.0,7.0,4782.0,150.9,33.0,4956.0,156.4,462497.0,1160.0
2021-02-03,Wales,455.0,193981.0,108.0,28008.0,1598.0,109.0,11543.0,2461752.0,50.0,4832.0,152.4,27.0,4983.0,157.2,490570.0,1216.0
2021-02-04,Wales,544.0,194525.0,93.0,28101.0,1544.0,107.0,7996.0,2469747.0,35.0,4867.0,153.6,22.0,5005.0,157.9,523042.0,1635.0
2021-02-05,Wales,399.0,194924.0,93.0,28194.0,1507.0,104.0,19318.0,2489062.0,45.0,4912.0,155.0,23.0,5028.0,158.6,556997.0,2471.0
2021-02-06,Wales,675.0,195599.0,88.0,28282.0,1470.0,98.0,13207.0,2502269.0,49.0,4961.0,156.5,27.0,5055.0,159.5,589622.0,2606.0
2021-02-07,Wales,461.0,196060.0,57.0,28339.0,1424.0,90.0,11013.0,2513281.0,28.0,4989.0,157.4,18.0,5073.0,160.1,603976.0,2792.0
2021-02-08,Wales,610.0,196670.0,65.0,28404.0,1413.0,88.0,6446.0,2519727.0,12.0,5001.0,157.8,17.0,5090.0,160.6,628760.0,3491.0
2021-02-09,Wales,351.0,197021.0,87.0,28491.0,1392.0,84.0,5728.0,2525455.0,10.0,5011.0,158.1,18.0,5108.0,161.2,655419.0,3687.0
2021-02-10,Wales,323.0,197344.0,85.0,28576.0,1366.0,90.0,10711.0,2536165.0,21.0,5032.0,158.8,20.0,5128.0,161.8,684097.0,3795.0
2021-02-11,Wales,410.0,197754.0,106.0,28682.0,1371.0,94.0,14490.0,2550653.0,27.0,5059.0,159.6,16.0,5144.0,162.3,715944.0,4010.0
2021-02-12,Wales,608.0,198362.0,76.0,28758.0,1317.0,89.0,12932.0,2563585.0,25.0,5084.0,160.4,25.0,5169.0,163.1,749445.0,4224.0
2021-02-13,Wales,400.0,198761.0,99.0,28857.0,1302.0,88.0,11275.0,2574860.0,22.0,5106.0,161.1,19.0,5188.0,163.7,771651.0,4573.0
2021-02-14,Wales,394.0,199155.0,91.0,28948.0,1294.0,85.0,8660.0,2583520.0,15.0,5121.0,161.6,21.0,5209.0,164.3,784809.0,5402.0
2021-02-15,Wales,363.0,199518.0,63.0,29011.0,1312.0,77.0,5363.0,2588882.0,16.0,5137.0,162.1,18.0,5227.0,164.9,795927.0,7251.0
2021-02-16,Wales,275.0,199793.0,63.0,29074.0,1246.0,79.0,6610.0,2595492.0,8.0,5145.0,162.3,12.0,5239.0,165.3,807351.0,12988.0
2021-02-17,Wales,374.0,200166.0,86.0,29160.0,1199.0,77.0,9453.0,2604944.0,30.0,5175.0,163.3,13.0,5252.0,165.7,822633.0,19342.0
2021-02-18,Wales,290.0,200456.0,78.0,29238.0,1165.0,82.0,15667.0,2620610.0,14.0,5189.0,163.7,11.0,5263.0,166.0,839065.0,25433.0
2021-02-19,Wales,533.0,200989.0,90.0,29328.0,1171.0,79.0,12731.0,2633339.0,16.0,5205.0,164.2,18.0,5281.0,166.6,853904.0,32002.0
2021-02-20,Wales,363.0,201352.0,83.0,29411.0,1122.0,76.0,11070.0,2644409.0,16.0,5221.0,164.7,15.0,5296.0,167.1,860083.0,37773.0
2021-02-21,Wales,336.0,201688.0,65.0,29476.0,1137.0,68.0,9822.0,2654231.0,16.0,5237.0,165.2,15.0,5311.0,167.6,862248.0,42752.0
2021-02-22,Wales,319.0,202007.0,45.0,29521.0,1149.0,61.0,6300.0,2660531.0,9.0,5246.0,165.5,13.0,5324.0,168.0,869653.0,49729.0
2021-02-23,Wales,317.0,202324.0,53.0,29574.0,1116.0,61.0,5782.0,2666311.0,4.0,5250.0,165.6,14.0,5338.0,168.4,878506.0,59279.0
2021-02-24,Wales,236.0,202560.0,70.0,29644.0,1119.0,59.0,10887.0,2677198.0,13.0,5263.0,166.0,12.0,5350.0,168.8,889270.0,69851.0
2021-02-25,Wales,312.0,202872.0,69.0,29713.0,1057.0,60.0,13878.0,2691076.0,21.0,5284.0,166.7,14.0,5364.0,169.2,902334.0,80062.0
2021-02-26,Wales,308.0,203180.0,66.0,29779.0,1023.0,54.0,11909.0,2702985.0,16.0,5300.0,167.2,13.0,5377.0,169.6,916336.0,89053.0
2021-02-27,Wales,198.0,203378.0,55.0,29834.0,935.0,51.0,10226.0,2713211.0,16.0,5316.0,167.7,12.0,5389.0,170.0,923615.0,96408.0
2021-02-28,Wales,247.0,203625.0,47.0,29881.0,946.0,45.0,8600.0,2721811.0,24.0,5340.0,168.5,3.0,5392.0,170.1,925669.0,103819.0
2021-03-01,Wales,193.0,203818.0,30.0,29911.0,971.0,48.0,5119.0,2726929.0,3.0,5343.0,168.6,10.0,5402.0,170.4,933485.0,111716.0
2021-03-02,Wales,170.0,203988.0,73.0,29984.0,924.0,52.0,6748.0,2733673.0,1.0,5344.0,168.6,13.0,5415.0,170.8,942017.0,124781.0
2021-03-03,Wales,208.0,204196.0,52.0,30036.0,891.0,42.0,11728.0,2745397.0,12.0,5356.0,169.0,6.0,5421.0,171.0,951540.0,139445.0
2021-03-04,Wales,267.0,204463.0,50.0,30086.0,846.0,41.0,12362.0,2757758.0,13.0,5366.0,169.3,8.0,5429.0,171.3,967042.0,154819.0
2021-03-05,Wales,230.0,204692.0,61.0,30147.0,793.0,34.0,12049.0,2769807.0,12.0,5378.0,169.7,4.0,5433.0,171.4,983419.0,168163.0
2021-03-06,Wales,195.0,204886.0,61.0,30208.0,793.0,35.0,11013.0,2780820.0,7.0,5385.0,169.9,8.0,5441.0,171.7,995059.0,176054.0
2021-03-07,Wales,152.0,205038.0,39.0,30247.0,758.0,36.0,8866.0,2789685.0,18.0,5403.0,170.5,6.0,5447.0,171.9,998296.0,183739.0
2021-03-08,Wales,164.0,205202.0,26.0,30273.0,712.0,36.0,5590.0,2795275.0,0.0,5403.0,170.5,6.0,5453.0,172.0,1007391.0,192030.0
2021-03-09,Wales,166.0,205368.0,40.0,30313.0,700.0,34.0,7635.0,2802910.0,3.0,5406.0,170.6,4.0,5457.0,172.2,1019210.0,206394.0
2021-03-10,Wales,225.0,205593.0,30.0,30343.0,658.0,31.0,12311.0,2815160.0,6.0,5412.0,170.7,7.0,5464.0,172.4,1034141.0,221902.0
2021-03-11,Wales,195.0,205788.0,48.0,30391.0,634.0,32.0,14029.0,2829189.0,12.0,5424.0,171.1,3.0,5467.0,172.5,1056787.0,237357.0
2021-03-12,Wales,190.0,205978.0,39.0,30430.0,611.0,31.0,12289.0,2841478.0,12.0,5436.0,171.5,4.0,5471.0,172.6,1084329.0,250026.0
2021-03-13,Wales,210.0,206188.0,36.0,30466.0,614.0,31.0,11099.0,2852577.0,6.0,5442.0,171.7,4.0,5475.0,172.7,1113498.0,257398.0
2021-03-14,Wales,217.0,206405.0,40.0,30506.0,599.0,28.0,10140.0,2862717.0,10.0,5452.0,172.0,8.0,5483.0,173.0,1122931.0,264255.0
2021-03-15,Wales,248.0,206653.0,23.0,30529.0,576.0,30.0,5347.0,2868063.0,2.0,5454.0,172.1,4.0,5487.0,173.1,1139866.0,272983.0
2021-03-16,Wales,142.0,206795.0,39.0,30568.0,540.0,30.0,6915.0,2874978.0,1.0,5455.0,172.1,3.0,5490.0,173.2,1157251.0,289185.0
2021-03-17,Wales,145.0,206940.0,55.0,30623.0,557.0,28.0,15379.0,2890357.0,8.0,5463.0,172.4,5.0,5495.0,173.4,1180155.0,304411.0
2021-03-18,Wales,297.0,207237.0,59.0,30682.0,459.0,30.0,14639.0,2904995.0,4.0,5467.0,172.5,2.0,5497.0,173.4,1204101.0,318976.0
2021-03-19,Wales,201.0,207438.0,57.0,30739.0,445.0,32.0,12920.0,2917912.0,9.0,5476.0,172.8,7.0,5504.0,173.7,1231830.0,329530.0
2021-03-20,Wales,208.0,207646.0,51.0,30790.0,415.0,30.0,12157.0,2930068.0,6.0,5482.0,173.0,0.0,5504.0,173.7,1258769.0,338959.0
2021-03-21,Wales,196.0,207842.0,43.0,30833.0,415.0,32.0,9993.0,2940061.0,6.0,5488.0,173.1,3.0,5507.0,173.7,1273186.0,346058.0
2021-03-22,Wales,150.0,207992.0,30.0,30863.0,394.0,27.0,5211.0,2945272.0,0.0,5488.0,173.1,3.0,5510.0,173.8,1288250.0,353347.0
2021-03-23,Wales,127.0,208119.0,37.0,30900.0,382.0,25.0,8700.0,2953972.0,0.0,5488.0,173.1,1.0,5511.0,173.9,1302974.0,366803.0
2021-03-24,Wales,159.0,208277.0,35.0,30935.0,373.0,26.0,15351.0,2969323.0,3.0,5491.0,173.2,2.0,5513.0,173.9,1320188.0,378795.0
2021-03-25,Wales,227.0,208504.0,19.0,30954.0,344.0,22.0,14876.0,2984199.0,4.0,5495.0,173.4,1.0,5514.0,174.0,1341620.0,389663.0
2021-03-26,Wales,190.0,208694.0,18.0,30972.0,322.0,20.0,13970.0,2998168.0,3.0,5498.0,173.5,1.0,5515.0,174.0,1365355.0,400743.0
2021-03-27,Wales,201.0,208895.0,29.0,31001.0,320.0,21.0,13013.0,3011181.0,7.0,5505.0,173.7,1.0,5516.0,174.0,1387583.0,412663.0
2021-03-28,Wales,171.0,209066.0,19.0,31020.0,322.0,17.0,9744.0,3020925.0,0.0,5505.0,173.7,1.0,5517.0,174.1,1400750.0,416862.0
2021-03-29,Wales,125.0,209191.0,11.0,31031.0,320.0,17.0,6506.0,3027431.0,1.0,5506.0,173.7,2.0,5519.0,174.1,1413710.0,424016.0
2021-03-30,Wales,94.0,209285.0,17.0,31048.0,306.0,15.0,4589.0,3032020.0,0.0,5506.0,173.7,0.0,5519.0,174.1,1427183.0,437937.0
2021-03-31,Wales,60.0,209345.0,17.0,31065.0,290.0,16.0,14550.0,3046569.0,1.0,5507.0,173.7,0.0,5519.0,174.1,1443885.0,449538.0
2021-04-01,Wales,188.0,209532.0,21.0,31086.0,281.0,17.0,11410.0,3057979.0,2.0,5509.0,173.8,2.0,5521.0,174.2,1460880.0,459777.0
2021-04-02,Wales,0.0,209532.0,25.0,31111.0,257.0,17.0,0.0,3057979.0,0.0,5509.0,173.8,5.0,5526.0,174.3,1472643.0,463445.0
2021-04-03,Wales,95.0,209627.0,22.0,31133.0,243.0,17.0,24051.0,3082029.0,2.0,5511.0,173.9,1.0,5527.0,174.4,1483201.0,466118.0
2021-04-04,Wales,0.0,209627.0,21.0,31154.0,242.0,19.0,0.0,3082029.0,0.0,5511.0,173.9,0.0,5527.0,174.4,1490372.0,467683.0
2021-04-05,Wales,189.0,209816.0,17.0,31171.0,257.0,17.0,10539.0,3092568.0,8.0,5519.0,174.1,1.0,5528.0,174.4,1493192.0,469251.0
2021-04-06,Wales,126.0,209942.0,17.0,31188.0,243.0,16.0,5081.0,3097649.0,2.0,5521.0,174.2,2.0,5530.0,174.5,1502641.0,475570.0
2021-04-07,Wales,82.0,210023.0,18.0,31206.0,225.0,16.0,8150.0,3105799.0,0.0,5521.0,174.2,0.0,5530.0,174.5,1519760.0,484739.0
2021-04-08,Wales,82.0,210105.0,16.0,31222.0,207.0,14.0,14030.0,3119829.0,6.0,5527.0,174.4,1.0,5531.0,174.5,1537122.0,498318.0
2021-04-09,Wales,114.0,210219.0,16.0,31238.0,209.0,15.0,16891.0,3136720.0,1.0,5528.0,174.4,2.0,5533.0,174.6,1556316.0,509478.0
2021-04-10,Wales,130.0,210344.0,13.0,31251.0,202.0,16.0,7614.0,3144334.0,0.0,5528.0,174.4,2.0,5535.0,174.6,1572752.0,525177.0
2021-04-11,Wales,53.0,210397.0,14.0,31265.0,208.0,16.0,8234.0,3152568.0,3.0,5531.0,174.5,0.0,5535.0,174.6,1587851.0,528199.0
2021-04-12,Wales,50.0,210447.0,17.0,31282.0,142.0,13.0,5684.0,3158250.0,0.0,5531.0,174.5,2.0,5537.0,174.7,1602939.0,537195.0
2021-04-13,Wales,69.0,210515.0,11.0,31293.0,133.0,12.0,6216.0,3164465.0,2.0,5533.0,174.6,0.0,5537.0,174.7,1621282.0,549193.0
2021-04-14,Wales,62.0,210577.0,20.0,31313.0,124.0,11.0,13035.0,3177499.0,0.0,5533.0,174.6,3.0,5540.0,174.8,1640045.0,559888.0
2021-04-15,Wales,105.0,210681.0,16.0,31329.0,117.0,13.0,10828.0,3188307.0,2.0,5535.0,174.6,1.0,5541.0,174.8,1657028.0,574590.0
2021-04-16,Wales,48.0,210729.0,21.0,31350.0,106.0,11.0,12585.0,3200892.0,0.0,5535.0,174.6,0.0,5541.0,174.8,1673279.0,588833.0
2021-04-17,Wales,0.0,210729.0,10.0,31360.0,115.0,10.0,0.0,3200892.0,0.0,5535.0,174.6,2.0,5543.0,174.9,1685298.0,601458.0
2021-04-18,Wales,94.0,210823.0,15.0,31375.0,109.0,9.0,18774.0,3219666.0,3.0,5538.0,174.7,2.0,5545.0,174.9,1692463.0,602807.0
2021-04-19,Wales,102.0,210925.0,20.0,31395.0,97.0,8.0,5472.0,3225138.0,2.0,5540.0,174.8,0.0,5545.0,174.9,1699092.0,610882.0
2021-04-20,Wales,53.0,210978.0,22.0,31417.0,101.0,8.0,6315.0,3231453.0,2.0,5542.0,174.8,1.0,5546.0,175.0,1712372.0,622513.0
2021-04-21,Wales,64.0,211042.0,23.0,31440.0,101.0,7.0,11954.0,3243407.0,0.0,5542.0,174.8,1.0,5547.0,175.0,1727455.0,635655.0
2021-04-22,Wales,63.0,211104.0,13.0,31453.0,101.0,7.0,13126.0,3256533.0,1.0,5543.0,174.9,0.0,5547.0,175.0,1742273.0,653537.0
2021-04-23,Wales,58.0,211162.0,10.0,31463.0,103.0,7.0,11548.0,3268081.0,0.0,5543.0,174.9,2.0,5549.0,175.1,1758106.0,670413.0
2021-04-24,Wales,0.0,211162.0,15.0,31478.0,103.0,5.0,0.0,3268081.0,0.0,5543.0,174.9,0.0,5549.0,175.1,1768585.0,687049.0
2021-04-25,Wales,62.0,211224.0,17.0,31495.0,81.0,5.0,18887.0,3286968.0,3.0,5546.0,175.0,1.0,5550.0,175.1,1777375.0,689534.0
2021-04-26,Wales,97.0,211321.0,10.0,31505.0,86.0,4.0,5217.0,3292161.0,2.0,5548.0,175.0,1.0,5551.0,175.1,1785347.0,701099.0
2021-04-27,Wales,33.0,211354.0,19.0,31524.0,102.0,4.0,5514.0,3297673.0,0.0,5548.0,175.0,0.0,5551.0,175.1,1800428.0,715425.0
2021-04-28,Wales,35.0,211389.0,12.0,31536.0,83.0,5.0,12829.0,3310501.0,0.0,5548.0,175.0,0.0,5551.0,175.1,1816451.0,732643.0
2021-04-29,Wales,69.0,211458.0,9.0,31545.0,86.0,2.0,13362.0,3323860.0,2.0,5550.0,175.1,1.0,5552.0,175.2,1830964.0,748700.0
2021-04-30,Wales,36.0,211494.0,12.0,31557.0,62.0,2.0,13435.0,3337294.0,0.0,5550.0,175.1,0.0,5552.0,175.2,1846896.0,765029.0
2021-05-01,Wales,0.0,211494.0,20.0,31577.0,73.0,5.0,0.0,3337294.0,0.0,5550.0,175.1,0.0,5552.0,175.2,1854687.0,769719.0
2021-05-02,Wales,79.0,211573.0,21.0,31598.0,60.0,6.0,16810.0,3354103.0,0.0,5550.0,175.1,1.0,5553.0,175.2,1861391.0,771278.0
2021-05-03,Wales,0.0,211573.0,13.0,31611.0,62.0,3.0,0.0,3354103.0,0.0,5550.0,175.1,0.0,5553.0,175.2,1864400.0,772527.0
2021-05-04,Wales,65.0,211638.0,14.0,31625.0,66.0,3.0,9202.0,3363305.0,1.0,5551.0,175.1,1.0,5554.0,175.2,1873152.0,783120.0
2021-05-05,Wales,54.0,211692.0,12.0,31637.0,63.0,3.0,8997.0,3372302.0,0.0,5551.0,175.1,0.0,5554.0,175.2,1884372.0,798925.0
2021-05-06,Wales,34.0,211726.0,15.0,31652.0,56.0,3.0,12638.0,3384940.0,1.0,5552.0,175.2,2.0,5556.0,175.3,1895998.0,815043.0
2021-05-07,Wales,47.0,211773.0,13.0,31665.0,54.0,3.0,14669.0,3399609.0,0.0,5552.0,175.2,2.0,5558.0,175.4,1909659.0,831149.0
2021-05-08,Wales,0.0,211773.0,15.0,31680.0,62.0,3.0,0.0,3399609.0,0.0,5552.0,175.2,0.0,5558.0,175.4,1922881.0,842047.0
2021-05-09,Wales,54.0,211827.0,11.0,31691.0,53.0,3.0,20799.0,3420408.0,0.0,5552.0,175.2,1.0,5559.0,175.4,1935003.0,846180.0
2021-05-10,Wales,104.0,211931.0,19.0,31710.0,49.0,4.0,5738.0,3426146.0,4.0,5556.0,175.3,0.0,5559.0,175.4,1948683.0,854441.0
2021-05-11,Wales,30.0,211961.0,13.0,31723.0,57.0,3.0,5390.0,3431536.0,1.0,5557.0,175.3,0.0,5559.0,175.4,1961670.0,863469.0
2021-05-12,Wales,22.0,211983.0,13.0,31736.0,42.0,3.0,14456.0,3445992.0,0.0,5557.0,175.3,0.0,5559.0,175.4,1975820.0,877756.0
2021-05-13,Wales,59.0,212041.0,18.0,31754.0,44.0,3.0,12555.0,3458542.0,1.0,5558.0,175.4,0.0,5559.0,175.4,1990783.0,891569.0
2021-05-14,Wales,54.0,212095.0,9.0,31763.0,48.0,3.0,11205.0,3469747.0,0.0,5558.0,175.4,3.0,5562.0,175.5,2005939.0,905860.0
2021-05-15,Wales,0.0,212095.0,14.0,31777.0,42.0,1.0,0.0,3469747.0,0.0,5558.0,175.4,0.0,5562.0,175.5,2019160.0,915674.0
2021-05-16,Wales,54.0,212149.0,9.0,31786.0,38.0,2.0,19342.0,3489089.0,1.0,5559.0,175.4,0.0,5562.0,175.5,2027803.0,917431.0
2021-05-17,Wales,91.0,212240.0,12.0,31798.0,35.0,3.0,4654.0,3493743.0,1.0,5560.0,175.4,1.0,5563.0,175.5,2035905.0,927215.0
2021-05-18,Wales,32.0,212272.0,14.0,31812.0,38.0,3.0,6776.0,3500518.0,0.0,5560.0,175.4,2.0,5565.0,175.6,2046011.0,939072.0
2021-05-19,Wales,44.0,212316.0,13.0,31825.0,41.0,3.0,11612.0,3512119.0,0.0,5560.0,175.4,2.0,5567.0,175.6,2058106.0,952468.0
2021-05-20,Wales,45.0,212361.0,15.0,31840.0,42.0,1.0,11784.0,3523903.0,1.0,5561.0,175.4,0.0,5567.0,175.6,2069689.0,969682.0
2021-05-21,Wales,28.0,212388.0,12.0,31852.0,39.0,1.0,12413.0,3536315.0,3.0,5564.0,175.5,0.0,5567.0,175.6,2081036.0,984651.0
2021-05-22,Wales,0.0,212388.0,21.0,31873.0,31.0,2.0,0.0,3536315.0,0.0,5564.0,175.5,0.0,5567.0,175.6,2091824.0,1000706.0
2021-05-23,Wales,46.0,212434.0,22.0,31895.0,32.0,2.0,18915.0,3555229.0,2.0,5566.0,175.6,0.0,5567.0,175.6,2099263.0,1003682.0
2021-05-24,Wales,101.0,212535.0,18.0,31913.0,34.0,2.0,5080.0,3560309.0,0.0,5566.0,175.6,1.0,5568.0,175.7,2105319.0,1019230.0
2021-05-25,Wales,19.0,212554.0,24.0,31937.0,26.0,4.0,5985.0,3566293.0,0.0,5566.0,175.6,1.0,5569.0,175.7,2112647.0,1037749.0
2021-05-26,Wales,28.0,212582.0,22.0,31959.0,20.0,3.0,11726.0,3578018.0,1.0,5567.0,175.6,0.0,5569.0,175.7,2120049.0,1058464.0
2021-05-27,Wales,58.0,212640.0,27.0,31986.0,17.0,5.0,13321.0,3591339.0,2.0,5569.0,175.7,0.0,5569.0,175.7,2128063.0,1081162.0
2021-05-28,Wales,32.0,212672.0,18.0,32004.0,21.0,2.0,11421.0,3602759.0,0.0,5569.0,175.7,0.0,5569.0,175.7,2135359.0,1102749.0
2021-05-29,Wales,0.0,212672.0,7.0,32011.0,20.0,2.0,0.0,3602759.0,0.0,5569.0,175.7,0.0,5569.0,175.7,2141427.0,1111929.0
2021-05-30,Wales,30.0,212702.0,12.0,32023.0,20.0,2.0,17885.0,3620644.0,0.0,5569.0,175.7,0.0,5569.0,175.7,2146071.0,1113969.0
2021-05-31,Wales,0.0,212702.0,6.0,32029.0,20.0,4.0,0.0,3620644.0,0.0,5569.0,175.7,0.0,5569.0,175.7,2147274.0,1118396.0
2021-06-01,Wales,94.0,212796.0,7.0,32036.0,20.0,3.0,8601.0,3629245.0,0.0,5569.0,175.7,0.0,5569.0,175.7,2152709.0,1138112.0
2021-06-02,Wales,83.0,212879.0,6.0,32042.0,22.0,3.0,8166.0,3637410.0,0.0,5569.0,175.7,0.0,5569.0,175.7,2161028.0,1157904.0
2021-06-03,Wales,49.0,212928.0,2.0,32044.0,24.0,2.0,13159.0,3650566.0,0.0,5569.0,175.7,0.0,5569.0,175.7,2169624.0,1181259.0
2021-06-04,Wales,71.0,212999.0,5.0,32049.0,22.0,3.0,13378.0,3663943.0,0.0,5569.0,175.7,0.0,5569.0,175.7,2175013.0,1208599.0
2021-06-05,Wales,0.0,212999.0,9.0,32058.0,22.0,3.0,0.0,3663943.0,0.0,5569.0,175.7,1.0,5570.0,175.7,2179830.0,1237123.0
2021-06-06,Wales,92.0,213091.0,5.0,32063.0,22.0,4.0,14888.0,3678831.0,0.0,5569.0,175.7,0.0,5570.0,175.7,2183455.0,1249268.0
2021-06-07,Wales,75.0,213166.0,12.0,32075.0,27.0,3.0,3140.0,3681971.0,1.0,5570.0,175.7,0.0,5570.0,175.7,2185427.0,1270606.0
2021-06-08,Wales,22.0,213188.0,17.0,32092.0,30.0,2.0,15516.0,3697486.0,0.0,5570.0,175.7,0.0,5570.0,175.7,2190460.0,1291699.0
2021-06-09,Wales,223.0,213411.0,5.0,32097.0,39.0,3.0,11755.0,3709241.0,0.0,5570.0,175.7,1.0,5571.0,175.8,2195485.0,1314368.0
2021-06-10,Wales,113.0,213524.0,6.0,32103.0,41.0,4.0,13427.0,3722668.0,1.0,5571.0,175.8,0.0,5571.0,175.8,2201665.0,1336479.0
2021-06-11,Wales,118.0,213642.0,8.0,32111.0,37.0,2.0,11911.0,3734578.0,0.0,5571.0,175.8,0.0,5571.0,175.8,2207350.0,1358158.0
2021-06-12,Wales,0.0,213642.0,8.0,32119.0,40.0,3.0,0.0,3734578.0,0.0,5571.0,175.8,0.0,5571.0,175.8,2213050.0,1378010.0
2021-06-13,Wales,115.0,213757.0,10.0,32129.0,44.0,1.0,19207.0,3753785.0,1.0,5572.0,175.8,0.0,5571.0,175.8,2216031.0,1384673.0
2021-06-14,Wales,247.0,214004.0,3.0,32132.0,41.0,1.0,6086.0,3759871.0,0.0,5572.0,175.8,0.0,5571.0,175.8,2218103.0,1410924.0
2021-06-15,Wales,98.0,214102.0,8.0,32140.0,44.0,2.0,6940.0,3766811.0,0.0,5572.0,175.8,0.0,5571.0,175.8,2222281.0,1432201.0
2021-06-16,Wales,141.0,214243.0,11.0,32151.0,45.0,1.0,11804.0,3778615.0,0.0,5572.0,175.8,0.0,5571.0,175.8,2225499.0,1454064.0
2021-06-17,Wales,140.0,214382.0,13.0,32164.0,38.0,1.0,12782.0,3791396.0,0.0,5572.0,175.8,0.0,5571.0,175.8,2228532.0,1473927.0
2021-06-18,Wales,163.0,214545.0,8.0,32172.0,44.0,1.0,13600.0,3804995.0,0.0,5572.0,175.8,0.0,5571.0,175.8,2233036.0,1490746.0
2021-06-19,Wales,0.0,214545.0,8.0,32180.0,40.0,2.0,0.0,3804995.0,0.0,5572.0,175.8,2.0,5573.0,175.8,2236091.0,1509144.0
2021-06-20,Wales,176.0,214721.0,5.0,32185.0,45.0,1.0,24705.0,3829700.0,0.0,5572.0,175.8,0.0,5573.0,175.8,2237710.0,1517604.0
2021-06-21,Wales,484.0,215205.0,10.0,32195.0,46.0,1.0,8164.0,3837864.0,0.0,5572.0,175.8,1.0,5574.0,175.9,2239271.0,1534373.0
2021-06-22,Wales,175.0,215380.0,6.0,32201.0,44.0,3.0,9646.0,3847509.0,0.0,5572.0,175.8,0.0,5574.0,175.9,2242482.0,1553091.0
2021-06-23,Wales,213.0,215593.0,5.0,32206.0,42.0,1.0,15327.0,3862836.0,1.0,5573.0,175.8,1.0,5575.0,175.9,2245884.0,1571710.0
2021-06-24,Wales,438.0,216030.0,8.0,32214.0,38.0,2.0,16667.0,3879500.0,0.0,5573.0,175.8,0.0,5575.0,175.9,2248012.0,1591322.0
2021-06-25,Wales,336.0,216366.0,4.0,32218.0,38.0,3.0,16386.0,3895886.0,1.0,5574.0,175.9,0.0,5575.0,175.9,2250126.0,1607785.0
2021-06-26,Wales,0.0,216366.0,8.0,32226.0,40.0,2.0,0.0,3895886.0,0.0,5574.0,175.9,0.0,5575.0,175.9,2252270.0,1618476.0
2021-06-27,Wales,416.0,216782.0,3.0,32229.0,42.0,2.0,24561.0,3920447.0,1.0,5575.0,175.9,0.0,5575.0,175.9,2253214.0,1627242.0
2021-06-28,Wales,670.0,217452.0,1.0,32230.0,36.0,3.0,8571.0,3929018.0,0.0,5575.0,175.9,0.0,5575.0,175.9,2255039.0,1642788.0
2021-06-29,Wales,281.0,217732.0,6.0,32236.0,41.0,2.0,11647.0,3940665.0,0.0,5575.0,175.9,1.0,5576.0,175.9,2257737.0,1659754.0
2021-06-30,Wales,513.0,218245.0,7.0,32243.0,39.0,2.0,13710.0,3954375.0,0.0,5575.0,175.9,0.0,5576.0,175.9,2259622.0,1677738.0
2021-07-01,Wales,481.0,218726.0,8.0,32251.0,44.0,3.0,18629.0,3973004.0,0.0,5575.0,175.9,0.0,5576.0,175.9,2261056.0,1695819.0
2021-07-02,Wales,570.0,219296.0,5.0,32256.0,50.0,4.0,15908.0,3988912.0,0.0,5575.0,175.9,1.0,5577.0,176.0,2262284.0,1712534.0
2021-07-03,Wales,0.0,219296.0,9.0,32265.0,46.0,5.0,0.0,3988912.0,0.0,5575.0,175.9,1.0,5578.0,176.0,2263775.0,1723824.0
2021-07-04,Wales,535.0,219831.0,3.0,32268.0,43.0,5.0,32645.0,4021557.0,0.0,5575.0,175.9,0.0,5578.0,176.0,2264974.0,1730632.0
2021-07-05,Wales,1256.0,221087.0,6.0,32274.0,60.0,8.0,11054.0,4032609.0,2.0,5577.0,176.0,0.0,5578.0,176.0,2266056.0,1746136.0
2021-07-06,Wales,698.0,221785.0,7.0,32281.0,58.0,6.0,11952.0,4044560.0,1.0,5578.0,176.0,0.0,5578.0,176.0,2267640.0,1764640.0
2021-07-07,Wales,663.0,222448.0,7.0,32288.0,57.0,5.0,18092.0,4062651.0,0.0,5578.0,176.0,1.0,5579.0,176.0,2269131.0,1783079.0
2021-07-08,Wales,701.0,223149.0,5.0,32293.0,61.0,3.0,18070.0,4080721.0,0.0,5578.0,176.0,0.0,5579.0,176.0,2270517.0,1798260.0
2021-07-09,Wales,655.0,223804.0,17.0,32310.0,65.0,5.0,13380.0,4094100.0,1.0,5579.0,176.0,1.0,5580.0,176.0,2271925.0,1810196.0
2021-07-10,Wales,0.0,223804.0,8.0,32318.0,66.0,7.0,0.0,4094100.0,0.0,5579.0,176.0,1.0,5581.0,176.1,2273561.0,1825167.0
2021-07-11,Wales,698.0,224501.0,5.0,32323.0,62.0,5.0,23548.0,4117645.0,0.0,5579.0,176.0,1.0,5582.0,176.1,2274421.0,1832550.0
2021-07-12,Wales,1190.0,225691.0,3.0,32326.0,67.0,8.0,12565.0,4130210.0,0.0,5579.0,176.0,0.0,5582.0,176.1,2275764.0,1846043.0
2021-07-13,Wales,737.0,226428.0,9.0,32335.0,67.0,10.0,19186.0,4149396.0,1.0,5580.0,176.0,2.0,5584.0,176.2,2277055.0,1861700.0
2021-07-14,Wales,1135.0,227563.0,11.0,32346.0,81.0,9.0,15736.0,4165132.0,1.0,5581.0,176.1,2.0,5586.0,176.2,2278204.0,1876709.0
2021-07-15,Wales,861.0,228424.0,8.0,32354.0,88.0,10.0,18404.0,4183536.0,0.0,5581.0,176.1,1.0,5587.0,176.3,2279139.0,1892082.0
2021-07-16,Wales,1083.0,229507.0,19.0,32373.0,85.0,12.0,0.0,4183536.0,2.0,5583.0,176.1,3.0,5590.0,176.4,2280674.0,1905420.0
2021-07-17,Wales,0.0,229507.0,17.0,32390.0,92.0,17.0,18064.0,4201600.0,0.0,5583.0,176.1,1.0,5591.0,176.4,2281644.0,1918345.0
2021-07-18,Wales,1112.0,230619.0,9.0,32399.0,89.0,21.0,31299.0,4232899.0,3.0,5586.0,176.2,1.0,5592.0,176.4,2282410.0,1925084.0
2021-07-19,Wales,2053.0,232672.0,14.0,32413.0,100.0,20.0,8578.0,4241477.0,3.0,5589.0,176.3,2.0,5594.0,176.5,2282992.0,1933664.0
2021-07-20,Wales,555.0,233227.0,27.0,32440.0,103.0,25.0,12241.0,4253718.0,0.0,5589.0,176.3,2.0,5596.0,176.6,2284065.0,1946526.0
2021-07-21,Wales,941.0,234168.0,31.0,32471.0,107.0,26.0,13002.0,4266719.0,1.0,5590.0,176.4,1.0,5597.0,176.6,2285118.0,1959641.0
2021-07-22,Wales,712.0,234880.0,21.0,32492.0,120.0,24.0,13579.0,4280298.0,4.0,5594.0,176.5,1.0,5598.0,176.6,2286154.0,1973196.0
2021-07-23,Wales,755.0,235635.0,25.0,32517.0,129.0,25.0,0.0,4280298.0,1.0,5595.0,176.5,2.0,5600.0,176.7,2287011.0,1985047.0
2021-07-24,Wales,0.0,235635.0,23.0,32540.0,133.0,25.0,22559.0,4302857.0,0.0,5595.0,176.5,3.0,5603.0,176.8,2288219.0,1993816.0
2021-07-25,Wales,1238.0,236873.0,14.0,32554.0,128.0,26.0,21454.0,4324311.0,0.0,5595.0,176.5,2.0,5605.0,176.8,2289142.0,2002162.0
2021-07-26,Wales,1130.0,238003.0,10.0,32564.0,145.0,27.0,9539.0,4333850.0,2.0,5597.0,176.6,2.0,5607.0,176.9,2290213.0,2013128.0
2021-07-27,Wales,704.0,238707.0,12.0,32576.0,142.0,26.0,9731.0,4343581.0,0.0,5597.0,176.6,3.0,5610.0,177.0,2291418.0,2023733.0
2021-07-28,Wales,588.0,239295.0,26.0,32602.0,144.0,19.0,14747.0,4358325.0,6.0,5603.0,176.8,4.0,5614.0,177.1,2292572.0,2036670.0
2021-07-29,Wales,724.0,240019.0,12.0,32614.0,138.0,19.0,17850.0,4376175.0,3.0,5606.0,176.9,1.0,5615.0,177.2,2293927.0,2047616.0
2021-07-30,Wales,824.0,240843.0,10.0,32624.0,140.0,19.0,14791.0,4390966.0,4.0,5610.0,177.0,0.0,5615.0,177.2,2294916.0,2054596.0
2021-07-31,Wales,0.0,240843.0,14.0,32638.0,144.0,19.0,0.0,4390966.0,0.0,5610.0,177.0,2.0,5617.0,177.2,2295923.0,2062402.0
2021-08-01,Wales,719.0,241562.0,21.0,32659.0,147.0,22.0,24220.0,4415185.0,5.0,5615.0,177.2,3.0,5620.0,177.3,2296517.0,2066442.0
2021-08-02,Wales,1106.0,242668.0,13.0,32672.0,159.0,21.0,7958.0,4423143.0,1.0,5616.0,177.2,3.0,5623.0,177.4,2297398.0,2073996.0
2021-08-03,Wales,581.0,243249.0,9.0,32681.0,148.0,20.0,8327.0,4431470.0,0.0,5616.0,177.2,4.0,5627.0,177.5,2298387.0,2083343.0
2021-08-04,Wales,608.0,243857.0,12.0,32693.0,133.0,22.0,14079.0,4445549.0,4.0,5620.0,177.3,0.0,5627.0,177.5,2299204.0,2092103.0
2021-08-05,Wales,681.0,244538.0,7.0,32700.0,130.0,19.0,15767.0,4461316.0,3.0,5623.0,177.4,1.0,5628.0,177.6,2300137.0,2099624.0
2021-08-06,Wales,803.0,245341.0,17.0,32717.0,133.0,23.0,14602.0,4475916.0,0.0,5623.0,177.4,2.0,5630.0,177.6,2301448.0,2105153.0
2021-08-07,Wales,0.0,245341.0,18.0,32735.0,130.0,20.0,0.0,4475916.0,0.0,5623.0,177.4,1.0,5631.0,177.7,2302997.0,2111288.0
2021-08-08,Wales,864.0,246205.0,15.0,32750.0,138.0,22.0,25491.0,4501406.0,3.0,5626.0,177.5,0.0,5631.0,177.7,2304271.0,2115477.0
2021-08-09,Wales,1364.0,247569.0,12.0,32762.0,144.0,21.0,7181.0,4508587.0,3.0,5629.0,177.6,2.0,5633.0,177.7,2305562.0,2118707.0
2021-08-10,Wales,543.0,248112.0,12.0,32774.0,143.0,20.0,10026.0,4518613.0,1.0,5630.0,177.6,4.0,5637.0,177.8,2307504.0,2123159.0
2021-08-11,Wales,0.0,248112.0,14.0,32788.0,139.0,21.0,15907.0,4534520.0,0.0,5630.0,177.6,0.0,5637.0,177.8,2309415.0,2127921.0
2021-08-12,Wales,1846.0,249958.0,13.0,32801.0,131.0,25.0,15468.0,4549988.0,2.0,5632.0,177.7,5.0,5642.0,178.0,2310898.0,2132116.0
2021-08-13,Wales,1090.0,251048.0,18.0,32819.0,133.0,26.0,16193.0,4566181.0,2.0,5634.0,177.8,1.0,5643.0,178.0,2312341.0,2136749.0
2021-08-14,Wales,0.0,251048.0,13.0,32832.0,133.0,28.0,0.0,4566181.0,0.0,5634.0,177.8,4.0,5647.0,178.2,2313528.0,2141039.0
2021-08-15,Wales,1099.0,252147.0,17.0,32849.0,140.0,26.0,26399.0,4592580.0,4.0,5638.0,177.9,5.0,5652.0,178.3,2314713.0,2144119.0
2021-08-16,Wales,2394.0,254541.0,9.0,32858.0,144.0,29.0,7780.0,4600360.0,3.0,5641.0,178.0,0.0,5652.0,178.3,2316668.0,2146391.0
2021-08-17,Wales,761.0,255302.0,22.0,32880.0,152.0,27.0,11148.0,4611508.0,0.0,5641.0,178.0,1.0,5653.0,178.4,2320165.0,2150141.0
2021-08-18,Wales,1373.0,256675.0,17.0,32897.0,162.0,26.0,15303.0,4626811.0,4.0,5645.0,178.1,2.0,5655.0,178.4,2323425.0,2153517.0
2021-08-19,Wales,1480.0,258155.0,21.0,32918.0,182.0,29.0,19341.0,4646151.0,2.0,5647.0,178.2,2.0,5657.0,178.5,2327180.0,2156653.0
2021-08-20,Wales,1728.0,259883.0,26.0,32944.0,192.0,31.0,17121.0,4663272.0,4.0,5651.0,178.3,4.0,5661.0,178.6,2330776.0,2159597.0
2021-08-21,Wales,0.0,259883.0,28.0,32972.0,184.0,31.0,12342.0,4663272.0,0.0,5651.0,178.3,0.0,5661.0,178.6,2334512.0,2162418.0
2021-08-22,Wales,1626.0,261509.0,12.0,32984.0,196.0,33.0,29681.0,4692953.0,5.0,5656.0,178.4,1.0,5662.0,178.6,2335573.0,2165119.0
2021-08-23,Wales,3247.0,264756.0,19.0,33003.0,205.0,28.0,10347.0,4703300.0,2.0,5658.0,178.5,3.0,5665.0,178.7,2339253.0,2166569.0
2021-08-24,Wales,1393.0,266149.0,28.0,33031.0,216.0,31.0,12341.0,4715640.0,0.0,5658.0,178.5,1.0,5666.0,178.8,2343371.0,2169358.0
2021-08-25,Wales,1705.0,267854.0,37.0,33068.0,217.0,33.0,17798.0,4733438.0,4.0,5662.0,178.6,5.0,5671.0,178.9,2347000.0,2171499.0
2021-08-26,Wales,2389.0,270243.0,25.0,33093.0,240.0,37.0,20301.0,4753739.0,1.0,5663.0,178.7,1.0,5672.0,179.0,2349268.0,2174937.0
2021-08-27,Wales,1791.0,272034.0,37.0,33130.0,242.0,40.0,21715.0,4775454.0,5.0,5668.0,178.8,6.0,5678.0,179.1,2351045.0,2178145.0
2021-08-28,Wales,0.0,272034.0,37.0,33167.0,255.0,40.0,0.0,4775454.0,0.0,5668.0,178.8,3.0,5681.0,179.2,2351928.0,2179653.0
2021-08-29,Wales,2357.0,274390.0,22.0,33189.0,264.0,38.0,30751.0,4806205.0,3.0,5671.0,178.9,6.0,5687.0,179.4,2352706.0,2180222.0
2021-08-30,Wales,0.0,274390.0,39.0,33228.0,287.0,40.0,0.0,4806205.0,0.0,5671.0,178.9,3.0,5690.0,179.5,2352754.0,2180336.0
2021-08-31,Wales,3872.0,278262.0,23.0,33251.0,302.0,44.0,24472.0,4830677.0,1.0,5672.0,179.0,4.0,5694.0,179.6,2354057.0,2182301.0
2021-09-01,Wales,3328.0,281590.0,40.0,33291.0,313.0,44.0,18286.0,4848963.0,5.0,5677.0,179.1,1.0,5695.0,179.7,2355999.0,2183656.0
2021-09-02,Wales,2275.0,283865.0,39.0,33330.0,322.0,48.0,21600.0,4870563.0,5.0,5682.0,179.3,9.0,5704.0,180.0,2358138.0,2186704.0
2021-09-03,Wales,2391.0,286256.0,36.0,33366.0,331.0,47.0,0.0,4870563.0,6.0,5688.0,179.5,5.0,5709.0,180.1,2359817.0,2189004.0
2021-09-04,Wales,0.0,286256.0,40.0,33406.0,339.0,46.0,22823.0,4893384.0,0.0,5688.0,179.5,6.0,5715.0,180.3,2361119.0,2190401.0
2021-09-05,Wales,2389.0,288645.0,38.0,33444.0,349.0,45.0,42221.0,4935604.0,3.0,5691.0,179.6,10.0,5725.0,180.6,2361787.0,2191445.0
2021-09-06,Wales,5161.0,293806.0,40.0,33484.0,369.0,46.0,17486.0,4953090.0,8.0,5699.0,179.8,3.0,5728.0,180.7,2362580.0,2192341.0
2021-09-07,Wales,2504.0,296310.0,44.0,33528.0,404.0,50.0,16506.0,4969595.0,3.0,5702.0,179.9,8.0,5736.0,181.0,2363623.0,2194075.0
2021-09-08,Wales,2669.0,298979.0,41.0,33569.0,428.0,49.0,19788.0,4989382.0,10.0,5712.0,180.2,6.0,5742.0,181.2,2364393.0,2195417.0
2021-09-09,Wales,2297.0,301276.0,41.0,33610.0,446.0,43.0,24429.0,5013811.0,9.0,5721.0,180.5,11.0,5753.0,181.5,2365263.0,2196957.0
2021-09-10,Wales,2467.0,303743.0,45.0,33655.0,450.0,41.0,22604.0,5036412.0,5.0,5726.0,180.7,10.0,5763.0,181.8,2366308.0,2198936.0
2021-09-11,Wales,0.0,303743.0,37.0,33692.0,457.0,44.0,0.0,5036412.0,0.0,5726.0,180.7,7.0,5770.0,182.0,2366992.0,2200560.0
2021-09-12,Wales,2317.0,306060.0,37.0,33729.0,477.0,48.0,43285.0,5079697.0,8.0,5734.0,180.9,7.0,5777.0,182.3,2367402.0,2201389.0
2021-09-13,Wales,4308.0,310368.0,36.0,33765.0,500.0,48.0,16243.0,5095940.0,21.0,5755.0,181.6,7.0,5784.0,182.5,2368124.0,2202393.0
2021-09-14,Wales,1924.0,312292.0,51.0,33816.0,505.0,47.0,19985.0,5115925.0,5.0,5760.0,181.7,6.0,5790.0,182.7,2364691.0,2208460.0
2021-09-15,Wales,2298.0,314590.0,43.0,33859.0,529.0,47.0,26085.0,5142010.0,10.0,5770.0,182.0,15.0,5805.0,183.1,2365400.0,2209785.0
2021-09-16,Wales,2891.0,317481.0,30.0,33889.0,514.0,44.0,29792.0,5171801.0,4.0,5774.0,182.2,14.0,5819.0,183.6,2366234.0,2211035.0
2021-09-17,Wales,2618.0,320099.0,38.0,33927.0,512.0,49.0,28985.0,5200786.0,8.0,5782.0,182.4,15.0,5834.0,184.1,2367407.0,2212387.0
2021-09-18,Wales,0.0,320099.0,52.0,33979.0,506.0,49.0,0.0,5200786.0,0.0,5782.0,182.4,5.0,5839.0,184.2,2368230.0,2213783.0
2021-09-19,Wales,2717.0,322816.0,32.0,34011.0,518.0,54.0,50117.0,5250903.0,15.0,5797.0,182.9,3.0,5842.0,184.3,2368604.0,2214219.0
2021-09-20,Wales,5258.0,328074.0,24.0,34035.0,532.0,47.0,20537.0,5271440.0,17.0,5814.0,183.4,8.0,5850.0,184.6,2369093.0,2215768.0
2021-09-21,Wales,2576.0,330650.0,40.0,34075.0,520.0,50.0,22220.0,5293659.0,7.0,5821.0,183.7,3.0,5853.0,184.7,2369657.0,2216912.0
2021-09-22,Wales,2485.0,333135.0,38.0,34113.0,496.0,48.0,25738.0,5319397.0,10.0,5831.0,184.0,5.0,5858.0,184.8,2370309.0,2217956.0
2021-09-23,Wales,2476.0,335611.0,43.0,34156.0,480.0,48.0,29344.0,5348741.0,6.0,5837.0,184.2,8.0,5866.0,185.1,2370711.0,2218515.0
2021-09-24,Wales,2727.0,338338.0,33.0,34189.0,469.0,46.0,0.0,5348741.0,2.0,5839.0,184.2,5.0,5871.0,185.2,2371364.0,2219473.0
2021-09-25,Wales,0.0,338338.0,37.0,34226.0,450.0,48.0,34791.0,5383531.0,0.0,5839.0,184.2,7.0,5878.0,185.5,2373120.0,2220074.0
2021-09-26,Wales,3303.0,341641.0,28.0,34254.0,454.0,48.0,54432.0,5437962.0,13.0,5852.0,184.6,5.0,5883.0,185.6,2374984.0,2220762.0
2021-09-27,Wales,5659.0,347300.0,17.0,34271.0,494.0,45.0,22364.0,5460325.0,12.0,5864.0,185.0,9.0,5892.0,185.9,2375494.0,2221612.0
2021-09-28,Wales,2270.0,349570.0,41.0,34312.0,477.0,48.0,26492.0,5486817.0,6.0,5870.0,185.2,10.0,5902.0,186.2,2375943.0,2222202.0
2021-09-29,Wales,3369.0,352939.0,52.0,34364.0,480.0,44.0,31370.0,5518608.0,9.0,5879.0,185.5,12.0,5914.0,186.6,2376313.0,2222830.0
2021-09-30,Wales,2580.0,355542.0,34.0,34398.0,463.0,44.0,32644.0,5551252.0,13.0,5892.0,185.9,11.0,5925.0,186.9,2376708.0,2223545.0
2021-10-01,Wales,3009.0,358550.0,39.0,34437.0,438.0,43.0,0.0,5551252.0,5.0,5897.0,186.0,10.0,5935.0,187.2,2377101.0,2224196.0
2021-10-02,Wales,0.0,358550.0,35.0,34472.0,451.0,43.0,31750.0,5583002.0,0.0,5897.0,186.0,8.0,5943.0,187.5,2380492.0,2224661.0
2021-10-03,Wales,2331.0,360881.0,28.0,34500.0,470.0,41.0,47149.0,5630151.0,10.0,5907.0,186.4,5.0,5948.0,187.7,2384331.0,2225525.0
2021-10-04,Wales,3986.0,364866.0,20.0,34520.0,491.0,42.0,19626.0,5649777.0,17.0,5924.0,186.9,4.0,5952.0,187.8,2385134.0,2226140.0
2021-10-05,Wales,1758.0,366624.0,36.0,34556.0,470.0,47.0,18414.0,5668191.0,2.0,5926.0,187.0,7.0,5959.0,188.0,2385622.0,2226708.0
2021-10-06,Wales,2007.0,368629.0,27.0,34583.0,461.0,49.0,30520.0,5698711.0,8.0,5934.0,187.2,12.0,5971.0,188.4,2387746.0,2227522.0
2021-10-07,Wales,3400.0,372029.0,36.0,34619.0,461.0,48.0,0.0,5698711.0,8.0,5942.0,187.5,9.0,5980.0,188.7,2389159.0,2228122.0
2021-10-08,Wales,5705.0,377734.0,37.0,34656.0,461.0,41.0,57153.0,5755864.0,23.0,5965.0,188.2,6.0,5986.0,188.9,2389900.0,2228786.0
2021-10-09,Wales,0.0,377734.0,28.0,34684.0,460.0,42.0,0.0,5755864.0,0.0,5965.0,188.2,3.0,5989.0,189.0,2395138.0,2229508.0
2021-10-10,Wales,0.0,377734.0,33.0,34717.0,476.0,42.0,53112.0,5808976.0,0.0,5965.0,188.2,10.0,5999.0,189.3,2400694.0,2229956.0
2021-10-11,Wales,4469.0,382203.0,37.0,34754.0,496.0,45.0,17051.0,5826027.0,8.0,5973.0,188.4,5.0,6004.0,189.4,2401771.0,2230674.0
2021-10-12,Wales,2047.0,384250.0,38.0,34792.0,516.0,51.0,18063.0,5844090.0,1.0,5974.0,188.5,9.0,6013.0,189.7,2403211.0,2231804.0
2021-10-13,Wales,2266.0,386516.0,51.0,34843.0,515.0,47.0,25358.0,5869448.0,4.0,5978.0,188.6,7.0,6020.0,189.9,2404237.0,2232967.0
2021-10-14,Wales,2635.0,389152.0,37.0,34880.0,541.0,51.0,27359.0,5896807.0,12.0,5990.0,189.0,14.0,6034.0,190.4,2405335.0,2233773.0
2021-10-15,Wales,3130.0,392282.0,47.0,34927.0,540.0,51.0,23634.0,5920441.0,15.0,6005.0,189.5,12.0,6046.0,190.8,2406747.0,2234947.0
2021-10-16,Wales,0.0,392282.0,38.0,34965.0,552.0,53.0,0.0,5920441.0,0.0,6005.0,189.5,12.0,6058.0,191.1,2412040.0,2235447.0
2021-10-17,Wales,2965.0,395247.0,35.0,35000.0,575.0,55.0,48745.0,5969186.0,10.0,6015.0,189.8,8.0,6066.0,191.4,2416793.0,2235723.0
2021-10-18,Wales,6398.0,401644.0,29.0,35029.0,590.0,55.0,19389.0,5988575.0,20.0,6035.0,190.4,8.0,6074.0,191.6,2418115.0,2236392.0
2021-10-19,Wales,3200.0,404844.0,41.0,35070.0,569.0,52.0,20473.0,6009048.0,2.0,6037.0,190.5,11.0,6085.0,192.0,2419276.0,2237199.0
2021-10-20,Wales,3450.0,408294.0,51.0,35121.0,596.0,53.0,30785.0,6039833.0,13.0,6050.0,190.9,16.0,6101.0,192.5,2420558.0,2238258.0
2021-10-21,Wales,4240.0,412534.0,47.0,35168.0,597.0,59.0,26268.0,6066101.0,13.0,6063.0,191.3,15.0,6116.0,193.0,2421700.0,2238954.0
2021-10-22,Wales,3296.0,415829.0,49.0,35217.0,585.0,59.0,25833.0,6091934.0,11.0,6074.0,191.6,5.0,6121.0,193.1,2422938.0,2239671.0
2021-10-23,Wales,0.0,415829.0,46.0,35263.0,590.0,57.0,0.0,6091934.0,0.0,6074.0,191.6,4.0,6125.0,193.2,2426859.0,2240110.0
2021-10-24,Wales,3152.0,418980.0,38.0,35301.0,606.0,60.0,0.0,6091934.0,12.0,6086.0,192.0,9.0,6134.0,193.5,2429690.0,2240432.0
2021-10-25,Wales,0.0,418980.0,35.0,35336.0,632.0,56.0,37361.0,6153743.0,0.0,6086.0,192.0,5.0,6139.0,193.7,2432956.0,2240960.0
2021-10-26,Wales,5288.0,427150.0,52.0,35388.0,658.0,64.0,16662.0,6170405.0,31.0,6117.0,193.0,10.0,6149.0,194.0,2435396.0,2241637.0
2021-10-27,Wales,2582.0,429731.0,48.0,35436.0,689.0,63.0,21879.0,6192284.0,5.0,6122.0,193.1,7.0,6156.0,194.2,2437095.0,2242337.0
2021-10-28,Wales,2664.0,432395.0,39.0,35475.0,687.0,68.0,23414.0,6215698.0,12.0,6134.0,193.5,12.0,6168.0,194.6,2438707.0,2242868.0
2021-10-29,Wales,2561.0,434956.0,49.0,35524.0,686.0,68.0,23246.0,6238944.0,7.0,6141.0,193.7,12.0,6180.0,195.0,2440488.0,2243421.0
2021-10-30,Wales,0.0,434956.0,48.0,35572.0,681.0,68.0,0.0,6238944.0,0.0,6141.0,193.7,12.0,6192.0,195.4,2442777.0,2243914.0
2021-10-31,Wales,3016.0,437972.0,43.0,35615.0,686.0,73.0,37334.0,6276278.0,9.0,6150.0,194.0,11.0,6203.0,195.7,2445438.0,2244276.0
2021-11-01,Wales,4983.0,442953.0,37.0,35652.0,691.0,75.0,13752.0,6290030.0,17.0,6167.0,194.6,9.0,6212.0,196.0,2446430.0,2244886.0
2021-11-02,Wales,2210.0,445163.0,42.0,35694.0,697.0,73.0,17178.0,6307208.0,10.0,6177.0,194.9,9.0,6221.0,196.3,2447484.0,2245579.0
2021-11-03,Wales,2492.0,447655.0,50.0,35744.0,707.0,72.0,25223.0,6332431.0,7.0,6184.0,195.1,8.0,6229.0,196.5,2448204.0,2246341.0
2021-11-04,Wales,2799.0,450455.0,42.0,35786.0,686.0,73.0,22243.0,6354674.0,17.0,6201.0,195.6,8.0,6237.0,196.8,2448879.0,2246996.0
2021-11-05,Wales,1986.0,452440.0,39.0,35825.0,666.0,75.0,24005.0,6378679.0,13.0,6214.0,196.1,11.0,6248.0,197.1,2449655.0,2247724.0
2021-11-06,Wales,0.0,452440.0,49.0,35874.0,640.0,73.0,0.0,6378679.0,0.0,6214.0,196.1,7.0,6255.0,197.3,2451358.0,2248272.0
2021-11-07,Wales,2583.0,455023.0,45.0,35919.0,647.0,75.0,39580.0,6418259.0,9.0,6223.0,196.3,12.0,6267.0,197.7,2452485.0,2248786.0
2021-11-08,Wales,4303.0,459325.0,24.0,35943.0,654.0,72.0,13331.0,6431590.0,14.0,6237.0,196.8,9.0,6276.0,198.0,2453403.0,2249300.0
2021-11-09,Wales,1784.0,461109.0,38.0,35981.0,649.0,73.0,17115.0,6448705.0,5.0,6242.0,196.9,10.0,6286.0,198.3,2454261.0,2249934.0
2021-11-10,Wales,2171.0,463279.0,45.0,36026.0,641.0,73.0,22444.0,6471149.0,18.0,6260.0,197.5,10.0,6296.0,198.6,2455003.0,2250655.0
2021-11-11,Wales,2134.0,465413.0,36.0,36062.0,621.0,67.0,25996.0,6497145.0,12.0,6272.0,197.9,9.0,6305.0,198.9,2455557.0,2251326.0
2021-11-12,Wales,2784.0,468197.0,42.0,36104.0,623.0,69.0,23692.0,6520837.0,4.0,6276.0,198.0,9.0,6314.0,199.2,2456337.0,2252067.0
2021-11-13,Wales,0.0,468197.0,34.0,36138.0,594.0,64.0,0.0,6520837.0,0.0,6276.0,198.0,11.0,6325.0,199.6,2458058.0,2252724.0
2021-11-14,Wales,2659.0,470856.0,32.0,36170.0,616.0,62.0,39771.0,6560608.0,6.0,6282.0,198.2,5.0,6330.0,199.7,2458695.0,2253134.0
2021-11-15,Wales,4520.0,475375.0,30.0,36200.0,625.0,62.0,13739.0,6574347.0,13.0,6295.0,198.6,12.0,6342.0,200.1,2459583.0,2253495.0
2021-11-16,Wales,1921.0,477295.0,50.0,36250.0,594.0,59.0,18486.0,6592833.0,2.0,6297.0,198.7,5.0,6347.0,200.2,2460549.0,2254184.0
2021-11-17,Wales,2417.0,479712.0,22.0,36272.0,569.0,60.0,23348.0,6616181.0,17.0,6314.0,199.2,10.0,6357.0,200.6,2461038.0,2254782.0
2021-11-18,Wales,2576.0,482288.0,32.0,36304.0,547.0,59.0,26616.0,6642798.0,20.0,6334.0,199.8,5.0,6362.0,200.7,2461876.0,2255461.0
2021-11-19,Wales,2456.0,484744.0,38.0,36342.0,536.0,57.0,24074.0,6666872.0,8.0,6342.0,200.1,9.0,6371.0,201.0,2462357.0,2256144.0
2021-11-20,Wales,0.0,484744.0,38.0,36380.0,526.0,60.0,0.0,6666872.0,0.0,6342.0,200.1,11.0,6382.0,201.4,2463376.0,2256956.0
2021-11-21,Wales,2408.0,487152.0,35.0,36415.0,520.0,54.0,43603.0,6710475.0,7.0,6349.0,200.3,4.0,6386.0,201.5,2464221.0,2257689.0
2021-11-22,Wales,4489.0,491640.0,21.0,36436.0,524.0,58.0,14903.0,6725378.0,8.0,6357.0,200.6,6.0,6392.0,201.7,2464579.0,2258309.0
2021-11-23,Wales,1931.0,493571.0,25.0,36461.0,488.0,54.0,17637.0,6743015.0,4.0,6361.0,200.7,4.0,6396.0,201.8,2465183.0,2259175.0
2021-11-24,Wales,2154.0,495724.0,35.0,36496.0,476.0,54.0,24896.0,6767911.0,7.0,6368.0,200.9,8.0,6404.0,202.0,2465562.0,2260038.0
2021-11-25,Wales,2377.0,498101.0,35.0,36531.0,474.0,52.0,29171.0,6797082.0,9.0,6377.0,201.2,7.0,6411.0,202.3,2465943.0,2260662.0
2021-11-26,Wales,2927.0,501028.0,26.0,36557.0,451.0,47.0,22933.0,6820015.0,5.0,6382.0,201.4,7.0,6418.0,202.5,2466324.0,2261178.0
2021-11-27,Wales,0.0,501028.0,28.0,36585.0,450.0,46.0,0.0,6820015.0,0.0,6382.0,201.4,4.0,6422.0,202.6,2467828.0,2262365.0
2021-11-28,Wales,1963.0,502991.0,21.0,36606.0,447.0,44.0,40101.0,6860116.0,9.0,6391.0,201.6,6.0,6428.0,202.8,2468335.0,2263540.0
2021-11-29,Wales,3969.0,506960.0,21.0,36627.0,481.0,47.0,15183.0,6875299.0,10.0,6401.0,202.0,3.0,6431.0,202.9,2468734.0,2264474.0
2021-11-30,Wales,1972.0,508932.0,29.0,36656.0,473.0,48.0,16936.0,6892235.0,4.0,6405.0,202.1,3.0,6434.0,203.0,2469217.0,2265776.0
2021-12-01,Wales,2067.0,510999.0,30.0,36686.0,453.0,44.0,26399.0,6918634.0,7.0,6412.0,202.3,5.0,6439.0,203.1,2469805.0,2266994.0
2021-12-02,Wales,2791.0,513790.0,17.0,36703.0,452.0,45.0,25053.0,6943687.0,8.0,6420.0,202.6,7.0,6446.0,203.4,2470233.0,2267834.0
2021-12-03,Wales,2356.0,516146.0,30.0,36733.0,456.0,43.0,26289.0,6969976.0,8.0,6428.0,202.8,5.0,6451.0,203.5,2470669.0,2268700.0
2021-12-04,Wales,0.0,516146.0,25.0,36758.0,421.0,44.0,0.0,6969976.0,0.0,6428.0,202.8,9.0,6460.0,203.8,2471904.0,2270779.0
2021-12-05,Wales,2567.0,518713.0,26.0,36784.0,409.0,41.0,44241.0,7014217.0,5.0,6433.0,203.0,10.0,6470.0,204.1,2472737.0,2272339.0
2021-12-06,Wales,4405.0,523118.0,15.0,36799.0,417.0,37.0,16035.0,7030252.0,6.0,6439.0,203.1,8.0,6478.0,204.4,2473150.0,2273156.0
2021-12-07,Wales,2107.0,525225.0,23.0,36822.0,385.0,35.0,20594.0,7050846.0,2.0,6441.0,203.2,4.0,6482.0,204.5,2473583.0,2274197.0
2021-12-08,Wales,2313.0,527538.0,27.0,36849.0,375.0,36.0,24659.0,7075505.0,11.0,6452.0,203.6,2.0,6484.0,204.6,2474162.0,2275434.0
2021-12-09,Wales,2302.0,529840.0,32.0,36881.0,388.0,39.0,27480.0,7102985.0,15.0,6467.0,204.0,9.0,6493.0,204.9,2474675.0,2276428.0
2021-12-10,Wales,2462.0,532302.0,27.0,36908.0,400.0,37.0,26314.0,7129299.0,9.0,6476.0,204.3,4.0,6497.0,205.0,2475102.0,2277255.0
2021-12-11,Wales,0.0,532302.0,22.0,36930.0,367.0,35.0,0.0,7129299.0,0.0,6476.0,204.3,6.0,6503.0,205.2,2476015.0,2279366.0
2021-12-12,Wales,2591.0,534893.0,20.0,36950.0,363.0,36.0,43659.0,7172958.0,5.0,6481.0,204.5,5.0,6508.0,205.3,2477148.0,2281161.0
2021-12-13,Wales,4543.0,539435.0,13.0,36963.0,390.0,37.0,14704.0,7187662.0,8.0,6489.0,204.7,3.0,6511.0,205.4,2477721.0,2282420.0
2021-12-14,Wales,1819.0,541254.0,33.0,36996.0,387.0,36.0,19829.0,7207491.0,2.0,6491.0,204.8,5.0,6516.0,205.6,2478300.0,2283371.0
2021-12-15,Wales,2431.0,543685.0,24.0,37020.0,381.0,37.0,26410.0,7233901.0,10.0,6501.0,205.1,6.0,6522.0,205.8,2479007.0,2284785.0
2021-12-16,Wales,2889.0,546573.0,22.0,37042.0,362.0,33.0,28495.0,7262396.0,0.0,6501.0,205.1,6.0,6528.0,206.0,2479789.0,2285976.0
2021-12-17,Wales,3129.0,549702.0,27.0,37069.0,345.0,33.0,28329.0,7290725.0,3.0,6504.0,205.2,4.0,6532.0,206.1,2480580.0,2287041.0
2021-12-18,Wales,0.0,549702.0,21.0,37090.0,345.0,31.0,0.0,7290725.0,0.0,6504.0,205.2,7.0,6539.0,206.3,2481417.0,2288340.0
2021-12-19,Wales,3462.0,553163.0,21.0,37111.0,335.0,29.0,51784.0,7342509.0,4.0,6508.0,205.3,3.0,6542.0,206.4,2482756.0,2289735.0
2021-12-20,Wales,6796.0,559959.0,18.0,37129.0,330.0,30.0,16103.0,7358612.0,8.0,6516.0,205.6,7.0,6549.0,206.6,2483556.0,2291345.0
2021-12-21,Wales,2375.0,562333.0,32.0,37161.0,330.0,29.0,25366.0,7383978.0,6.0,6522.0,205.8,1.0,6550.0,206.7,2484739.0,2292930.0
2021-12-22,Wales,4662.0,566995.0,25.0,37186.0,346.0,31.0,21522.0,7405500.0,3.0,6525.0,205.9,3.0,6553.0,206.7,2485837.0,2294701.0
2021-12-23,Wales,3292.0,570288.0,28.0,37214.0,351.0,29.0,33738.0,7439238.0,10.0,6535.0,206.2,1.0,6554.0,206.8,2486737.0,2296242.0
2021-12-24,Wales,6755.0,577043.0,32.0,37246.0,342.0,32.0,26257.0,7465495.0,10.0,6545.0,206.5,7.0,6561.0,207.0,2487015.0,2296647.0
2021-12-25,Wales,0.0,577043.0,32.0,37278.0,338.0,32.0,0.0,7465495.0,0.0,6545.0,206.5,1.0,6562.0,207.0,2487015.0,2296647.0
2021-12-26,Wales,5335.0,582378.0,24.0,37302.0,366.0,33.0,52194.0,7517689.0,3.0,6548.0,206.6,5.0,6567.0,207.2,2487015.0,2296647.0
2021-12-27,Wales,0.0,582378.0,21.0,37323.0,387.0,31.0,38229.0,7555918.0,0.0,6548.0,206.6,4.0,6571.0,207.3,2487561.0,2299242.0
2021-12-28,Wales,12378.0,594753.0,32.0,37355.0,417.0,31.0,0.0,7555918.0,3.0,6551.0,206.7,4.0,6575.0,207.4,2488374.0,2300054.0
2021-12-29,Wales,5929.0,600682.0,36.0,37391.0,454.0,32.0,27727.0,7583645.0,2.0,6553.0,206.7,7.0,6582.0,207.7,2489359.0,2301312.0
2021-12-30,Wales,21051.0,621732.0,52.0,37443.0,509.0,35.0,28235.0,7611880.0,3.0,6556.0,206.8,6.0,6588.0,207.9,2490223.0,2302282.0
2021-12-31,Wales,10393.0,632125.0,53.0,37496.0,531.0,33.0,33930.0,7645810.0,11.0,6567.0,207.2,8.0,6596.0,208.1,2490591.0,2303258.0
2022-01-01,Wales,0.0,632125.0,76.0,37572.0,577.0,33.0,0.0,7645810.0,0.0,6567.0,207.2,5.0,6601.0,208.3,2490591.0,2303262.0
2022-01-02,Wales,14036.0,646159.0,43.0,37615.0,604.0,34.0,62863.0,7708673.0,14.0,6581.0,207.6,10.0,6611.0,208.6,2490919.0,2303854.0
2022-01-03,Wales,0.0,646159.0,41.0,37656.0,631.0,37.0,0.0,7708673.0,0.0,6581.0,207.6,7.0,6618.0,208.8,2491285.0,2304792.0
2022-01-04,Wales,22317.0,668473.0,57.0,37713.0,677.0,36.0,56676.0,7765349.0,8.0,6589.0,207.9,15.0,6633.0,209.3,2492440.0,2307957.0
2022-01-05,Wales,21279.0,689750.0,47.0,37760.0,702.0,40.0,27415.0,7792764.0,10.0,6599.0,208.2,5.0,6638.0,209.4,2493502.0,2311284.0
2022-01-06,Wales,9213.0,698962.0,56.0,37816.0,723.0,39.0,27298.0,7820062.0,6.0,6605.0,208.4,13.0,6651.0,209.8,2494287.0,2314745.0
2022-01-07,Wales,7915.0,706873.0,45.0,37861.0,752.0,38.0,30497.0,7850559.0,21.0,6626.0,209.0,6.0,6657.0,210.0,2495183.0,2317917.0
2022-01-08,Wales,0.0,706873.0,40.0,37901.0,773.0,39.0,0.0,7850559.0,0.0,6626.0,209.0,5.0,6662.0,210.2,2496159.0,2324164.0
2022-01-09,Wales,8923.0,715796.0,42.0,37943.0,815.0,34.0,47231.0,7897790.0,8.0,6634.0,209.3,10.0,6672.0,210.5,2496882.0,2326390.0
2022-01-10,Wales,11693.0,727486.0,46.0,37989.0,849.0,38.0,9584.0,7907374.0,16.0,6650.0,209.8,7.0,6679.0,210.7,2497658.0,2328295.0
2022-01-11,Wales,2176.0,729662.0,49.0,38038.0,890.0,31.0,11704.0,7919078.0,4.0,6654.0,209.9,4.0,6683.0,210.8,2498417.0,2330364.0
2022-01-12,Wales,2886.0,732548.0,38.0,38076.0,875.0,30.0,16107.0,7935185.0,14.0,6668.0,210.4,0.0,6683.0,210.8,2499123.0,2332336.0
2022-01-13,Wales,3197.0,735745.0,38.0,38114.0,861.0,31.0,16555.0,7951740.0,11.0,6679.0,210.7,0.0,6683.0,210.8,2499752.0,2334096.0
2022-01-14,Wales,2864.0,738609.0,,,,,,,4.0,6683.0,210.8,,,,,
2020-03-01,Scotland,,,6.0,6.0,,,,,,,,,,,,
2020-03-02,Scotland,1.0,1.0,11.0,17.0,,,,,,,,,,,,
2020-03-03,Scotland,0.0,1.0,13.0,30.0,,,,,,,,,,,,
2020-03-04,Scotland,2.0,3.0,10.0,40.0,,,,,,,,,,,,
2020-03-05,Scotland,3.0,6.0,20.0,60.0,,,,,,,,,,,,
2020-03-06,Scotland,5.0,11.0,21.0,81.0,,,,,,,,,,,,
2020-03-07,Scotland,5.0,16.0,10.0,91.0,,,,,,,,,,,,
2020-03-08,Scotland,2.0,18.0,11.0,102.0,,,,,,,,,,,,
2020-03-09,Scotland,5.0,23.0,18.0,120.0,,,,,,,,,,,,
2020-03-10,Scotland,4.0,27.0,30.0,150.0,,,,,,,,,,,,
2020-03-11,Scotland,9.0,36.0,29.0,179.0,,,,,,,,,,,,
2020-03-12,Scotland,24.0,60.0,24.0,203.0,,,,,,,,1.0,1.0,,,
2020-03-13,Scotland,25.0,85.0,25.0,228.0,,,,,,,,0.0,1.0,,,
2020-03-14,Scotland,36.0,121.0,21.0,249.0,,,,,,1.0,,2.0,3.0,0.1,,
2020-03-15,Scotland,32.0,153.0,16.0,265.0,,,,,,1.0,,0.0,3.0,0.1,,
2020-03-16,Scotland,18.0,171.0,33.0,298.0,,,,,,1.0,,1.0,4.0,0.1,,
2020-03-17,Scotland,24.0,195.0,43.0,341.0,,,,,1.0,2.0,,2.0,6.0,0.1,,
2020-03-18,Scotland,32.0,227.0,43.0,384.0,,6.0,,,1.0,3.0,0.1,0.0,6.0,0.1,,
2020-03-19,Scotland,39.0,266.0,42.0,426.0,,11.0,,,3.0,6.0,0.1,3.0,9.0,0.2,,
2020-03-20,Scotland,56.0,322.0,73.0,499.0,,16.0,,,0.0,6.0,0.1,5.0,14.0,0.3,,
2020-03-21,Scotland,51.0,373.0,63.0,562.0,,20.0,,,1.0,7.0,0.1,6.0,20.0,0.4,,
2020-03-22,Scotland,43.0,416.0,52.0,614.0,,23.0,,,3.0,10.0,0.2,5.0,25.0,0.5,,
2020-03-23,Scotland,83.0,499.0,96.0,710.0,,30.0,,,4.0,14.0,0.3,4.0,29.0,0.5,,
2020-03-24,Scotland,85.0,584.0,96.0,806.0,,42.0,,,2.0,16.0,0.3,7.0,36.0,0.7,,
2020-03-25,Scotland,135.0,719.0,125.0,931.0,,52.0,,,6.0,22.0,0.4,11.0,47.0,0.9,,
2020-03-26,Scotland,175.0,894.0,155.0,1086.0,,57.0,,,3.0,25.0,0.5,12.0,59.0,1.1,,
2020-03-27,Scotland,165.0,1059.0,150.0,1236.0,404.0,72.0,,,8.0,33.0,0.6,11.0,70.0,1.3,,
2020-03-28,Scotland,186.0,1245.0,156.0,1392.0,511.0,81.0,,,7.0,40.0,0.7,29.0,99.0,1.8,,
2020-03-29,Scotland,139.0,1384.0,136.0,1528.0,565.0,95.0,,,1.0,41.0,0.8,20.0,119.0,2.2,,
2020-03-30,Scotland,179.0,1563.0,193.0,1721.0,627.0,108.0,,,6.0,47.0,0.9,30.0,149.0,2.7,,
2020-03-31,Scotland,430.0,1993.0,184.0,1905.0,752.0,135.0,1710.0,23324.0,22.0,69.0,1.3,38.0,187.0,3.4,,
2020-04-01,Scotland,317.0,2310.0,216.0,2121.0,815.0,147.0,1118.0,24442.0,28.0,97.0,1.8,46.0,233.0,4.3,,
2020-04-02,Scotland,292.0,2602.0,171.0,2292.0,910.0,162.0,1526.0,25968.0,29.0,126.0,2.3,36.0,269.0,4.9,,
2020-04-03,Scotland,399.0,3001.0,213.0,2505.0,1037.0,176.0,1522.0,27490.0,46.0,172.0,3.1,58.0,327.0,6.0,,
2020-04-04,Scotland,344.0,3345.0,154.0,2659.0,1107.0,192.0,3018.0,30508.0,46.0,218.0,4.0,28.0,355.0,6.5,,
2020-04-05,Scotland,361.0,3706.0,161.0,2820.0,1204.0,197.0,1048.0,31556.0,2.0,220.0,4.0,47.0,402.0,7.4,,
2020-04-06,Scotland,255.0,3961.0,202.0,3022.0,1262.0,199.0,1221.0,32777.0,2.0,222.0,4.1,63.0,465.0,8.5,,
2020-04-07,Scotland,268.0,4229.0,171.0,3193.0,1328.0,199.0,1709.0,34486.0,74.0,296.0,5.4,49.0,514.0,9.4,,
2020-04-08,Scotland,336.0,4565.0,158.0,3351.0,1415.0,210.0,1774.0,36260.0,70.0,366.0,6.7,54.0,568.0,10.4,,
2020-04-09,Scotland,392.0,4957.0,130.0,3481.0,1440.0,212.0,1567.0,37827.0,81.0,447.0,8.2,66.0,634.0,11.6,,
2020-04-10,Scotland,318.0,5275.0,119.0,3600.0,1461.0,207.0,1787.0,39614.0,48.0,495.0,9.1,58.0,692.0,12.7,,
2020-04-11,Scotland,315.0,5590.0,80.0,3680.0,1467.0,212.0,1617.0,41231.0,47.0,542.0,9.9,50.0,742.0,13.6,,
2020-04-12,Scotland,322.0,5912.0,85.0,3765.0,1487.0,221.0,957.0,42188.0,24.0,566.0,10.4,48.0,790.0,14.5,,
2020-04-13,Scotland,155.0,6067.0,104.0,3869.0,1482.0,211.0,1429.0,43617.0,9.0,575.0,10.5,41.0,831.0,15.2,,
2020-04-14,Scotland,291.0,6358.0,102.0,3971.0,1514.0,196.0,1734.0,45351.0,40.0,615.0,11.3,51.0,882.0,16.1,,
2020-04-15,Scotland,390.0,6748.0,98.0,4069.0,1486.0,195.0,1836.0,47187.0,84.0,699.0,12.8,42.0,924.0,16.9,,
2020-04-16,Scotland,354.0,7102.0,97.0,4166.0,1479.0,196.0,1682.0,48869.0,80.0,779.0,14.3,43.0,967.0,17.7,,
2020-04-17,Scotland,307.0,7409.0,110.0,4276.0,1487.0,189.0,2015.0,50884.0,58.0,837.0,15.3,38.0,1005.0,18.4,,
2020-04-18,Scotland,411.0,7820.0,74.0,4350.0,1501.0,182.0,1709.0,52593.0,56.0,893.0,16.3,52.0,1057.0,19.3,,
2020-04-19,Scotland,367.0,8187.0,59.0,4409.0,1520.0,174.0,1332.0,53925.0,10.0,903.0,16.5,46.0,1103.0,20.2,,
2020-04-20,Scotland,263.0,8450.0,65.0,4474.0,1520.0,169.0,1401.0,55326.0,12.0,915.0,16.7,61.0,1164.0,21.3,,
2020-04-21,Scotland,222.0,8672.0,70.0,4544.0,1472.0,166.0,2224.0,57550.0,70.0,985.0,18.0,51.0,1215.0,22.2,,
2020-04-22,Scotland,366.0,9038.0,66.0,4610.0,1432.0,155.0,2184.0,59734.0,77.0,1062.0,19.4,46.0,1261.0,23.1,,
2020-04-23,Scotland,371.0,9409.0,68.0,4678.0,1423.0,148.0,1772.0,61506.0,58.0,1120.0,20.5,49.0,1310.0,24.0,,
2020-04-24,Scotland,288.0,9697.0,91.0,4769.0,1383.0,141.0,2222.0,63728.0,64.0,1184.0,21.7,38.0,1348.0,24.7,,
2020-04-25,Scotland,354.0,10051.0,42.0,4811.0,1385.0,140.0,2098.0,65826.0,47.0,1231.0,22.5,48.0,1396.0,25.5,,
2020-04-26,Scotland,273.0,10324.0,39.0,4850.0,1382.0,133.0,2608.0,68434.0,18.0,1249.0,22.9,43.0,1439.0,26.3,,
2020-04-27,Scotland,197.0,10521.0,77.0,4927.0,1387.0,134.0,2627.0,71061.0,13.0,1262.0,23.1,60.0,1499.0,27.4,,
2020-04-28,Scotland,200.0,10721.0,73.0,5000.0,1359.0,126.0,3471.0,74532.0,70.0,1332.0,24.4,40.0,1539.0,28.2,,
2020-04-29,Scotland,313.0,11034.0,49.0,5049.0,1363.0,114.0,4422.0,81091.0,83.0,1415.0,25.9,38.0,1577.0,28.9,,
2020-04-30,Scotland,319.0,11353.0,57.0,5106.0,1324.0,109.0,4661.0,85752.0,60.0,1475.0,27.0,43.0,1620.0,29.6,,
2020-05-01,Scotland,301.0,11654.0,56.0,5162.0,1302.0,110.0,5313.0,91065.0,40.0,1515.0,27.7,48.0,1668.0,30.5,,
2020-05-02,Scotland,273.0,11927.0,47.0,5209.0,1277.0,108.0,3720.0,94785.0,44.0,1559.0,28.5,44.0,1712.0,31.3,,
2020-05-03,Scotland,170.0,12097.0,40.0,5249.0,1266.0,99.0,3794.0,98579.0,12.0,1571.0,28.7,37.0,1749.0,32.0,,
2020-05-04,Scotland,169.0,12266.0,52.0,5301.0,1279.0,99.0,3923.0,102502.0,5.0,1576.0,28.8,40.0,1789.0,32.7,,
2020-05-05,Scotland,171.0,12437.0,40.0,5341.0,1225.0,104.0,4683.0,107185.0,44.0,1620.0,29.6,50.0,1839.0,33.6,,
2020-05-06,Scotland,272.0,12709.0,46.0,5387.0,1204.0,89.0,5079.0,112264.0,83.0,1703.0,31.2,43.0,1882.0,34.4,,
2020-05-07,Scotland,215.0,12924.0,37.0,5424.0,1199.0,86.0,4732.0,116996.0,59.0,1762.0,32.2,40.0,1922.0,35.2,,
2020-05-08,Scotland,225.0,13149.0,33.0,5457.0,1168.0,84.0,4397.0,121393.0,49.0,1811.0,33.1,34.0,1956.0,35.8,,
2020-05-09,Scotland,156.0,13305.0,21.0,5478.0,1159.0,93.0,3792.0,125185.0,36.0,1847.0,33.8,34.0,1990.0,36.4,,
2020-05-10,Scotland,181.0,13486.0,28.0,5506.0,1132.0,82.0,3584.0,128769.0,10.0,1857.0,34.0,28.0,2018.0,36.9,,
2020-05-11,Scotland,141.0,13627.0,33.0,5539.0,1145.0,80.0,4083.0,132852.0,5.0,1862.0,34.1,32.0,2050.0,37.5,,
2020-05-12,Scotland,136.0,13763.0,38.0,5577.0,1131.0,81.0,5108.0,137960.0,50.0,1912.0,35.0,31.0,2081.0,38.1,,
2020-05-13,Scotland,166.0,13929.0,28.0,5605.0,1101.0,66.0,5829.0,143789.0,61.0,1973.0,36.1,42.0,2123.0,38.8,,
2020-05-14,Scotland,188.0,14117.0,28.0,5633.0,1100.0,71.0,5213.0,149002.0,34.0,2007.0,36.7,35.0,2158.0,39.5,,
2020-05-15,Scotland,143.0,14260.0,34.0,5667.0,1066.0,71.0,6519.0,155521.0,46.0,2053.0,37.6,26.0,2184.0,40.0,,
2020-05-16,Scotland,187.0,14447.0,19.0,5686.0,1011.0,59.0,4721.0,160242.0,41.0,2094.0,38.3,29.0,2213.0,40.5,,
2020-05-17,Scotland,90.0,14537.0,10.0,5696.0,1007.0,59.0,3475.0,163717.0,9.0,2103.0,38.5,26.0,2239.0,41.0,,
2020-05-18,Scotland,57.0,14594.0,29.0,5725.0,1005.0,63.0,4559.0,168276.0,2.0,2105.0,38.5,23.0,2262.0,41.4,,
2020-05-19,Scotland,61.0,14655.0,14.0,5739.0,969.0,59.0,6352.0,174628.0,29.0,2134.0,39.0,28.0,2290.0,41.9,,
2020-05-20,Scotland,96.0,14751.0,19.0,5758.0,943.0,53.0,6518.0,181092.0,50.0,2184.0,40.0,22.0,2312.0,42.3,,
2020-05-21,Scotland,105.0,14856.0,15.0,5773.0,909.0,51.0,5742.0,186834.0,37.0,2221.0,40.6,24.0,2336.0,42.7,,
2020-05-22,Scotland,113.0,14969.0,17.0,5790.0,874.0,50.0,5406.0,192183.0,24.0,2245.0,41.1,17.0,2353.0,43.0,,
2020-05-23,Scotland,72.0,15041.0,14.0,5804.0,841.0,50.0,4111.0,196294.0,16.0,2261.0,41.4,11.0,2364.0,43.2,,
2020-05-24,Scotland,60.0,15101.0,8.0,5812.0,845.0,44.0,4742.0,201036.0,9.0,2270.0,41.5,8.0,2372.0,43.4,,
2020-05-25,Scotland,55.0,15156.0,15.0,5827.0,849.0,40.0,4425.0,205461.0,3.0,2273.0,41.6,14.0,2386.0,43.7,,
2020-05-26,Scotland,29.0,15185.0,15.0,5842.0,833.0,35.0,5178.0,210639.0,18.0,2291.0,41.9,14.0,2400.0,43.9,,
2020-05-27,Scotland,55.0,15240.0,12.0,5854.0,810.0,38.0,5000.0,215639.0,13.0,2304.0,42.2,16.0,2416.0,44.2,,
2020-05-28,Scotland,48.0,15288.0,6.0,5860.0,797.0,37.0,5472.0,221111.0,12.0,2316.0,42.4,16.0,2432.0,44.5,,
2020-05-29,Scotland,39.0,15327.0,11.0,5871.0,769.0,40.0,4325.0,225436.0,15.0,2331.0,42.6,11.0,2443.0,44.7,,
2020-05-30,Scotland,55.0,15382.0,4.0,5875.0,736.0,33.0,3229.0,228665.0,22.0,2353.0,43.0,6.0,2449.0,44.8,,
2020-05-31,Scotland,18.0,15400.0,11.0,5886.0,733.0,27.0,2729.0,231394.0,9.0,2362.0,43.2,6.0,2455.0,44.9,,
2020-06-01,Scotland,18.0,15418.0,6.0,5892.0,736.0,27.0,4406.0,235763.0,1.0,2363.0,43.2,3.0,2458.0,45.0,,
2020-06-02,Scotland,53.0,15471.0,5.0,5897.0,714.0,34.0,4791.0,240591.0,12.0,2375.0,43.5,6.0,2464.0,45.1,,
2020-06-03,Scotland,33.0,15504.0,9.0,5906.0,708.0,34.0,5202.0,245793.0,11.0,2386.0,43.7,8.0,2472.0,45.2,,
2020-06-04,Scotland,49.0,15553.0,9.0,5915.0,691.0,28.0,5526.0,251319.0,9.0,2395.0,43.8,1.0,2473.0,45.2,,
2020-06-05,Scotland,29.0,15582.0,10.0,5925.0,682.0,23.0,4974.0,256293.0,14.0,2409.0,44.1,9.0,2482.0,45.4,,
2020-06-06,Scotland,21.0,15603.0,7.0,5932.0,652.0,20.0,3944.0,260237.0,6.0,2415.0,44.2,3.0,2485.0,45.5,,
2020-06-07,Scotland,18.0,15621.0,7.0,5939.0,652.0,25.0,3425.0,263662.0,0.0,2415.0,44.2,7.0,2492.0,45.6,,
2020-06-08,Scotland,18.0,15639.0,4.0,5943.0,660.0,24.0,4562.0,268224.0,0.0,2415.0,44.2,6.0,2498.0,45.7,,
2020-06-09,Scotland,14.0,15653.0,10.0,5953.0,647.0,21.0,4747.0,272971.0,7.0,2422.0,44.3,1.0,2499.0,45.7,,
2020-06-10,Scotland,12.0,15665.0,8.0,5961.0,628.0,18.0,5673.0,278644.0,12.0,2434.0,44.5,5.0,2504.0,45.8,,
2020-06-11,Scotland,17.0,15682.0,7.0,5968.0,610.0,21.0,5377.0,284021.0,5.0,2439.0,44.6,2.0,2506.0,45.8,,
2020-06-12,Scotland,27.0,15709.0,4.0,5972.0,590.0,23.0,5736.0,289757.0,3.0,2442.0,44.7,2.0,2508.0,45.9,,
2020-06-13,Scotland,21.0,15730.0,6.0,5978.0,582.0,20.0,4417.0,294174.0,5.0,2447.0,44.8,3.0,2511.0,45.9,,
2020-06-14,Scotland,25.0,15755.0,7.0,5985.0,575.0,15.0,3976.0,298150.0,1.0,2448.0,44.8,4.0,2515.0,46.0,,
2020-06-15,Scotland,29.0,18030.0,10.0,5995.0,578.0,18.0,4735.0,302885.0,0.0,2448.0,44.8,3.0,2518.0,46.1,,
2020-06-16,Scotland,15.0,18045.0,6.0,6001.0,567.0,19.0,5033.0,307918.0,5.0,2453.0,44.9,6.0,2524.0,46.2,,
2020-06-17,Scotland,21.0,18066.0,7.0,6008.0,552.0,22.0,5253.0,313171.0,9.0,2462.0,45.0,3.0,2527.0,46.2,,
2020-06-18,Scotland,11.0,18077.0,6.0,6014.0,544.0,22.0,4653.0,317824.0,2.0,2464.0,45.1,3.0,2530.0,46.3,,
2020-06-19,Scotland,27.0,18104.0,5.0,6019.0,518.0,18.0,4558.0,322382.0,6.0,2470.0,45.2,0.0,2530.0,46.3,,
2020-06-20,Scotland,26.0,18130.0,2.0,6021.0,511.0,14.0,3813.0,326195.0,2.0,2472.0,45.2,3.0,2533.0,46.3,,
2020-06-21,Scotland,26.0,18156.0,2.0,6023.0,518.0,16.0,3416.0,329611.0,0.0,2472.0,45.2,2.0,2535.0,46.4,,
2020-06-22,Scotland,14.0,18170.0,8.0,6031.0,515.0,15.0,4175.0,333786.0,0.0,2472.0,45.2,3.0,2538.0,46.4,,
2020-06-23,Scotland,12.0,18182.0,6.0,6037.0,512.0,21.0,4863.0,338649.0,4.0,2476.0,45.3,1.0,2539.0,46.5,,
2020-06-24,Scotland,9.0,18191.0,6.0,6043.0,489.0,23.0,4253.0,342902.0,4.0,2480.0,45.4,1.0,2540.0,46.5,,
2020-06-25,Scotland,5.0,18196.0,3.0,6046.0,472.0,18.0,5386.0,348288.0,2.0,2482.0,45.4,0.0,2540.0,46.5,,
2020-06-26,Scotland,17.0,18213.0,1.0,6047.0,467.0,17.0,4457.0,352745.0,0.0,2482.0,45.4,0.0,2540.0,46.5,,
2020-06-27,Scotland,15.0,18228.0,4.0,6051.0,456.0,16.0,3738.0,356483.0,0.0,2482.0,45.4,4.0,2544.0,46.5,,
2020-06-28,Scotland,8.0,18236.0,5.0,6056.0,453.0,13.0,3530.0,360013.0,0.0,2482.0,45.4,1.0,2545.0,46.6,,
2020-06-29,Scotland,5.0,18241.0,3.0,6059.0,453.0,10.0,4210.0,364223.0,0.0,2482.0,45.4,1.0,2546.0,46.6,,
2020-06-30,Scotland,10.0,18251.0,2.0,6061.0,450.0,19.0,4365.0,368588.0,3.0,2485.0,45.5,0.0,2546.0,46.6,,
2020-07-01,Scotland,8.0,18259.0,2.0,6063.0,439.0,17.0,4688.0,373276.0,1.0,2486.0,45.5,0.0,2546.0,46.6,,
2020-07-02,Scotland,5.0,18264.0,2.0,6065.0,432.0,9.0,5090.0,378366.0,1.0,2487.0,45.5,0.0,2546.0,46.6,,
2020-07-03,Scotland,12.0,18276.0,2.0,6067.0,422.0,12.0,5356.0,383722.0,1.0,2488.0,45.5,1.0,2547.0,46.6,,
2020-07-04,Scotland,11.0,18287.0,2.0,6069.0,430.0,20.0,3750.0,387472.0,0.0,2488.0,45.5,0.0,2547.0,46.6,,
2020-07-05,Scotland,9.0,18296.0,3.0,6072.0,424.0,11.0,3526.0,390998.0,0.0,2488.0,45.5,1.0,2548.0,46.6,,
2020-07-06,Scotland,4.0,18300.0,4.0,6076.0,384.0,8.0,4042.0,395040.0,0.0,2488.0,45.5,0.0,2548.0,46.6,,
2020-07-07,Scotland,2.0,18302.0,2.0,6078.0,376.0,7.0,5822.0,464456.0,1.0,2489.0,45.5,0.0,2548.0,46.6,,
2020-07-08,Scotland,7.0,18309.0,2.0,6080.0,358.0,11.0,10608.0,475064.0,1.0,2490.0,45.6,0.0,2548.0,46.6,,
2020-07-09,Scotland,6.0,18315.0,1.0,6081.0,342.0,9.0,17573.0,492637.0,0.0,2490.0,45.6,0.0,2548.0,46.6,,
2020-07-10,Scotland,18.0,18333.0,3.0,6084.0,337.0,12.0,9300.0,501937.0,0.0,2490.0,45.6,0.0,2548.0,46.6,,
2020-07-11,Scotland,7.0,18340.0,4.0,6088.0,323.0,6.0,11441.0,513378.0,0.0,2490.0,45.6,0.0,2548.0,46.6,,
2020-07-12,Scotland,19.0,18359.0,1.0,6089.0,330.0,6.0,4473.0,517851.0,0.0,2490.0,45.6,0.0,2548.0,46.6,,
2020-07-13,Scotland,6.0,18365.0,1.0,6090.0,335.0,6.0,4908.0,522759.0,0.0,2490.0,45.6,0.0,2548.0,46.6,,
2020-07-14,Scotland,3.0,18368.0,3.0,6093.0,327.0,12.0,6837.0,529597.0,0.0,2490.0,45.6,0.0,2548.0,46.6,,
2020-07-15,Scotland,5.0,18373.0,1.0,6094.0,329.0,6.0,7311.0,536907.0,0.0,2490.0,45.6,0.0,2548.0,46.6,,
2020-07-16,Scotland,11.0,18384.0,4.0,6098.0,320.0,6.0,14656.0,551563.0,1.0,2491.0,45.6,0.0,2548.0,46.6,,
2020-07-17,Scotland,17.0,18401.0,2.0,6100.0,316.0,9.0,16547.0,568110.0,0.0,2491.0,45.6,0.0,2548.0,46.6,,
2020-07-18,Scotland,21.0,18422.0,1.0,6101.0,305.0,8.0,12137.0,580247.0,0.0,2491.0,45.6,0.0,2548.0,46.6,,
2020-07-19,Scotland,23.0,18445.0,2.0,6103.0,302.0,4.0,4106.0,584353.0,0.0,2491.0,45.6,0.0,2548.0,46.6,,
2020-07-20,Scotland,7.0,18452.0,1.0,6104.0,299.0,10.0,6128.0,590481.0,0.0,2491.0,45.6,0.0,2548.0,46.6,,
2020-07-21,Scotland,22.0,18474.0,2.0,6106.0,303.0,20.0,9720.0,600201.0,0.0,2491.0,45.6,0.0,2548.0,46.6,,
2020-07-22,Scotland,10.0,18484.0,2.0,6108.0,295.0,3.0,11570.0,611771.0,0.0,2491.0,45.6,0.0,2548.0,46.6,,
2020-07-23,Scotland,16.0,18500.0,6.0,6114.0,287.0,2.0,16338.0,628109.0,0.0,2491.0,45.6,0.0,2548.0,46.6,,
2020-07-24,Scotland,20.0,18520.0,1.0,6115.0,278.0,2.0,14774.0,642883.0,0.0,2491.0,45.6,0.0,2548.0,46.6,,
2020-07-25,Scotland,27.0,18547.0,4.0,6119.0,270.0,2.0,9106.0,651989.0,0.0,2491.0,45.6,1.0,2549.0,46.6,,
2020-07-26,Scotland,4.0,18551.0,0.0,6119.0,267.0,2.0,4315.0,656304.0,0.0,2491.0,45.6,0.0,2549.0,46.6,,
2020-07-27,Scotland,3.0,18554.0,6.0,6125.0,270.0,2.0,6690.0,662994.0,0.0,2491.0,45.6,0.0,2549.0,46.6,,
2020-07-28,Scotland,4.0,18558.0,0.0,6125.0,264.0,2.0,9560.0,672554.0,0.0,2491.0,45.6,0.0,2549.0,46.6,,
2020-07-29,Scotland,22.0,18580.0,3.0,6128.0,260.0,2.0,13208.0,685762.0,0.0,2491.0,45.6,0.0,2549.0,46.6,,
2020-07-30,Scotland,17.0,18597.0,4.0,6132.0,260.0,2.0,15307.0,701069.0,0.0,2491.0,45.6,0.0,2549.0,46.6,,
2020-07-31,Scotland,30.0,18627.0,5.0,6137.0,255.0,4.0,15382.0,716451.0,0.0,2491.0,45.6,0.0,2549.0,46.6,,
2020-08-01,Scotland,18.0,18645.0,1.0,6138.0,260.0,3.0,8243.0,724694.0,0.0,2491.0,45.6,0.0,2549.0,46.6,,
2020-08-02,Scotland,31.0,18676.0,2.0,6140.0,265.0,3.0,6678.0,731372.0,0.0,2491.0,45.6,0.0,2549.0,46.6,,
2020-08-03,Scotland,18.0,18694.0,3.0,6143.0,265.0,3.0,5879.0,737251.0,0.0,2491.0,45.6,0.0,2549.0,46.6,,
2020-08-04,Scotland,23.0,18717.0,6.0,6149.0,270.0,3.0,11780.0,749031.0,0.0,2491.0,45.6,0.0,2549.0,46.6,,
2020-08-05,Scotland,64.0,18781.0,7.0,6156.0,267.0,3.0,15918.0,764949.0,0.0,2491.0,45.6,0.0,2549.0,46.6,,
2020-08-06,Scotland,66.0,18847.0,2.0,6158.0,270.0,4.0,13257.0,778206.0,0.0,2491.0,45.6,0.0,2549.0,46.6,,
2020-08-07,Scotland,43.0,18890.0,4.0,6162.0,262.0,4.0,14637.0,792843.0,0.0,2491.0,45.6,0.0,2549.0,46.6,,
2020-08-08,Scotland,60.0,18950.0,3.0,6165.0,261.0,3.0,12291.0,805134.0,0.0,2491.0,45.6,0.0,2549.0,46.6,,
2020-08-09,Scotland,48.0,18998.0,2.0,6167.0,261.0,3.0,10319.0,815453.0,0.0,2491.0,45.6,0.0,2549.0,46.6,,
2020-08-10,Scotland,29.0,19027.0,8.0,6175.0,267.0,3.0,9585.0,825038.0,0.0,2491.0,45.6,0.0,2549.0,46.6,,
2020-08-11,Scotland,52.0,19079.0,3.0,6178.0,269.0,3.0,11878.0,836916.0,0.0,2491.0,45.6,0.0,2549.0,46.6,,
2020-08-12,Scotland,47.0,19126.0,4.0,6182.0,265.0,3.0,12527.0,849443.0,0.0,2491.0,45.6,0.0,2549.0,46.6,,
2020-08-13,Scotland,47.0,19173.0,3.0,6185.0,258.0,3.0,13991.0,863434.0,0.0,2491.0,45.6,0.0,2549.0,46.6,,
2020-08-14,Scotland,65.0,19238.0,8.0,6193.0,253.0,3.0,15323.0,878757.0,0.0,2491.0,45.6,0.0,2549.0,46.6,,
2020-08-15,Scotland,51.0,19289.0,7.0,6200.0,244.0,3.0,11365.0,890122.0,0.0,2491.0,45.6,0.0,2549.0,46.6,,
2020-08-16,Scotland,43.0,19332.0,3.0,6203.0,243.0,3.0,10204.0,900326.0,0.0,2491.0,45.6,0.0,2549.0,46.6,,
2020-08-17,Scotland,26.0,19358.0,9.0,6212.0,248.0,3.0,11549.0,911875.0,0.0,2491.0,45.6,0.0,2549.0,46.6,,
2020-08-18,Scotland,49.0,19407.0,7.0,6219.0,254.0,3.0,10618.0,922493.0,0.0,2491.0,45.6,0.0,2549.0,46.6,,
2020-08-19,Scotland,50.0,19457.0,8.0,6227.0,247.0,2.0,16901.0,939394.0,1.0,2492.0,45.6,1.0,2550.0,46.7,,
2020-08-20,Scotland,77.0,19534.0,8.0,6235.0,248.0,2.0,15319.0,954713.0,0.0,2492.0,45.6,0.0,2550.0,46.7,,
2020-08-21,Scotland,71.0,19605.0,4.0,6239.0,253.0,2.0,15096.0,969809.0,0.0,2492.0,45.6,0.0,2550.0,46.7,,
2020-08-22,Scotland,123.0,19728.0,6.0,6245.0,246.0,2.0,18794.0,988603.0,0.0,2492.0,45.6,1.0,2551.0,46.7,,
2020-08-23,Scotland,83.0,19811.0,2.0,6247.0,245.0,2.0,12438.0,1001041.0,0.0,2492.0,45.6,1.0,2552.0,46.7,,
2020-08-24,Scotland,66.0,19877.0,10.0,6257.0,248.0,1.0,16909.0,1017950.0,0.0,2492.0,45.6,0.0,2552.0,46.7,,
2020-08-25,Scotland,44.0,19921.0,11.0,6268.0,243.0,1.0,22140.0,1040090.0,0.0,2492.0,45.6,0.0,2552.0,46.7,,
2020-08-26,Scotland,67.0,19988.0,12.0,6280.0,249.0,2.0,24255.0,1068890.0,2.0,2494.0,45.6,0.0,2552.0,46.7,,
2020-08-27,Scotland,68.0,20056.0,11.0,6291.0,257.0,2.0,15654.0,1079999.0,0.0,2494.0,45.6,0.0,2552.0,46.7,,
2020-08-28,Scotland,51.0,20107.0,5.0,6296.0,255.0,3.0,21112.0,1101111.0,0.0,2494.0,45.6,1.0,2553.0,46.7,,
2020-08-29,Scotland,88.0,20195.0,4.0,6300.0,258.0,5.0,26786.0,1127897.0,0.0,2494.0,45.6,0.0,2553.0,46.7,,
2020-08-30,Scotland,123.0,20318.0,3.0,6303.0,251.0,5.0,26318.0,1154215.0,0.0,2494.0,45.6,0.0,2553.0,46.7,,
2020-08-31,Scotland,160.0,20478.0,4.0,6307.0,258.0,5.0,21798.0,1176013.0,0.0,2494.0,45.6,0.0,2553.0,46.7,,
2020-09-01,Scotland,154.0,20632.0,4.0,6311.0,264.0,6.0,27246.0,1203259.0,0.0,2494.0,45.6,0.0,2553.0,46.7,,
2020-09-02,Scotland,156.0,20788.0,9.0,6320.0,258.0,5.0,20558.0,1223817.0,1.0,2495.0,45.6,1.0,2554.0,46.7,,
2020-09-03,Scotland,101.0,20889.0,5.0,6325.0,259.0,4.0,18266.0,1242083.0,1.0,2496.0,45.7,1.0,2555.0,46.7,,
2020-09-04,Scotland,159.0,21048.0,17.0,6342.0,258.0,4.0,15618.0,1257701.0,0.0,2496.0,45.7,1.0,2556.0,46.8,,
2020-09-05,Scotland,141.0,21189.0,9.0,6351.0,251.0,4.0,18418.0,1276119.0,0.0,2496.0,45.7,0.0,2556.0,46.8,,
2020-09-06,Scotland,208.0,21397.0,8.0,6359.0,244.0,4.0,12203.0,1288322.0,0.0,2496.0,45.7,0.0,2556.0,46.8,,
2020-09-07,Scotland,146.0,21543.0,17.0,6376.0,256.0,5.0,19630.0,1307952.0,0.0,2496.0,45.7,0.0,2556.0,46.8,,
2020-09-08,Scotland,176.0,21719.0,15.0,6391.0,267.0,6.0,14341.0,1322293.0,3.0,2499.0,45.7,0.0,2556.0,46.8,,
2020-09-09,Scotland,159.0,21878.0,9.0,6400.0,274.0,6.0,17012.0,1339305.0,0.0,2499.0,45.7,0.0,2556.0,46.8,,
2020-09-10,Scotland,161.0,22039.0,21.0,6421.0,266.0,7.0,12703.0,1352008.0,0.0,2499.0,45.7,0.0,2556.0,46.8,,
2020-09-11,Scotland,175.0,22214.0,20.0,6441.0,45.0,6.0,18240.0,1370248.0,0.0,2499.0,45.7,0.0,2556.0,46.8,,
2020-09-12,Scotland,221.0,22435.0,17.0,6458.0,42.0,7.0,18303.0,1388551.0,0.0,2499.0,45.7,0.0,2556.0,46.8,,
2020-09-13,Scotland,244.0,22679.0,12.0,6470.0,45.0,6.0,12402.0,1400953.0,0.0,2499.0,45.7,1.0,2557.0,46.8,,
2020-09-14,Scotland,70.0,22749.0,20.0,6490.0,51.0,6.0,17074.0,1418027.0,0.0,2499.0,45.7,3.0,2560.0,46.8,,
2020-09-15,Scotland,267.0,23016.0,21.0,6511.0,48.0,6.0,12696.0,1430723.0,1.0,2500.0,45.7,0.0,2560.0,46.8,,
2020-09-16,Scotland,267.0,23283.0,35.0,6546.0,51.0,6.0,18583.0,1449306.0,1.0,2501.0,45.8,0.0,2560.0,46.8,,
2020-09-17,Scotland,290.0,23573.0,21.0,6567.0,52.0,5.0,17289.0,1466595.0,0.0,2501.0,45.8,1.0,2561.0,46.9,,
2020-09-18,Scotland,203.0,23776.0,14.0,6581.0,61.0,5.0,24080.0,1490675.0,1.0,2502.0,45.8,2.0,2563.0,46.9,,
2020-09-19,Scotland,350.0,24126.0,19.0,6600.0,64.0,9.0,14893.0,1505568.0,3.0,2505.0,45.8,0.0,2563.0,46.9,,
2020-09-20,Scotland,245.0,24371.0,19.0,6619.0,63.0,9.0,12293.0,1517861.0,0.0,2505.0,45.8,3.0,2566.0,46.9,,
2020-09-21,Scotland,255.0,24626.0,28.0,6647.0,73.0,8.0,12497.0,1530358.0,0.0,2505.0,45.8,2.0,2568.0,47.0,,
2020-09-22,Scotland,383.0,25009.0,33.0,6680.0,73.0,10.0,11956.0,1542314.0,1.0,2506.0,45.8,2.0,2570.0,47.0,,
2020-09-23,Scotland,486.0,25495.0,29.0,6709.0,83.0,10.0,15362.0,1557676.0,2.0,2508.0,45.9,2.0,2572.0,47.1,,
2020-09-24,Scotland,465.0,25960.0,35.0,6744.0,85.0,10.0,16724.0,1574400.0,2.0,2510.0,45.9,2.0,2574.0,47.1,,
2020-09-25,Scotland,558.0,26518.0,35.0,6779.0,89.0,11.0,17518.0,1591918.0,1.0,2511.0,45.9,1.0,2575.0,47.1,,
2020-09-26,Scotland,714.0,27232.0,34.0,6813.0,99.0,11.0,17759.0,1609677.0,0.0,2511.0,45.9,2.0,2577.0,47.1,,
2020-09-27,Scotland,344.0,27576.0,35.0,6848.0,105.0,12.0,12965.0,1622642.0,1.0,2512.0,46.0,2.0,2579.0,47.2,,
2020-09-28,Scotland,222.0,27798.0,45.0,6893.0,122.0,16.0,13111.0,1635753.0,0.0,2512.0,46.0,3.0,2582.0,47.2,,
2020-09-29,Scotland,806.0,28604.0,33.0,6926.0,123.0,16.0,15629.0,1651382.0,0.0,2512.0,46.0,1.0,2583.0,47.3,,
2020-09-30,Scotland,640.0,29244.0,47.0,6973.0,137.0,15.0,14316.0,1665698.0,7.0,2519.0,46.1,4.0,2587.0,47.3,,
2020-10-01,Scotland,668.0,29912.0,64.0,7037.0,154.0,17.0,17785.0,1683483.0,3.0,2522.0,46.1,5.0,2592.0,47.4,,
2020-10-02,Scotland,775.0,30687.0,54.0,7091.0,175.0,19.0,22144.0,1705627.0,4.0,2526.0,46.2,1.0,2593.0,47.4,,
2020-10-03,Scotland,764.0,31451.0,46.0,7137.0,191.0,23.0,14094.0,1719721.0,4.0,2530.0,46.3,3.0,2596.0,47.5,,
2020-10-04,Scotland,758.0,32209.0,47.0,7184.0,210.0,22.0,15140.0,1734861.0,0.0,2530.0,46.3,3.0,2599.0,47.5,,
2020-10-05,Scotland,697.0,32906.0,73.0,7257.0,218.0,22.0,13992.0,1748853.0,0.0,2530.0,46.3,2.0,2601.0,47.6,,
2020-10-06,Scotland,800.0,33706.0,94.0,7351.0,262.0,25.0,17344.0,1766197.0,2.0,2532.0,46.3,4.0,2605.0,47.7,,
2020-10-07,Scotland,1054.0,34760.0,88.0,7439.0,319.0,28.0,18796.0,1784993.0,1.0,2533.0,46.3,9.0,2614.0,47.8,,
2020-10-08,Scotland,1027.0,35787.0,96.0,7535.0,377.0,31.0,18890.0,1803883.0,5.0,2538.0,46.4,11.0,2625.0,48.0,,
2020-10-09,Scotland,1246.0,37033.0,82.0,7617.0,397.0,31.0,19664.0,1823547.0,6.0,2544.0,46.5,6.0,2631.0,48.1,,
2020-10-10,Scotland,1009.0,38042.0,75.0,7692.0,432.0,34.0,18022.0,1841569.0,6.0,2550.0,46.7,11.0,2642.0,48.3,,
2020-10-11,Scotland,956.0,38998.0,80.0,7772.0,449.0,35.0,12994.0,1854563.0,0.0,2550.0,46.7,11.0,2653.0,48.5,,
2020-10-12,Scotland,961.0,39959.0,107.0,7879.0,487.0,36.0,19573.0,1874136.0,0.0,2550.0,46.7,8.0,2661.0,48.7,,
2020-10-13,Scotland,1297.0,41256.0,125.0,8004.0,527.0,35.0,22152.0,1896288.0,7.0,2557.0,46.8,12.0,2673.0,48.9,,
2020-10-14,Scotland,1429.0,42685.0,123.0,8127.0,570.0,49.0,18085.0,1914373.0,15.0,2572.0,47.1,6.0,2679.0,49.0,,
2020-10-15,Scotland,1351.0,44036.0,107.0,8234.0,601.0,52.0,21057.0,1935430.0,13.0,2585.0,47.3,16.0,2695.0,49.3,,
2020-10-16,Scotland,1196.0,45232.0,140.0,8374.0,627.0,58.0,15089.0,1950519.0,9.0,2594.0,47.5,20.0,2715.0,49.7,,
2020-10-17,Scotland,1167.0,46399.0,88.0,8462.0,672.0,62.0,15791.0,1966310.0,15.0,2609.0,47.7,10.0,2725.0,49.9,,
2020-10-18,Scotland,316.0,46715.0,89.0,8551.0,712.0,63.0,16920.0,1983230.0,0.0,2609.0,47.7,22.0,2747.0,50.3,,
2020-10-19,Scotland,993.0,47708.0,140.0,8691.0,755.0,61.0,14107.0,1997337.0,1.0,2610.0,47.7,16.0,2763.0,50.5,,
2020-10-20,Scotland,1456.0,49164.0,138.0,8829.0,824.0,70.0,20001.0,2017338.0,15.0,2625.0,48.0,19.0,2782.0,50.9,,
2020-10-21,Scotland,1739.0,50903.0,132.0,8961.0,873.0,73.0,19690.0,2038027.0,28.0,2653.0,48.5,11.0,2793.0,51.1,,
2020-10-22,Scotland,1712.0,52615.0,137.0,9098.0,934.0,74.0,19014.0,2057041.0,17.0,2670.0,48.8,17.0,2810.0,51.4,,
2020-10-23,Scotland,1401.0,54016.0,131.0,9229.0,975.0,76.0,18293.0,2075334.0,18.0,2688.0,49.2,18.0,2828.0,51.7,,
2020-10-24,Scotland,1433.0,55449.0,120.0,9349.0,985.0,84.0,18026.0,2093360.0,11.0,2699.0,49.4,20.0,2848.0,52.1,,
2020-10-25,Scotland,1303.0,56752.0,116.0,9465.0,1016.0,86.0,17681.0,2111041.0,1.0,2700.0,49.4,23.0,2871.0,52.5,,
2020-10-26,Scotland,1122.0,57874.0,140.0,9605.0,1052.0,90.0,17143.0,2128184.0,1.0,2701.0,49.4,31.0,2902.0,53.1,,
2020-10-27,Scotland,1327.0,59201.0,138.0,9743.0,1100.0,82.0,20129.0,2148313.0,25.0,2726.0,49.9,16.0,2918.0,53.4,,
2020-10-28,Scotland,1202.0,60403.0,131.0,9874.0,1117.0,85.0,18097.0,2166410.0,28.0,2754.0,50.4,29.0,2947.0,53.9,,
2020-10-29,Scotland,1128.0,61531.0,103.0,9977.0,1152.0,86.0,25054.0,2191464.0,37.0,2791.0,51.1,29.0,2976.0,54.4,,
2020-10-30,Scotland,1281.0,62812.0,133.0,10110.0,1171.0,83.0,20570.0,2212034.0,28.0,2819.0,51.6,35.0,3011.0,55.1,,
2020-10-31,Scotland,1101.0,63913.0,106.0,10216.0,1154.0,80.0,18565.0,2230599.0,24.0,2843.0,52.0,24.0,3035.0,55.5,,
2020-11-01,Scotland,1148.0,65061.0,105.0,10321.0,1203.0,81.0,11090.0,2241689.0,6.0,2849.0,52.1,35.0,3070.0,56.2,,
2020-11-02,Scotland,951.0,66012.0,115.0,10436.0,1235.0,93.0,11124.0,2252813.0,0.0,2849.0,52.1,30.0,3100.0,56.7,,
2020-11-03,Scotland,999.0,67011.0,119.0,10555.0,1264.0,92.0,20420.0,2273233.0,28.0,2877.0,52.6,35.0,3135.0,57.4,,
2020-11-04,Scotland,1433.0,68444.0,126.0,10681.0,1257.0,94.0,18777.0,2292010.0,50.0,2927.0,53.5,19.0,3154.0,57.7,,
2020-11-05,Scotland,1216.0,69660.0,102.0,10783.0,1252.0,95.0,22784.0,2314794.0,39.0,2966.0,54.3,41.0,3195.0,58.5,,
2020-11-06,Scotland,1072.0,70732.0,99.0,10882.0,1237.0,98.0,29644.0,2344438.0,31.0,2997.0,54.8,27.0,3222.0,58.9,,
2020-11-07,Scotland,1596.0,72328.0,88.0,10970.0,1245.0,105.0,17229.0,2361667.0,39.0,3036.0,55.5,37.0,3259.0,59.6,,
2020-11-08,Scotland,1115.0,73443.0,82.0,11052.0,1245.0,111.0,11479.0,2373146.0,3.0,3039.0,55.6,36.0,3295.0,60.3,,
2020-11-09,Scotland,912.0,74355.0,103.0,11155.0,1227.0,105.0,10499.0,2383645.0,1.0,3040.0,55.6,42.0,3337.0,61.1,,
2020-11-10,Scotland,832.0,75187.0,107.0,11262.0,1239.0,102.0,22096.0,2405741.0,39.0,3079.0,56.3,36.0,3373.0,61.7,,
2020-11-11,Scotland,1261.0,76448.0,116.0,11378.0,1235.0,93.0,22883.0,2428624.0,64.0,3143.0,57.5,37.0,3410.0,62.4,,
2020-11-12,Scotland,1212.0,77660.0,113.0,11491.0,1207.0,98.0,26995.0,2455619.0,45.0,3188.0,58.3,32.0,3442.0,63.0,,
2020-11-13,Scotland,1357.0,79017.0,109.0,11600.0,1228.0,96.0,22166.0,2477785.0,56.0,3244.0,59.3,38.0,3480.0,63.7,,
2020-11-14,Scotland,1118.0,80135.0,101.0,11701.0,1198.0,92.0,18732.0,2496517.0,36.0,3280.0,60.0,41.0,3521.0,64.4,,
2020-11-15,Scotland,1159.0,81294.0,95.0,11796.0,1241.0,100.0,10093.0,2506610.0,0.0,3280.0,60.0,34.0,3555.0,65.0,,
2020-11-16,Scotland,717.0,82011.0,96.0,11892.0,1227.0,98.0,14941.0,2521551.0,6.0,3286.0,60.1,33.0,3588.0,65.6,,
2020-11-17,Scotland,1248.0,83259.0,111.0,12003.0,1250.0,95.0,21755.0,2543306.0,37.0,3323.0,60.8,36.0,3624.0,66.3,,
2020-11-18,Scotland,1264.0,84523.0,98.0,12101.0,1241.0,88.0,27384.0,2570690.0,54.0,3377.0,61.8,24.0,3648.0,66.7,,
2020-11-19,Scotland,1089.0,85612.0,97.0,12198.0,1212.0,85.0,24468.0,2595158.0,50.0,3427.0,62.7,25.0,3673.0,67.2,,
2020-11-20,Scotland,1018.0,86630.0,111.0,12309.0,1234.0,89.0,17245.0,2612403.0,32.0,3459.0,63.3,29.0,3702.0,67.7,,
2020-11-21,Scotland,887.0,87517.0,88.0,12397.0,1194.0,100.0,19664.0,2632067.0,37.0,3496.0,64.0,33.0,3735.0,68.3,,
2020-11-22,Scotland,844.0,88361.0,68.0,12465.0,1170.0,95.0,13013.0,2645080.0,7.0,3503.0,64.1,36.0,3771.0,69.0,,
2020-11-23,Scotland,949.0,89310.0,107.0,12572.0,1208.0,84.0,11316.0,2656396.0,0.0,3503.0,64.1,31.0,3802.0,69.6,,
2020-11-24,Scotland,771.0,90081.0,105.0,12677.0,1197.0,84.0,15605.0,2672001.0,41.0,3544.0,64.8,30.0,3832.0,70.1,,
2020-11-25,Scotland,880.0,90961.0,86.0,12763.0,1156.0,84.0,29944.0,2701945.0,44.0,3588.0,65.6,32.0,3864.0,70.7,,
2020-11-26,Scotland,1225.0,92186.0,105.0,12868.0,1125.0,90.0,26927.0,2728872.0,51.0,3639.0,66.6,23.0,3887.0,71.1,,
2020-11-27,Scotland,969.0,93155.0,92.0,12960.0,1099.0,80.0,21494.0,2750366.0,37.0,3676.0,67.3,24.0,3911.0,71.6,,
2020-11-28,Scotland,788.0,93943.0,63.0,13023.0,1074.0,77.0,15405.0,2765771.0,44.0,3720.0,68.1,41.0,3952.0,72.3,,
2020-11-29,Scotland,746.0,94689.0,69.0,13092.0,1049.0,76.0,7285.0,2772375.0,2.0,3722.0,68.1,28.0,3980.0,72.8,,
2020-11-30,Scotland,369.0,95058.0,90.0,13182.0,1041.0,75.0,13039.0,2784822.0,3.0,3725.0,68.1,32.0,4012.0,73.4,,
2020-12-01,Scotland,754.0,95811.0,85.0,13267.0,1021.0,70.0,24173.0,2808995.0,34.0,3759.0,68.8,27.0,4039.0,73.9,,
2020-12-02,Scotland,951.0,96762.0,103.0,13370.0,991.0,68.0,26233.0,2835228.0,38.0,3797.0,69.5,20.0,4059.0,74.3,,
2020-12-03,Scotland,958.0,97720.0,75.0,13445.0,982.0,69.0,26867.0,2862095.0,51.0,3848.0,70.4,36.0,4095.0,74.9,,
2020-12-04,Scotland,966.0,98686.0,86.0,13531.0,965.0,65.0,20723.0,2882818.0,41.0,3889.0,71.1,29.0,4124.0,75.4,,
2020-12-05,Scotland,777.0,99463.0,78.0,13609.0,945.0,64.0,14790.0,2897608.0,22.0,3911.0,71.6,19.0,4143.0,75.8,,
2020-12-06,Scotland,643.0,100106.0,66.0,13675.0,951.0,62.0,11521.0,2909129.0,5.0,3916.0,71.6,29.0,4172.0,76.3,,
2020-12-07,Scotland,677.0,100783.0,92.0,13767.0,974.0,59.0,15201.0,2924330.0,1.0,3917.0,71.7,29.0,4201.0,76.9,,
2020-12-08,Scotland,692.0,101475.0,106.0,13873.0,983.0,57.0,22269.0,2945043.0,33.0,3950.0,72.3,28.0,4229.0,77.4,,
2020-12-09,Scotland,897.0,102372.0,97.0,13970.0,972.0,50.0,23498.0,2968541.0,39.0,3989.0,73.0,23.0,4252.0,77.8,,
2020-12-10,Scotland,933.0,103305.0,94.0,14064.0,984.0,52.0,24924.0,2993465.0,50.0,4039.0,73.9,23.0,4275.0,78.2,,
2020-12-11,Scotland,1001.0,104306.0,93.0,14157.0,999.0,53.0,23295.0,3016760.0,30.0,4069.0,74.4,20.0,4295.0,78.6,,
2020-12-12,Scotland,1064.0,105370.0,70.0,14227.0,994.0,52.0,17236.0,3033996.0,39.0,4109.0,75.2,23.0,4318.0,79.0,,
2020-12-13,Scotland,800.0,106170.0,70.0,14297.0,1015.0,47.0,10914.0,3044910.0,2.0,4111.0,75.2,26.0,4344.0,79.5,,
2020-12-14,Scotland,734.0,106904.0,94.0,14391.0,1012.0,46.0,13142.0,3058052.0,0.0,4111.0,75.2,31.0,4375.0,80.0,,
2020-12-15,Scotland,845.0,107749.0,84.0,14475.0,996.0,45.0,13825.0,3161877.0,24.0,4135.0,75.6,32.0,4407.0,80.6,,
2020-12-16,Scotland,689.0,108438.0,114.0,14589.0,1031.0,49.0,22452.0,3094329.0,38.0,4173.0,76.3,31.0,4438.0,81.2,,
2020-12-17,Scotland,858.0,109296.0,99.0,14688.0,1012.0,50.0,20702.0,3115031.0,30.0,4203.0,76.9,36.0,4474.0,81.9,,
2020-12-18,Scotland,744.0,110040.0,89.0,14777.0,1032.0,50.0,15917.0,3130948.0,36.0,4239.0,77.6,23.0,4497.0,82.3,,
2020-12-19,Scotland,572.0,110612.0,93.0,14870.0,1033.0,53.0,20923.0,3151871.0,41.0,4280.0,78.3,27.0,4524.0,82.8,,
2020-12-20,Scotland,934.0,111546.0,70.0,14940.0,1061.0,58.0,28051.0,3179922.0,3.0,4283.0,78.4,29.0,4553.0,83.3,,
2020-12-21,Scotland,1504.0,113050.0,109.0,15049.0,1078.0,59.0,19547.0,3199469.0,0.0,4283.0,78.4,25.0,4578.0,83.8,,
2020-12-22,Scotland,1316.0,114366.0,105.0,15154.0,1045.0,60.0,26530.0,3225999.0,43.0,4326.0,79.1,28.0,4606.0,84.3,,
2020-12-23,Scotland,1190.0,115556.0,106.0,15260.0,1025.0,56.0,27872.0,3253871.0,47.0,4373.0,80.0,35.0,4641.0,84.9,,
2020-12-24,Scotland,1314.0,116870.0,96.0,15356.0,1008.0,56.0,30619.0,3284490.0,43.0,4416.0,80.8,36.0,4677.0,85.6,,
2020-12-25,Scotland,1165.0,118035.0,78.0,15434.0,973.0,47.0,15411.0,3299901.0,43.0,4459.0,81.6,35.0,4712.0,86.2,,
2020-12-26,Scotland,1149.0,119184.0,109.0,15543.0,985.0,52.0,6793.0,3306694.0,0.0,4459.0,81.6,34.0,4746.0,86.8,,
2020-12-27,Scotland,740.0,119924.0,142.0,15685.0,993.0,54.0,8819.0,3315513.0,1.0,4460.0,81.6,34.0,4780.0,87.4,,
2020-12-28,Scotland,967.0,120891.0,155.0,15840.0,1040.0,56.0,14179.0,3329692.0,0.0,4460.0,81.6,31.0,4811.0,88.0,,
2020-12-29,Scotland,1895.0,122786.0,156.0,15996.0,1092.0,65.0,19722.0,3349414.0,7.0,4467.0,81.7,26.0,4837.0,88.5,,
2020-12-30,Scotland,2045.0,124831.0,192.0,16188.0,1133.0,69.0,28295.0,3377709.0,43.0,4510.0,82.5,32.0,4869.0,89.1,,
2020-12-31,Scotland,2622.0,127453.0,173.0,16361.0,1174.0,70.0,28313.0,3406022.0,68.0,4578.0,83.8,44.0,4913.0,89.9,,
2021-01-01,Scotland,2539.0,129992.0,135.0,16496.0,1189.0,73.0,21451.0,3427473.0,43.0,4621.0,84.5,35.0,4948.0,90.5,,
2021-01-02,Scotland,2137.0,132129.0,154.0,16650.0,1212.0,78.0,17328.0,3444801.0,0.0,4621.0,84.5,42.0,4990.0,91.3,,
2021-01-03,Scotland,2464.0,134593.0,137.0,16787.0,1246.0,81.0,13810.0,3458611.0,1.0,4622.0,84.6,42.0,5032.0,92.1,,
2021-01-04,Scotland,1905.0,136498.0,188.0,16975.0,1282.0,83.0,18336.0,3476947.0,0.0,4622.0,84.6,37.0,5069.0,92.7,,
2021-01-05,Scotland,2529.0,139027.0,197.0,17172.0,1347.0,93.0,21101.0,3498048.0,11.0,4633.0,84.8,40.0,5109.0,93.5,,
2021-01-06,Scotland,2039.0,141066.0,201.0,17373.0,1384.0,95.0,26966.0,3525014.0,68.0,4701.0,86.0,48.0,5157.0,94.3,,
2021-01-07,Scotland,2649.0,143715.0,205.0,17578.0,1467.0,100.0,31444.0,3556458.0,78.0,4779.0,87.4,44.0,5201.0,95.2,,
2021-01-08,Scotland,2309.0,146024.0,198.0,17776.0,1530.0,102.0,26352.0,3582810.0,93.0,4872.0,89.1,42.0,5243.0,95.9,,
2021-01-09,Scotland,1865.0,147889.0,184.0,17960.0,1596.0,109.0,20968.0,3603778.0,93.0,4965.0,90.8,38.0,5281.0,96.6,,
2021-01-10,Scotland,1877.0,149766.0,168.0,18128.0,1598.0,123.0,17730.0,3621508.0,3.0,4968.0,90.9,59.0,5340.0,97.7,163377.0,2758.0
2021-01-11,Scotland,1782.0,151548.0,242.0,18370.0,1664.0,126.0,17517.0,3639025.0,1.0,4969.0,90.9,48.0,5388.0,98.6,175942.0,2857.0
2021-01-12,Scotland,1875.0,153423.0,211.0,18581.0,1717.0,133.0,23432.0,3662457.0,54.0,5023.0,91.9,51.0,5439.0,99.5,191965.0,2990.0
2021-01-13,Scotland,1949.0,155372.0,180.0,18761.0,1794.0,134.0,25381.0,3687838.0,79.0,5102.0,93.3,51.0,5490.0,100.4,208207.0,3190.0
2021-01-14,Scotland,1707.0,157079.0,205.0,18966.0,1840.0,142.0,34932.0,3722770.0,64.0,5166.0,94.5,58.0,5548.0,101.5,224840.0,3331.0
2021-01-15,Scotland,2160.0,159239.0,184.0,19150.0,1881.0,141.0,24314.0,3747084.0,61.0,5227.0,95.6,58.0,5606.0,102.6,241924.0,3512.0
2021-01-16,Scotland,1753.0,160992.0,170.0,19320.0,1893.0,145.0,16256.0,3763340.0,78.0,5305.0,97.1,76.0,5682.0,104.0,260140.0,3657.0
2021-01-17,Scotland,1341.0,162333.0,160.0,19480.0,1918.0,147.0,13294.0,3776634.0,0.0,5305.0,97.1,43.0,5725.0,104.7,264991.0,3698.0
2021-01-18,Scotland,1429.0,163762.0,176.0,19656.0,1959.0,146.0,13193.0,3789827.0,0.0,5305.0,97.1,63.0,5788.0,105.9,284582.0,3886.0
2021-01-19,Scotland,1165.0,164927.0,197.0,19853.0,1989.0,150.0,25476.0,3815303.0,71.0,5376.0,98.4,70.0,5858.0,107.2,309909.0,4170.0
2021-01-20,Scotland,1656.0,166583.0,184.0,20037.0,2003.0,156.0,27873.0,3843176.0,92.0,5468.0,100.0,66.0,5924.0,108.4,334871.0,4466.0
2021-01-21,Scotland,1636.0,168219.0,194.0,20231.0,2004.0,161.0,26054.0,3869230.0,89.0,5557.0,101.7,57.0,5981.0,109.4,358454.0,4689.0
2021-01-22,Scotland,1480.0,169699.0,171.0,20402.0,2053.0,161.0,20393.0,3889623.0,71.0,5628.0,103.0,68.0,6049.0,110.7,380667.0,5188.0
2021-01-23,Scotland,1307.0,171006.0,147.0,20549.0,2026.0,159.0,19339.0,3908962.0,76.0,5704.0,104.4,53.0,6102.0,111.6,404038.0,5383.0
2021-01-24,Scotland,1195.0,172201.0,120.0,20669.0,2010.0,157.0,10326.0,3919288.0,1.0,5705.0,104.4,70.0,6172.0,112.9,415402.0,5538.0
2021-01-25,Scotland,752.0,172953.0,147.0,20816.0,2016.0,151.0,13819.0,3933107.0,4.0,5709.0,104.4,52.0,6224.0,113.9,437900.0,6060.0
2021-01-26,Scotland,1049.0,174002.0,162.0,20978.0,2010.0,149.0,26551.0,3959658.0,87.0,5796.0,106.0,50.0,6274.0,114.8,462092.0,6596.0
2021-01-27,Scotland,1330.0,175332.0,156.0,21134.0,2016.0,145.0,25955.0,3985613.0,92.0,5888.0,107.7,61.0,6335.0,115.9,491658.0,6783.0
2021-01-28,Scotland,1201.0,176533.0,140.0,21274.0,1983.0,142.0,23330.0,4008943.0,82.0,5970.0,109.2,46.0,6381.0,116.7,515855.0,7095.0
2021-01-29,Scotland,1155.0,177688.0,152.0,21426.0,1958.0,144.0,22056.0,4030999.0,70.0,6040.0,110.5,59.0,6440.0,117.8,543370.0,7638.0
2021-01-30,Scotland,994.0,178682.0,118.0,21544.0,1952.0,142.0,14163.0,4045162.0,60.0,6100.0,111.6,44.0,6484.0,118.6,566269.0,7794.0
2021-01-31,Scotland,1003.0,179685.0,108.0,21652.0,1941.0,143.0,10511.0,4055673.0,6.0,6106.0,111.7,48.0,6532.0,119.5,575897.0,7849.0
2021-02-01,Scotland,848.0,180533.0,123.0,21775.0,1958.0,143.0,12731.0,4068404.0,6.0,6112.0,111.8,43.0,6575.0,120.3,610778.0,8345.0
2021-02-02,Scotland,758.0,181291.0,113.0,21888.0,1934.0,140.0,22807.0,4091211.0,69.0,6181.0,113.1,44.0,6619.0,121.1,649262.0,8758.0
2021-02-03,Scotland,978.0,182269.0,111.0,21999.0,1865.0,131.0,27668.0,4118879.0,88.0,6269.0,114.7,48.0,6667.0,122.0,694347.0,9031.0
2021-02-04,Scotland,1149.0,183418.0,111.0,22110.0,1812.0,127.0,21943.0,4140822.0,53.0,6322.0,115.7,32.0,6699.0,122.6,742512.0,9529.0
2021-02-05,Scotland,895.0,184313.0,114.0,22224.0,1794.0,123.0,17940.0,4158762.0,61.0,6383.0,116.8,44.0,6743.0,123.4,786427.0,10332.0
2021-02-06,Scotland,895.0,185208.0,92.0,22316.0,1729.0,117.0,9479.0,4168241.0,48.0,6431.0,117.7,51.0,6794.0,124.3,839266.0,10582.0
2021-02-07,Scotland,584.0,185792.0,97.0,22413.0,1710.0,108.0,16583.0,4184824.0,7.0,6438.0,117.8,42.0,6836.0,125.1,866823.0,10690.0
2021-02-08,Scotland,928.0,186720.0,83.0,22496.0,1672.0,108.0,13184.0,4198008.0,5.0,6443.0,117.9,40.0,6876.0,125.8,928122.0,12257.0
2021-02-09,Scotland,822.0,187542.0,97.0,22593.0,1618.0,112.0,19469.0,4217477.0,58.0,6501.0,118.9,49.0,6925.0,126.7,985569.0,12866.0
2021-02-10,Scotland,803.0,188345.0,81.0,22674.0,1542.0,113.0,24121.0,4241598.0,50.0,6551.0,119.8,37.0,6962.0,127.4,1048747.0,13195.0
2021-02-11,Scotland,830.0,189175.0,96.0,22770.0,1499.0,109.0,19184.0,4260782.0,48.0,6599.0,120.7,35.0,6997.0,128.0,1113625.0,13566.0
2021-02-12,Scotland,830.0,190005.0,94.0,22864.0,1472.0,115.0,22259.0,4283041.0,67.0,6666.0,122.0,41.0,7038.0,128.8,1173445.0,14009.0
2021-02-13,Scotland,908.0,190913.0,71.0,22935.0,1449.0,110.0,13808.0,4296849.0,45.0,6711.0,122.8,32.0,7070.0,129.3,1223774.0,14281.0
2021-02-14,Scotland,903.0,191816.0,64.0,22999.0,1443.0,104.0,9943.0,4306792.0,4.0,6715.0,122.9,32.0,7102.0,129.9,1255190.0,14501.0
2021-02-15,Scotland,559.0,192375.0,91.0,23090.0,1428.0,102.0,14568.0,4321360.0,0.0,6715.0,122.9,34.0,7136.0,130.6,1288004.0,17137.0
2021-02-16,Scotland,773.0,193148.0,99.0,23189.0,1383.0,100.0,24343.0,4345703.0,49.0,6764.0,123.7,26.0,7162.0,131.0,1320074.0,20409.0
2021-02-17,Scotland,1121.0,194269.0,76.0,23265.0,1317.0,99.0,21280.0,4366983.0,64.0,6828.0,124.9,28.0,7190.0,131.5,1354966.0,24169.0
2021-02-18,Scotland,685.0,194954.0,78.0,23343.0,1261.0,95.0,23231.0,4390214.0,57.0,6885.0,126.0,35.0,7225.0,132.2,1386152.0,29015.0
2021-02-19,Scotland,885.0,195839.0,91.0,23434.0,1222.0,98.0,19882.0,4410096.0,31.0,6916.0,126.5,44.0,7269.0,133.0,1412643.0,33473.0
2021-02-20,Scotland,803.0,196642.0,86.0,23520.0,1154.0,98.0,17955.0,4428051.0,29.0,6945.0,127.1,27.0,7296.0,133.5,1431942.0,35479.0
2021-02-21,Scotland,827.0,197469.0,70.0,23590.0,1132.0,99.0,12359.0,4440410.0,5.0,6950.0,127.1,20.0,7316.0,133.8,1445488.0,37342.0
2021-02-22,Scotland,715.0,198184.0,73.0,23663.0,1141.0,99.0,16031.0,4456441.0,0.0,6950.0,127.1,22.0,7338.0,134.2,1465241.0,43203.0
2021-02-23,Scotland,655.0,198839.0,68.0,23731.0,1076.0,93.0,23519.0,4479960.0,56.0,7006.0,128.2,16.0,7354.0,134.5,1488077.0,50121.0
2021-02-24,Scotland,798.0,199637.0,57.0,23788.0,1018.0,93.0,24589.0,4504549.0,47.0,7053.0,129.0,18.0,7372.0,134.9,1515980.0,56661.0
2021-02-25,Scotland,769.0,200406.0,49.0,23837.0,967.0,89.0,20410.0,4524959.0,31.0,7084.0,129.6,20.0,7392.0,135.2,1542929.0,65340.0
2021-02-26,Scotland,581.0,200987.0,62.0,23899.0,924.0,80.0,19615.0,4544574.0,27.0,7111.0,130.1,16.0,7408.0,135.5,1570153.0,72178.0
2021-02-27,Scotland,525.0,201512.0,50.0,23949.0,898.0,74.0,17663.0,4562237.0,18.0,7129.0,130.4,19.0,7427.0,135.9,1593695.0,76512.0
2021-02-28,Scotland,572.0,202084.0,54.0,24003.0,837.0,78.0,9982.0,4572219.0,2.0,7131.0,130.5,9.0,7436.0,136.0,1611578.0,78865.0
2021-03-01,Scotland,386.0,202470.0,67.0,24070.0,824.0,71.0,14537.0,4586756.0,0.0,7131.0,130.5,20.0,7456.0,136.4,1634361.0,84445.0
2021-03-02,Scotland,542.0,203012.0,64.0,24134.0,784.0,71.0,24377.0,4611133.0,33.0,7164.0,131.1,12.0,7468.0,136.6,1661879.0,92550.0
2021-03-03,Scotland,543.0,203555.0,41.0,24175.0,750.0,69.0,24723.0,4635856.0,35.0,7371.0,134.9,11.0,7479.0,136.8,1688608.0,100058.0
2021-03-04,Scotland,500.0,204055.0,45.0,24220.0,718.0,67.0,19132.0,4654988.0,24.0,7398.0,135.3,14.0,7493.0,137.1,1717672.0,108197.0
2021-03-05,Scotland,498.0,204553.0,41.0,24261.0,666.0,64.0,22992.0,4677980.0,11.0,7409.0,135.5,8.0,7501.0,137.2,1743869.0,114081.0
2021-03-06,Scotland,555.0,205108.0,37.0,24298.0,639.0,63.0,14057.0,4692037.0,12.0,7421.0,135.8,10.0,7511.0,137.4,1759750.0,115930.0
2021-03-07,Scotland,390.0,205498.0,24.0,24322.0,628.0,61.0,11529.0,4703566.0,0.0,7421.0,135.8,10.0,7521.0,137.6,1774659.0,118732.0
2021-03-08,Scotland,501.0,205999.0,34.0,24356.0,654.0,59.0,16342.0,4719908.0,1.0,7422.0,135.8,15.0,7536.0,137.9,1789377.0,123686.0
2021-03-09,Scotland,466.0,206465.0,45.0,24401.0,614.0,49.0,24998.0,4744906.0,19.0,7441.0,136.1,10.0,7546.0,138.1,1809158.0,132760.0
2021-03-10,Scotland,691.0,207156.0,34.0,24435.0,582.0,49.0,26761.0,4769667.0,20.0,7461.0,136.5,5.0,7551.0,138.1,1825800.0,141433.0
2021-03-11,Scotland,591.0,207747.0,36.0,24471.0,525.0,40.0,22596.0,4794263.0,22.0,7483.0,136.9,8.0,7559.0,138.3,1844636.0,149409.0
2021-03-12,Scotland,682.0,208429.0,41.0,24512.0,512.0,38.0,23284.0,4817547.0,17.0,7500.0,137.2,6.0,7565.0,138.4,1867123.0,156250.0
2021-03-13,Scotland,639.0,209068.0,29.0,24541.0,479.0,38.0,16261.0,4833808.0,8.0,7508.0,137.4,4.0,7569.0,138.5,1888697.0,160038.0
2021-03-14,Scotland,484.0,209552.0,26.0,24567.0,461.0,40.0,11261.0,4845069.0,2.0,7510.0,137.4,7.0,7576.0,138.6,1908991.0,161945.0
2021-03-15,Scotland,456.0,210008.0,40.0,24607.0,447.0,40.0,17208.0,4862277.0,0.0,7510.0,137.4,1.0,7577.0,138.6,1943507.0,170892.0
2021-03-16,Scotland,597.0,210605.0,25.0,24632.0,440.0,42.0,23451.0,4885728.0,7.0,7517.0,137.5,11.0,7588.0,138.8,1981818.0,181879.0
2021-03-17,Scotland,625.0,211230.0,36.0,24668.0,422.0,38.0,26282.0,4912010.0,12.0,7529.0,137.7,8.0,7596.0,139.0,2023002.0,192100.0
2021-03-18,Scotland,624.0,211854.0,32.0,24700.0,405.0,38.0,25080.0,4937090.0,7.0,7536.0,137.9,3.0,7599.0,139.0,2066460.0,201435.0
2021-03-19,Scotland,655.0,212509.0,23.0,24723.0,397.0,35.0,19947.0,4957037.0,8.0,7544.0,138.0,6.0,7605.0,139.1,2110780.0,211272.0
2021-03-20,Scotland,488.0,212997.0,19.0,24742.0,367.0,31.0,21010.0,4978047.0,8.0,7552.0,138.2,5.0,7610.0,139.2,2144940.0,220188.0
2021-03-21,Scotland,532.0,213529.0,29.0,24771.0,344.0,31.0,10759.0,4988806.0,0.0,7552.0,138.2,4.0,7614.0,139.3,2182400.0,225096.0
2021-03-22,Scotland,359.0,213888.0,33.0,24804.0,353.0,33.0,15217.0,5004023.0,0.0,7552.0,138.2,3.0,7617.0,139.4,2214672.0,235671.0
2021-03-23,Scotland,495.0,214383.0,28.0,24832.0,341.0,28.0,25694.0,5029717.0,7.0,7559.0,138.3,3.0,7620.0,139.4,2249612.0,249252.0
2021-03-24,Scotland,692.0,215075.0,27.0,24859.0,321.0,31.0,31946.0,5061663.0,3.0,7562.0,138.3,4.0,7624.0,139.5,2285711.0,263236.0
2021-03-25,Scotland,701.0,215599.0,29.0,24888.0,310.0,32.0,24886.0,5086163.0,10.0,7572.0,138.5,7.0,7631.0,139.6,2322832.0,279814.0
2021-03-26,Scotland,543.0,216142.0,24.0,24912.0,296.0,26.0,25519.0,5111682.0,6.0,7578.0,138.6,5.0,7636.0,139.7,2358807.0,294714.0
2021-03-27,Scotland,563.0,216705.0,20.0,24932.0,283.0,26.0,17627.0,5129309.0,6.0,7584.0,138.7,5.0,7641.0,139.8,2386158.0,317217.0
2021-03-28,Scotland,422.0,217127.0,24.0,24956.0,264.0,22.0,12456.0,5141765.0,0.0,7584.0,138.7,5.0,7646.0,139.9,2410281.0,331969.0
2021-03-29,Scotland,352.0,217479.0,23.0,24979.0,259.0,22.0,17468.0,5159233.0,0.0,7584.0,138.7,5.0,7651.0,140.0,2437543.0,348635.0
2021-03-30,Scotland,411.0,217890.0,20.0,24999.0,250.0,23.0,28144.0,5187377.0,12.0,7596.0,139.0,2.0,7653.0,140.0,2465541.0,372104.0
2021-03-31,Scotland,542.0,218432.0,21.0,25020.0,237.0,21.0,25956.0,5213333.0,6.0,7602.0,139.1,1.0,7654.0,140.0,2493327.0,399062.0
2021-04-01,Scotland,400.0,218832.0,23.0,25043.0,215.0,21.0,23818.0,5237151.0,8.0,7610.0,139.2,1.0,7655.0,140.0,2515748.0,414540.0
2021-04-02,Scotland,414.0,219246.0,26.0,25069.0,207.0,23.0,21560.0,5258711.0,4.0,7614.0,139.3,2.0,7657.0,140.1,2535889.0,434941.0
2021-04-03,Scotland,397.0,219643.0,17.0,25086.0,201.0,18.0,14164.0,5272875.0,0.0,7614.0,139.3,2.0,7659.0,140.1,2553837.0,451057.0
2021-04-04,Scotland,343.0,219986.0,15.0,25101.0,193.0,19.0,11373.0,5284248.0,0.0,7614.0,139.3,1.0,7660.0,140.1,2565280.0,456374.0
2021-04-05,Scotland,248.0,220234.0,32.0,25133.0,202.0,18.0,14268.0,5298516.0,0.0,7614.0,139.3,4.0,7664.0,140.2,2577816.0,463780.0
2021-04-06,Scotland,259.0,220493.0,22.0,25155.0,196.0,21.0,22093.0,5320609.0,0.0,7614.0,139.3,2.0,7666.0,140.2,2593932.0,479239.0
2021-04-07,Scotland,289.0,220782.0,22.0,25177.0,192.0,21.0,26582.0,5347191.0,5.0,7619.0,139.4,2.0,7668.0,140.3,2608831.0,500376.0
2021-04-08,Scotland,364.0,221146.0,22.0,25199.0,174.0,21.0,20720.0,5367911.0,1.0,7620.0,139.4,2.0,7670.0,140.3,2625577.0,524812.0
2021-04-09,Scotland,285.0,221431.0,20.0,25219.0,167.0,19.0,22183.0,5390094.0,6.0,7626.0,139.5,2.0,7672.0,140.4,2643524.0,551699.0
2021-04-10,Scotland,281.0,221712.0,16.0,25235.0,160.0,20.0,15916.0,5406010.0,4.0,7630.0,139.6,3.0,7675.0,140.4,2657578.0,568875.0
2021-04-11,Scotland,250.0,221962.0,14.0,25249.0,149.0,21.0,9797.0,5415807.0,0.0,7630.0,139.6,2.0,7677.0,140.5,2668723.0,590174.0
2021-04-12,Scotland,199.0,222161.0,16.0,25265.0,154.0,21.0,15354.0,5431161.0,0.0,7630.0,139.6,0.0,7677.0,140.5,2682706.0,605126.0
2021-04-13,Scotland,221.0,222382.0,13.0,25278.0,133.0,20.0,24794.0,5455955.0,3.0,7633.0,139.6,0.0,7677.0,140.5,2694971.0,634422.0
2021-04-14,Scotland,278.0,222660.0,17.0,25295.0,119.0,20.0,23580.0,5479535.0,3.0,7636.0,139.7,3.0,7680.0,140.5,2708691.0,661975.0
2021-04-15,Scotland,237.0,222897.0,16.0,25311.0,115.0,16.0,18125.0,5498044.0,1.0,7637.0,139.7,2.0,7682.0,140.5,2722084.0,688761.0
2021-04-16,Scotland,204.0,223261.0,14.0,25325.0,109.0,18.0,19331.0,5517375.0,3.0,7640.0,139.8,1.0,7683.0,140.6,2733387.0,715714.0
2021-04-17,Scotland,210.0,223471.0,11.0,25336.0,105.0,16.0,15097.0,5532472.0,2.0,7642.0,139.8,1.0,7684.0,140.6,2744231.0,738420.0
2021-04-18,Scotland,211.0,223682.0,13.0,25349.0,104.0,14.0,10649.0,5543121.0,0.0,7642.0,139.8,0.0,7684.0,140.6,2747694.0,757115.0
2021-04-19,Scotland,232.0,223914.0,15.0,25364.0,104.0,14.0,14868.0,5557989.0,0.0,7642.0,139.8,1.0,7685.0,140.6,2750052.0,797267.0
2021-04-20,Scotland,178.0,224092.0,14.0,25378.0,106.0,13.0,24349.0,5582338.0,2.0,7644.0,139.8,1.0,7686.0,140.6,2752575.0,847655.0
2021-04-21,Scotland,273.0,224365.0,13.0,25391.0,107.0,14.0,23302.0,5605640.0,1.0,7643.0,139.8,3.0,7689.0,140.7,2755175.0,898231.0
2021-04-22,Scotland,231.0,224596.0,12.0,25403.0,93.0,12.0,19771.0,5625411.0,3.0,7646.0,139.9,0.0,7689.0,140.7,2758381.0,949228.0
2021-04-23,Scotland,255.0,224851.0,12.0,25415.0,93.0,12.0,18384.0,5643795.0,1.0,7647.0,139.9,2.0,7691.0,140.7,2764607.0,993180.0
2021-04-24,Scotland,177.0,225028.0,9.0,25424.0,94.0,12.0,16434.0,5660229.0,4.0,7651.0,140.0,0.0,7691.0,140.7,2771159.0,1042386.0
2021-04-25,Scotland,176.0,225204.0,9.0,25433.0,89.0,12.0,9816.0,5670045.0,1.0,7652.0,140.0,2.0,7693.0,140.7,2773770.0,1068704.0
2021-04-26,Scotland,142.0,225346.0,14.0,25447.0,93.0,12.0,15432.0,5685477.0,0.0,7652.0,140.0,2.0,7695.0,140.8,2782162.0,1102690.0
2021-04-27,Scotland,133.0,225479.0,13.0,25460.0,81.0,11.0,24133.0,5709610.0,1.0,7653.0,140.0,1.0,7696.0,140.8,2789978.0,1142947.0
2021-04-28,Scotland,204.0,225683.0,9.0,25469.0,75.0,12.0,25392.0,5735002.0,1.0,7654.0,140.0,1.0,7697.0,140.8,2796810.0,1184629.0
2021-04-29,Scotland,178.0,225861.0,10.0,25479.0,70.0,12.0,18500.0,5753502.0,5.0,7659.0,140.1,0.0,7697.0,140.8,2802152.0,1224861.0
2021-04-30,Scotland,191.0,226052.0,11.0,25490.0,67.0,9.0,19683.0,5773185.0,0.0,7659.0,140.1,0.0,7697.0,140.8,2811343.0,1263862.0
2021-05-01,Scotland,175.0,226227.0,8.0,25498.0,65.0,11.0,14213.0,5787398.0,1.0,7660.0,140.1,0.0,7697.0,140.8,2817752.0,1297664.0
2021-05-02,Scotland,146.0,226373.0,7.0,25505.0,68.0,12.0,10195.0,5797593.0,0.0,7660.0,140.1,1.0,7698.0,140.8,2824955.0,1326599.0
2021-05-03,Scotland,132.0,226505.0,8.0,25513.0,65.0,11.0,13744.0,5811337.0,0.0,7660.0,140.1,0.0,7698.0,140.8,2833761.0,1348050.0
2021-05-04,Scotland,139.0,226644.0,11.0,25524.0,58.0,11.0,11273.0,5822610.0,0.0,7660.0,140.1,0.0,7698.0,140.8,2846834.0,1373882.0
2021-05-05,Scotland,85.0,226729.0,9.0,25533.0,69.0,13.0,35576.0,5858186.0,0.0,7660.0,140.1,0.0,7698.0,140.8,2860635.0,1400296.0
2021-05-06,Scotland,283.0,227012.0,19.0,25552.0,58.0,11.0,21273.0,5879459.0,0.0,7660.0,140.1,0.0,7698.0,140.8,2876633.0,1424208.0
2021-05-07,Scotland,236.0,227248.0,12.0,25564.0,68.0,8.0,21669.0,5901128.0,1.0,7661.0,140.2,0.0,7698.0,140.8,2883384.0,1450798.0
2021-05-08,Scotland,224.0,227472.0,11.0,25575.0,64.0,9.0,13976.0,5915104.0,0.0,7661.0,140.2,0.0,7698.0,140.8,2897975.0,1468296.0
2021-05-09,Scotland,200.0,227672.0,12.0,25587.0,65.0,6.0,11516.0,5926620.0,0.0,7661.0,140.2,0.0,7698.0,140.8,2909156.0,1485296.0
2021-05-10,Scotland,168.0,227840.0,7.0,25594.0,72.0,6.0,15532.0,5942152.0,0.0,7661.0,140.2,0.0,7698.0,140.8,2928963.0,1506613.0
2021-05-11,Scotland,238.0,228078.0,21.0,25615.0,69.0,6.0,26076.0,5968228.0,0.0,7661.0,140.2,0.0,7698.0,140.8,2948604.0,1526889.0
2021-05-12,Scotland,345.0,228423.0,11.0,25626.0,65.0,6.0,25093.0,5993321.0,0.0,7661.0,140.2,2.0,7700.0,140.9,2968169.0,1551339.0
2021-05-13,Scotland,270.0,228693.0,15.0,25641.0,63.0,4.0,17457.0,6010778.0,1.0,7662.0,140.2,0.0,7700.0,140.9,2985557.0,1575765.0
2021-05-14,Scotland,215.0,228908.0,9.0,25650.0,64.0,3.0,27866.0,6038644.0,2.0,7664.0,140.2,0.0,7700.0,140.9,3003339.0,1599519.0
2021-05-15,Scotland,413.0,229321.0,6.0,25656.0,69.0,2.0,16003.0,6054647.0,0.0,7664.0,140.2,0.0,7700.0,140.9,3020335.0,1621031.0
2021-05-16,Scotland,292.0,229613.0,11.0,25667.0,61.0,3.0,11361.0,6066008.0,0.0,7664.0,140.2,0.0,7700.0,140.9,3035790.0,1638536.0
2021-05-17,Scotland,161.0,229774.0,13.0,25680.0,68.0,3.0,17515.0,6083523.0,0.0,7664.0,140.2,1.0,7701.0,140.9,3045152.0,1669469.0
2021-05-18,Scotland,268.0,230042.0,21.0,25701.0,70.0,4.0,26912.0,6110435.0,0.0,7664.0,140.2,0.0,7701.0,140.9,3051383.0,1704388.0
2021-05-19,Scotland,394.0,230436.0,20.0,25721.0,78.0,4.0,28589.0,6139024.0,0.0,7664.0,140.2,0.0,7701.0,140.9,3063648.0,1742072.0
2021-05-20,Scotland,432.0,230868.0,21.0,25742.0,83.0,5.0,23508.0,6162532.0,0.0,7664.0,140.2,0.0,7701.0,140.9,3082251.0,1769040.0
2021-05-21,Scotland,414.0,231282.0,25.0,25767.0,81.0,4.0,21744.0,6184276.0,0.0,7664.0,140.2,0.0,7701.0,140.9,3096341.0,1799956.0
2021-05-22,Scotland,370.0,231652.0,20.0,25787.0,88.0,6.0,21002.0,6205278.0,0.0,7664.0,140.2,1.0,7702.0,140.9,3108819.0,1828930.0
2021-05-23,Scotland,378.0,232030.0,16.0,25803.0,99.0,6.0,12177.0,6217455.0,0.0,7664.0,140.2,1.0,7703.0,140.9,3121945.0,1852179.0
2021-05-24,Scotland,313.0,232343.0,21.0,25824.0,94.0,5.0,16733.0,6234188.0,0.0,7664.0,140.2,0.0,7703.0,140.9,3138366.0,1881214.0
2021-05-25,Scotland,318.0,232661.0,23.0,25847.0,97.0,6.0,28674.0,6262862.0,2.0,7666.0,140.2,0.0,7703.0,140.9,3155733.0,1913809.0
2021-05-26,Scotland,546.0,233207.0,15.0,25862.0,98.0,6.0,28699.0,6291561.0,0.0,7666.0,140.2,1.0,7704.0,140.9,3174807.0,1942285.0
2021-05-27,Scotland,464.0,233671.0,18.0,25880.0,83.0,4.0,25939.0,6317500.0,0.0,7666.0,140.2,1.0,7705.0,141.0,3196051.0,1971006.0
2021-05-28,Scotland,641.0,234312.0,28.0,25908.0,90.0,6.0,24532.0,6342032.0,2.0,7668.0,140.3,1.0,7706.0,141.0,3215770.0,1998409.0
2021-05-29,Scotland,583.0,234895.0,26.0,25934.0,86.0,5.0,17698.0,6359730.0,0.0,7668.0,140.3,2.0,7708.0,141.0,3234311.0,2022728.0
2021-05-30,Scotland,526.0,235421.0,22.0,25956.0,101.0,7.0,12353.0,6372083.0,0.0,7668.0,140.3,1.0,7709.0,141.0,3251138.0,2044253.0
2021-05-31,Scotland,490.0,235911.0,23.0,25979.0,109.0,8.0,16489.0,6388572.0,1.0,7669.0,140.3,0.0,7709.0,141.0,3267290.0,2075231.0
2021-06-01,Scotland,478.0,236389.0,31.0,26010.0,106.0,10.0,26258.0,6414830.0,0.0,7669.0,140.3,0.0,7709.0,141.0,3286261.0,2106177.0
2021-06-02,Scotland,677.0,237066.0,24.0,26034.0,114.0,10.0,31841.0,6446671.0,1.0,7670.0,140.3,1.0,7710.0,141.1,3305812.0,2137618.0
2021-06-03,Scotland,835.0,237901.0,35.0,26069.0,110.0,8.0,26962.0,6473633.0,4.0,7674.0,140.4,2.0,7712.0,141.1,3326005.0,2170570.0
2021-06-04,Scotland,992.0,238893.0,22.0,26091.0,116.0,8.0,27436.0,6501069.0,2.0,7676.0,140.4,1.0,7713.0,141.1,3345842.0,2202547.0
2021-06-05,Scotland,860.0,239753.0,21.0,26112.0,111.0,8.0,20675.0,6521744.0,1.0,7677.0,140.5,0.0,7713.0,141.1,3365779.0,2227493.0
2021-06-06,Scotland,775.0,240528.0,30.0,26142.0,112.0,10.0,16192.0,6537936.0,0.0,7677.0,140.5,1.0,7714.0,141.1,3386321.0,2251259.0
2021-06-07,Scotland,641.0,241169.0,29.0,26171.0,122.0,12.0,14873.0,6552809.0,0.0,7677.0,140.5,1.0,7715.0,141.1,3403866.0,2282203.0
2021-06-08,Scotland,695.0,241864.0,23.0,26194.0,121.0,12.0,36227.0,6589036.0,0.0,7677.0,140.5,0.0,7715.0,141.1,3422431.0,2313695.0
2021-06-09,Scotland,1011.0,242875.0,31.0,26225.0,124.0,15.0,28379.0,6617415.0,1.0,7678.0,140.5,2.0,7717.0,141.2,3441217.0,2345181.0
2021-06-10,Scotland,735.0,243610.0,34.0,26259.0,124.0,14.0,28563.0,6645978.0,1.0,7679.0,140.5,2.0,7719.0,141.2,3459063.0,2375246.0
2021-06-11,Scotland,1104.0,244714.0,25.0,26284.0,132.0,13.0,26650.0,6672628.0,0.0,7679.0,140.5,0.0,7719.0,141.2,3477378.0,2402700.0
2021-06-12,Scotland,1030.0,245744.0,33.0,26317.0,129.0,14.0,22856.0,6695484.0,2.0,7681.0,140.5,0.0,7719.0,141.2,3497287.0,2425825.0
2021-06-13,Scotland,1036.0,246780.0,25.0,26342.0,130.0,16.0,15781.0,6711265.0,0.0,7681.0,140.5,3.0,7722.0,141.3,3517668.0,2446834.0
2021-06-14,Scotland,761.0,247541.0,41.0,26383.0,128.0,17.0,20761.0,6732026.0,0.0,7681.0,140.5,1.0,7723.0,141.3,3531461.0,2470181.0
2021-06-15,Scotland,974.0,248515.0,34.0,26417.0,137.0,17.0,35638.0,6767664.0,2.0,7683.0,140.6,6.0,7729.0,141.4,3551739.0,2493358.0
2021-06-16,Scotland,1129.0,249644.0,42.0,26459.0,133.0,15.0,30990.0,6798654.0,1.0,7684.0,140.6,1.0,7730.0,141.4,3571726.0,2516066.0
2021-06-17,Scotland,1317.0,250961.0,25.0,26484.0,140.0,12.0,29254.0,6827908.0,4.0,7688.0,140.7,1.0,7731.0,141.4,3591638.0,2535803.0
2021-06-18,Scotland,950.0,251911.0,46.0,26530.0,128.0,12.0,28809.0,6856717.0,2.0,7690.0,140.7,3.0,7734.0,141.5,3611266.0,2555308.0
2021-06-19,Scotland,1209.0,253120.0,29.0,26559.0,145.0,10.0,22098.0,6878815.0,2.0,7692.0,140.7,2.0,7736.0,141.5,3630589.0,2571637.0
2021-06-20,Scotland,1205.0,254325.0,31.0,26590.0,150.0,13.0,18580.0,6897395.0,0.0,7692.0,140.7,3.0,7739.0,141.6,3647437.0,2586970.0
2021-06-21,Scotland,1250.0,255575.0,37.0,26627.0,159.0,15.0,25038.0,6922433.0,0.0,7692.0,140.7,2.0,7741.0,141.6,3664571.0,2602753.0
2021-06-22,Scotland,2167.0,257742.0,48.0,26675.0,171.0,18.0,42310.0,6964743.0,4.0,7696.0,140.8,4.0,7745.0,141.7,3681620.0,2617450.0
2021-06-23,Scotland,2969.0,260711.0,55.0,26730.0,170.0,18.0,40952.0,7005695.0,5.0,7701.0,140.9,1.0,7746.0,141.7,3695303.0,2631533.0
2021-06-24,Scotland,2999.0,263710.0,51.0,26781.0,177.0,17.0,26794.0,7032489.0,5.0,7706.0,141.0,2.0,7748.0,141.7,3709801.0,2647397.0
2021-06-25,Scotland,1747.0,265457.0,45.0,26826.0,188.0,16.0,33569.0,7066058.0,2.0,7708.0,141.0,1.0,7749.0,141.8,3730101.0,2666827.0
2021-06-26,Scotland,2836.0,268293.0,31.0,26857.0,197.0,18.0,31695.0,7097753.0,3.0,7711.0,141.1,8.0,7757.0,141.9,3747510.0,2679357.0
2021-06-27,Scotland,2639.0,270932.0,37.0,26894.0,196.0,17.0,27226.0,7124979.0,1.0,7712.0,141.1,3.0,7760.0,142.0,3765379.0,2691775.0
2021-06-28,Scotland,3285.0,274217.0,61.0,26955.0,202.0,20.0,27875.0,7152854.0,0.0,7712.0,141.1,3.0,7763.0,142.0,3781887.0,2701195.0
2021-06-29,Scotland,3118.0,277335.0,69.0,27024.0,215.0,20.0,41710.0,7194564.0,1.0,7713.0,141.1,3.0,7766.0,142.1,3799467.0,2712237.0
2021-06-30,Scotland,3887.0,281222.0,68.0,27092.0,235.0,19.0,42843.0,7237407.0,3.0,7716.0,141.2,1.0,7767.0,142.1,3816251.0,2722725.0
2021-07-01,Scotland,4234.0,285456.0,63.0,27155.0,275.0,16.0,37689.0,7275096.0,6.0,7722.0,141.3,2.0,7769.0,142.1,3831770.0,2737347.0
2021-07-02,Scotland,3823.0,289279.0,69.0,27224.0,285.0,19.0,34567.0,7309663.0,4.0,7726.0,141.3,2.0,7771.0,142.2,3844371.0,2749373.0
2021-07-03,Scotland,3108.0,292387.0,56.0,27280.0,306.0,25.0,25648.0,7335311.0,3.0,7729.0,141.4,4.0,7775.0,142.2,3857584.0,2762156.0
2021-07-04,Scotland,2726.0,295113.0,68.0,27348.0,316.0,25.0,20222.0,7355533.0,0.0,7729.0,141.4,6.0,7781.0,142.4,3869223.0,2774136.0
2021-07-05,Scotland,2372.0,297485.0,83.0,27431.0,338.0,30.0,25123.0,7380656.0,0.0,7729.0,141.4,5.0,7786.0,142.4,3879458.0,2791071.0
2021-07-06,Scotland,2363.0,299848.0,102.0,27533.0,346.0,32.0,40842.0,7421498.0,6.0,7735.0,141.5,13.0,7799.0,142.7,3890176.0,2808902.0
2021-07-07,Scotland,3799.0,303647.0,89.0,27622.0,387.0,34.0,38333.0,7459831.0,5.0,7740.0,141.6,5.0,7804.0,142.8,3900864.0,2825886.0
2021-07-08,Scotland,2802.0,306449.0,103.0,27725.0,401.0,38.0,35331.0,7495162.0,4.0,7744.0,141.7,12.0,7816.0,143.0,3911189.0,2843938.0
2021-07-09,Scotland,3216.0,309665.0,84.0,27809.0,427.0,39.0,27162.0,7522324.0,6.0,7750.0,141.8,7.0,7823.0,143.1,3920145.0,2861110.0
2021-07-10,Scotland,2190.0,311855.0,84.0,27893.0,436.0,42.0,20242.0,7542566.0,7.0,7757.0,141.9,8.0,7831.0,143.3,3928409.0,2877326.0
2021-07-11,Scotland,2048.0,313903.0,73.0,27966.0,445.0,40.0,21326.0,7563892.0,0.0,7757.0,141.9,6.0,7837.0,143.4,3934408.0,2893271.0
2021-07-12,Scotland,2134.0,316037.0,102.0,28068.0,469.0,40.0,23804.0,7587696.0,0.0,7757.0,141.9,7.0,7844.0,143.5,3941571.0,2903557.0
2021-07-13,Scotland,2529.0,318566.0,104.0,28172.0,506.0,41.0,35849.0,7623545.0,4.0,7761.0,142.0,9.0,7853.0,143.7,3948446.0,2914904.0
2021-07-14,Scotland,2636.0,321202.0,79.0,28251.0,515.0,46.0,34773.0,7658318.0,11.0,7772.0,142.2,8.0,7861.0,143.8,3956549.0,2927130.0
2021-07-15,Scotland,2086.0,323288.0,79.0,28330.0,543.0,47.0,26868.0,7685186.0,19.0,7791.0,142.5,7.0,7868.0,143.9,3963502.0,2940202.0
2021-07-16,Scotland,2047.0,325335.0,68.0,28398.0,532.0,48.0,29634.0,7714820.0,5.0,7796.0,142.6,5.0,7873.0,144.0,3970026.0,2954776.0
2021-07-17,Scotland,2317.0,327652.0,49.0,28447.0,517.0,49.0,19427.0,7734247.0,4.0,7800.0,142.7,7.0,7880.0,144.2,3976022.0,2966054.0
2021-07-18,Scotland,1735.0,329387.0,68.0,28515.0,514.0,46.0,15660.0,7749907.0,0.0,7800.0,142.7,8.0,7888.0,144.3,3981950.0,2978746.0
2021-07-19,Scotland,1464.0,330851.0,80.0,28595.0,536.0,45.0,19073.0,7768980.0,0.0,7800.0,142.7,9.0,7897.0,144.5,3984433.0,2995086.0
2021-07-20,Scotland,1604.0,332455.0,67.0,28662.0,529.0,47.0,31462.0,7800442.0,13.0,7813.0,142.9,6.0,7903.0,144.6,3987074.0,3010505.0
2021-07-21,Scotland,1686.0,334141.0,74.0,28736.0,529.0,51.0,33280.0,7833722.0,7.0,7820.0,143.1,8.0,7911.0,144.7,3989927.0,3028271.0
2021-07-22,Scotland,1825.0,335966.0,60.0,28796.0,488.0,58.0,25795.0,7859517.0,22.0,7842.0,143.5,9.0,7920.0,144.9,3992327.0,3044803.0
2021-07-23,Scotland,1505.0,337471.0,62.0,28858.0,502.0,57.0,23857.0,7883374.0,6.0,7848.0,143.6,7.0,7927.0,145.0,3994883.0,3064441.0
2021-07-24,Scotland,1307.0,338778.0,44.0,28902.0,479.0,60.0,18180.0,7901554.0,11.0,7859.0,143.8,3.0,7930.0,145.1,3997105.0,3079492.0
2021-07-25,Scotland,1237.0,340015.0,53.0,28955.0,480.0,64.0,13635.0,7915189.0,0.0,7859.0,143.8,5.0,7935.0,145.2,3998627.0,3092102.0
2021-07-26,Scotland,1000.0,341015.0,54.0,29009.0,475.0,65.0,20594.0,7935783.0,0.0,7859.0,143.8,7.0,7942.0,145.3,4000658.0,3108928.0
2021-07-27,Scotland,1044.0,342059.0,59.0,29068.0,472.0,63.0,28258.0,7960314.0,7.0,7866.0,143.9,8.0,7950.0,145.4,4002903.0,3125690.0
2021-07-28,Scotland,1179.0,341307.0,68.0,29136.0,474.0,63.0,33679.0,7993993.0,9.0,7911.0,144.7,9.0,7959.0,145.6,4005421.0,3145017.0
2021-07-29,Scotland,1398.0,342704.0,43.0,29179.0,490.0,60.0,25990.0,8019983.0,13.0,7924.0,145.0,6.0,7965.0,145.7,4007577.0,3162662.0
2021-07-30,Scotland,1456.0,344158.0,53.0,29232.0,462.0,60.0,22725.0,8042708.0,6.0,7930.0,145.1,7.0,7972.0,145.8,4009611.0,3180160.0
2021-07-31,Scotland,1018.0,345176.0,35.0,29267.0,444.0,64.0,21046.0,8063754.0,9.0,7939.0,145.2,6.0,7978.0,146.0,4011060.0,3197899.0
2021-08-01,Scotland,1034.0,346210.0,38.0,29305.0,422.0,62.0,13807.0,8077561.0,3.0,7942.0,145.3,10.0,7988.0,146.1,4012496.0,3214801.0
2021-08-02,Scotland,799.0,347005.0,50.0,29355.0,407.0,60.0,13704.0,8091265.0,1.0,7943.0,145.3,7.0,7995.0,146.3,4014212.0,3231331.0
2021-08-03,Scotland,1016.0,348018.0,50.0,29405.0,406.0,61.0,29257.0,8120522.0,9.0,7952.0,145.5,3.0,7998.0,146.3,4016326.0,3249622.0
2021-08-04,Scotland,1271.0,349286.0,40.0,29445.0,383.0,58.0,30788.0,8151310.0,13.0,7965.0,145.7,6.0,8004.0,146.4,4018503.0,3268887.0
2021-08-05,Scotland,1381.0,350667.0,72.0,29517.0,381.0,55.0,25056.0,8176194.0,11.0,7976.0,145.9,7.0,8011.0,146.6,4020712.0,3286153.0
2021-08-06,Scotland,1250.0,351915.0,57.0,29574.0,367.0,54.0,24025.0,8200219.0,7.0,7983.0,146.0,7.0,8018.0,146.7,4022914.0,3305325.0
2021-08-07,Scotland,1386.0,353301.0,41.0,29615.0,360.0,41.0,22618.0,8222837.0,9.0,7992.0,146.2,6.0,8024.0,146.8,4024852.0,3323466.0
2021-08-08,Scotland,1240.0,354538.0,40.0,29655.0,360.0,40.0,14039.0,8236876.0,0.0,7992.0,146.2,6.0,8030.0,146.9,4026827.0,3342056.0
2021-08-09,Scotland,851.0,355388.0,37.0,29692.0,356.0,42.0,14317.0,8251193.0,0.0,7992.0,146.2,6.0,8036.0,147.0,4029479.0,3357803.0
2021-08-10,Scotland,1032.0,356419.0,71.0,29763.0,352.0,40.0,32735.0,8283928.0,11.0,8003.0,146.4,5.0,8041.0,147.1,4034420.0,3375524.0
2021-08-11,Scotland,1498.0,357917.0,42.0,29805.0,356.0,42.0,31802.0,8315760.0,10.0,8013.0,146.6,3.0,8044.0,147.2,4039226.0,3393900.0
2021-08-12,Scotland,1525.0,359442.0,40.0,29845.0,356.0,42.0,25581.0,8341341.0,8.0,8021.0,146.7,4.0,8048.0,147.2,4044950.0,3412051.0
2021-08-13,Scotland,1542.0,360983.0,42.0,29887.0,353.0,41.0,26943.0,8368283.0,8.0,8029.0,146.9,10.0,8058.0,147.4,4050011.0,3431062.0
2021-08-14,Scotland,1383.0,362366.0,47.0,29934.0,337.0,39.0,22226.0,8390510.0,5.0,8034.0,147.0,6.0,8064.0,147.5,4054842.0,3449901.0
2021-08-15,Scotland,1498.0,363860.0,32.0,29966.0,331.0,40.0,17354.0,8407862.0,0.0,8032.0,146.9,6.0,8070.0,147.6,4058482.0,3467817.0
2021-08-16,Scotland,1567.0,365427.0,35.0,30001.0,337.0,39.0,18316.0,8426180.0,0.0,8032.0,146.9,3.0,8073.0,147.7,4061687.0,3482188.0
2021-08-17,Scotland,1815.0,367241.0,65.0,30066.0,338.0,40.0,35999.0,8462177.0,9.0,8041.0,147.1,4.0,8077.0,147.8,4065970.0,3498257.0
2021-08-18,Scotland,2538.0,369779.0,62.0,30128.0,324.0,39.0,39660.0,8501837.0,10.0,8051.0,147.3,7.0,8084.0,147.9,4068806.0,3512673.0
2021-08-19,Scotland,3367.0,373143.0,61.0,30189.0,317.0,33.0,36295.0,8538132.0,7.0,8058.0,147.4,7.0,8091.0,148.0,4071537.0,3526754.0
2021-08-20,Scotland,3613.0,376753.0,67.0,30256.0,312.0,34.0,33710.0,8571842.0,9.0,8067.0,147.6,7.0,8098.0,148.2,4075555.0,3541708.0
2021-08-21,Scotland,3464.0,380217.0,50.0,30306.0,323.0,33.0,31457.0,8603299.0,3.0,8070.0,147.6,5.0,8103.0,148.2,4079496.0,3556947.0
2021-08-22,Scotland,3190.0,383403.0,55.0,30361.0,338.0,34.0,27296.0,8630595.0,0.0,8070.0,147.6,4.0,8107.0,148.3,4082698.0,3572042.0
2021-08-23,Scotland,3189.0,386591.0,79.0,30440.0,356.0,41.0,31081.0,8661676.0,0.0,8070.0,147.6,7.0,8114.0,148.4,4085552.0,3587145.0
2021-08-24,Scotland,4323.0,390908.0,103.0,30543.0,364.0,43.0,47991.0,8709665.0,10.0,8080.0,147.8,4.0,8118.0,148.5,4088894.0,3603429.0
2021-08-25,Scotland,5021.0,395918.0,108.0,30651.0,391.0,44.0,45017.0,8754678.0,5.0,8085.0,147.9,5.0,8123.0,148.6,4092295.0,3617687.0
2021-08-26,Scotland,4925.0,400842.0,105.0,30756.0,426.0,47.0,50493.0,8805172.0,14.0,8099.0,148.2,5.0,8128.0,148.7,4095463.0,3629482.0
2021-08-27,Scotland,6835.0,407660.0,106.0,30862.0,479.0,47.0,43450.0,8848623.0,4.0,8103.0,148.2,10.0,8138.0,148.9,4098078.0,3640865.0
2021-08-28,Scotland,5858.0,413518.0,102.0,30964.0,494.0,49.0,55543.0,8904165.0,8.0,8111.0,148.4,8.0,8146.0,149.0,4101311.0,3655287.0
2021-08-29,Scotland,7113.0,420622.0,93.0,31057.0,507.0,52.0,29281.0,8933446.0,0.0,8111.0,148.4,8.0,8154.0,149.2,4103687.0,3668041.0
2021-08-30,Scotland,3893.0,424508.0,114.0,31171.0,551.0,52.0,43512.0,8976958.0,0.0,8111.0,148.4,6.0,8160.0,149.3,4106408.0,3680761.0
2021-08-31,Scotland,6029.0,430525.0,136.0,31307.0,585.0,54.0,57279.0,9034237.0,7.0,8118.0,148.5,10.0,8170.0,149.5,4108804.0,3691066.0
2021-09-01,Scotland,6170.0,436688.0,155.0,31462.0,629.0,59.0,61410.0,9095648.0,9.0,8127.0,148.7,8.0,8178.0,149.6,4111513.0,3699250.0
2021-09-02,Scotland,6400.0,443080.0,131.0,31593.0,624.0,55.0,58534.0,9154181.0,17.0,8144.0,149.0,11.0,8189.0,149.8,4114552.0,3709328.0
2021-09-03,Scotland,6711.0,449780.0,155.0,31748.0,653.0,60.0,51031.0,9205211.0,10.0,8154.0,149.2,11.0,8200.0,150.0,4117147.0,3717587.0
2021-09-04,Scotland,6152.0,455926.0,125.0,31873.0,670.0,58.0,48033.0,9253244.0,11.0,8165.0,149.4,10.0,8210.0,150.2,4121962.0,3726769.0
2021-09-05,Scotland,6368.0,462288.0,113.0,31986.0,719.0,61.0,52193.0,9305437.0,0.0,8165.0,149.4,17.0,8227.0,150.5,4126263.0,3736762.0
2021-09-06,Scotland,7065.0,469341.0,161.0,32147.0,771.0,71.0,46146.0,9351583.0,0.0,8165.0,149.4,10.0,8237.0,150.7,4128998.0,3742826.0
2021-09-07,Scotland,5692.0,475027.0,203.0,32350.0,805.0,77.0,57128.0,9408711.0,16.0,8181.0,149.7,18.0,8255.0,151.0,4130841.0,3749767.0
2021-09-08,Scotland,5810.0,480824.0,169.0,32519.0,883.0,82.0,67701.0,9476412.0,17.0,8198.0,150.0,10.0,8265.0,151.2,4133606.0,3757337.0
2021-09-09,Scotland,6836.0,487654.0,167.0,32686.0,928.0,87.0,65183.0,9541595.0,12.0,8210.0,150.2,17.0,8282.0,151.5,4135329.0,3762367.0
2021-09-10,Scotland,6815.0,494457.0,173.0,32859.0,977.0,82.0,42529.0,9584124.0,22.0,8232.0,150.6,25.0,8307.0,152.0,4137710.0,3769320.0
2021-09-11,Scotland,4298.0,498745.0,132.0,32991.0,984.0,83.0,55646.0,9639770.0,10.0,8242.0,150.8,21.0,8328.0,152.4,4140616.0,3777461.0
2021-09-12,Scotland,5912.0,504650.0,138.0,33129.0,1023.0,90.0,40749.0,9680519.0,0.0,8242.0,150.8,22.0,8350.0,152.8,4142783.0,3785214.0
2021-09-13,Scotland,4241.0,508882.0,175.0,33304.0,1048.0,90.0,31837.0,9712356.0,0.0,8242.0,150.8,21.0,8371.0,153.1,4144904.0,3788551.0
2021-09-14,Scotland,3375.0,512312.0,159.0,33463.0,1065.0,89.0,57383.0,9769739.0,21.0,8263.0,151.2,20.0,8391.0,153.5,4146847.0,3791597.0
2021-09-15,Scotland,4917.0,517216.0,171.0,33634.0,1079.0,91.0,0.0,9769739.0,30.0,8293.0,151.7,23.0,8414.0,153.9,4148734.0,3795897.0
2021-09-16,Scotland,0.0,517216.0,159.0,33793.0,1054.0,94.0,60077.0,9842019.0,26.0,8319.0,152.2,16.0,8430.0,154.2,4150157.0,3798938.0
2021-09-17,Scotland,5529.0,523095.0,143.0,33936.0,1037.0,87.0,77358.0,9915374.0,30.0,8349.0,152.7,24.0,8454.0,154.7,4151735.0,3802183.0
2021-09-18,Scotland,6116.0,529207.0,115.0,34051.0,1051.0,99.0,45985.0,9961354.0,27.0,8376.0,153.2,21.0,8475.0,155.0,4155048.0,3806980.0
2021-09-19,Scotland,3833.0,533038.0,103.0,34154.0,1074.0,100.0,29098.0,9990452.0,2.0,8378.0,153.3,28.0,8503.0,155.6,4157613.0,3810775.0
2021-09-20,Scotland,2917.0,535955.0,150.0,34304.0,1088.0,97.0,26593.0,10016987.0,0.0,8378.0,153.3,20.0,8523.0,155.9,4160835.0,3813547.0
2021-09-21,Scotland,2870.0,538819.0,120.0,34424.0,1107.0,94.0,49597.0,10066584.0,18.0,8396.0,153.6,21.0,8544.0,156.3,4163235.0,3815907.0
2021-09-22,Scotland,3598.0,542411.0,107.0,34531.0,1076.0,82.0,53811.0,10120395.0,31.0,8427.0,154.2,31.0,8575.0,156.9,4166056.0,3818428.0
2021-09-23,Scotland,4024.0,546426.0,134.0,34665.0,1057.0,86.0,46217.0,10166612.0,37.0,8464.0,154.8,19.0,8594.0,157.2,4168278.0,3820182.0
2021-09-24,Scotland,3667.0,550090.0,110.0,34775.0,1011.0,79.0,40397.0,10207009.0,50.0,8514.0,155.8,22.0,8616.0,157.6,4172573.0,3824074.0
2021-09-25,Scotland,3261.0,553350.0,88.0,34863.0,1004.0,80.0,30652.0,10237121.0,18.0,8532.0,156.1,21.0,8637.0,158.0,4176832.0,3827110.0
2021-09-26,Scotland,2556.0,555906.0,83.0,34946.0,1003.0,79.0,23553.0,10261214.0,2.0,8534.0,156.1,20.0,8657.0,158.4,4181617.0,3829881.0
2021-09-27,Scotland,2069.0,557970.0,117.0,35063.0,1023.0,76.0,23901.0,10285113.0,1.0,8535.0,156.1,24.0,8681.0,158.8,4184574.0,3832498.0
2021-09-28,Scotland,2370.0,560334.0,120.0,35183.0,1026.0,73.0,42361.0,10327477.0,16.0,8551.0,156.4,16.0,8697.0,159.1,4186743.0,3835013.0
2021-09-29,Scotland,2997.0,563326.0,104.0,35287.0,1020.0,71.0,46793.0,10374272.0,28.0,8579.0,157.0,25.0,8722.0,159.6,4189701.0,3837689.0
2021-09-30,Scotland,2911.0,566231.0,93.0,35380.0,998.0,74.0,40540.0,10414807.0,35.0,8614.0,157.6,16.0,8738.0,159.9,4194212.0,3840251.0
2021-10-01,Scotland,2693.0,568916.0,103.0,35483.0,983.0,65.0,37128.0,10451935.0,34.0,8648.0,158.2,19.0,8757.0,160.2,4199724.0,3843000.0
2021-10-02,Scotland,2515.0,571431.0,88.0,35571.0,965.0,66.0,28673.0,10480608.0,17.0,8665.0,158.5,23.0,8780.0,160.6,4208546.0,3845180.0
2021-10-03,Scotland,2040.0,573471.0,86.0,35657.0,965.0,71.0,19959.0,10500567.0,1.0,8666.0,158.5,15.0,8795.0,160.9,4217940.0,3847118.0
2021-10-04,Scotland,1760.0,575231.0,135.0,35792.0,1001.0,67.0,21358.0,10521925.0,0.0,8666.0,158.5,14.0,8809.0,161.2,4223719.0,3849656.0
2021-10-05,Scotland,2056.0,577282.0,110.0,35902.0,998.0,65.0,46892.0,10568754.0,21.0,8687.0,158.9,23.0,8832.0,161.6,4229178.0,3852067.0
2021-10-06,Scotland,3055.0,580332.0,86.0,35988.0,988.0,68.0,42191.0,10610944.0,34.0,8721.0,159.5,13.0,8845.0,161.8,4235075.0,3854847.0
2021-10-07,Scotland,2691.0,583019.0,119.0,36107.0,980.0,69.0,35891.0,10646970.0,39.0,8760.0,160.3,19.0,8864.0,162.2,4240984.0,3857442.0
2021-10-08,Scotland,2627.0,585647.0,108.0,36215.0,957.0,64.0,31935.0,10678905.0,16.0,8773.0,160.5,14.0,8878.0,162.4,4246101.0,3859839.0
2021-10-09,Scotland,2417.0,588062.0,95.0,36310.0,943.0,61.0,29419.0,10708324.0,18.0,8791.0,160.8,17.0,8895.0,162.7,4253765.0,3861899.0
2021-10-10,Scotland,2363.0,590424.0,76.0,36386.0,935.0,54.0,21229.0,10729553.0,1.0,8792.0,160.8,14.0,8909.0,163.0,4261124.0,3864670.0
2021-10-11,Scotland,2297.0,592721.0,90.0,36476.0,933.0,56.0,19394.0,10748947.0,0.0,8792.0,160.8,22.0,8931.0,163.4,4265755.0,3866372.0
2021-10-12,Scotland,1908.0,594623.0,101.0,36577.0,935.0,51.0,35728.0,10784675.0,27.0,8819.0,161.3,16.0,8947.0,163.7,4270126.0,3868656.0
2021-10-13,Scotland,2581.0,597199.0,87.0,36664.0,918.0,51.0,40239.0,10624912.0,30.0,8849.0,161.9,19.0,8966.0,164.0,4275208.0,3871406.0
2021-10-14,Scotland,2639.0,599837.0,117.0,36781.0,908.0,50.0,35536.0,10860308.0,29.0,8878.0,162.4,20.0,8986.0,164.4,4278937.0,3873790.0
2021-10-15,Scotland,2762.0,602524.0,126.0,36907.0,848.0,45.0,28984.0,10889294.0,32.0,8907.0,163.0,16.0,9002.0,164.7,4282132.0,3875966.0
2021-10-16,Scotland,2581.0,605104.0,82.0,36989.0,841.0,47.0,27944.0,10917236.0,21.0,8928.0,163.3,18.0,9020.0,165.0,4286044.0,3877849.0
2021-10-17,Scotland,2666.0,607767.0,72.0,37061.0,829.0,45.0,20113.0,10937349.0,2.0,8930.0,163.4,15.0,9035.0,165.3,4289119.0,3879942.0
2021-10-18,Scotland,2194.0,609959.0,124.0,37185.0,857.0,44.0,21032.0,10958381.0,0.0,8930.0,163.4,15.0,9050.0,165.6,4291650.0,3881744.0
2021-10-19,Scotland,2459.0,612416.0,130.0,37315.0,869.0,46.0,41556.0,10999937.0,24.0,8954.0,163.8,9.0,9059.0,165.7,4294116.0,3883886.0
2021-10-20,Scotland,2768.0,615182.0,122.0,37437.0,890.0,51.0,33741.0,11033678.0,26.0,8980.0,164.3,16.0,9075.0,166.0,4297028.0,3886176.0
2021-10-21,Scotland,2355.0,617536.0,101.0,37538.0,917.0,58.0,35188.0,11068865.0,32.0,9012.0,164.9,22.0,9097.0,166.4,4299649.0,3888408.0
2021-10-22,Scotland,2902.0,620433.0,112.0,37650.0,894.0,60.0,30051.0,11098921.0,19.0,9031.0,165.2,16.0,9113.0,166.7,4302382.0,3890477.0
2021-10-23,Scotland,2403.0,622836.0,82.0,37732.0,896.0,61.0,26807.0,11125728.0,0.0,9031.0,165.2,23.0,9136.0,167.1,4305582.0,3892224.0
2021-10-24,Scotland,2528.0,625363.0,72.0,37804.0,899.0,58.0,23055.0,11148778.0,21.0,9052.0,165.6,21.0,9157.0,167.5,4308371.0,3895239.0
2021-10-25,Scotland,2239.0,627596.0,126.0,37930.0,902.0,57.0,20897.0,11169675.0,0.0,9052.0,165.6,8.0,9165.0,167.7,4309932.0,3897133.0
2021-10-26,Scotland,2262.0,629849.0,118.0,38048.0,917.0,59.0,30805.0,11200480.0,20.0,9072.0,166.0,19.0,9184.0,168.0,4311339.0,3899153.0
2021-10-27,Scotland,2566.0,632397.0,117.0,38165.0,925.0,57.0,37368.0,11237848.0,27.0,9099.0,166.5,14.0,9198.0,168.3,4312204.0,3900427.0
2021-10-28,Scotland,2153.0,634544.0,113.0,38278.0,932.0,58.0,38122.0,11275970.0,20.0,9119.0,166.8,20.0,9218.0,168.6,4314144.0,3903299.0
2021-10-29,Scotland,2732.0,637266.0,105.0,38383.0,932.0,60.0,43735.0,11319704.0,24.0,9143.0,167.3,19.0,9237.0,169.0,4315802.0,3905177.0
2021-10-30,Scotland,3867.0,641121.0,77.0,38460.0,927.0,65.0,27809.0,11347511.0,20.0,9163.0,167.6,16.0,9253.0,169.3,4317601.0,3907056.0
2021-10-31,Scotland,2513.0,643632.0,82.0,38542.0,910.0,64.0,20414.0,11367925.0,0.0,9163.0,167.6,16.0,9269.0,169.6,4318783.0,3908244.0
2021-11-01,Scotland,2065.0,645697.0,128.0,38670.0,932.0,68.0,15662.0,11383587.0,0.0,9163.0,167.6,27.0,9296.0,170.1,4320370.0,3910253.0
2021-11-02,Scotland,2010.0,647689.0,107.0,38777.0,939.0,63.0,49462.0,11432956.0,26.0,9189.0,168.1,13.0,9309.0,170.3,4321770.0,3911823.0
2021-11-03,Scotland,3495.0,651169.0,91.0,38868.0,942.0,63.0,43649.0,11476508.0,20.0,9209.0,168.5,16.0,9325.0,170.6,4318790.0,3911105.0
2021-11-04,Scotland,2823.0,653975.0,89.0,38957.0,904.0,63.0,16950.0,11506849.0,33.0,9242.0,169.1,22.0,9347.0,171.0,4319877.0,3912518.0
2021-11-05,Scotland,2389.0,656497.0,93.0,39050.0,851.0,59.0,39152.0,11545985.0,25.0,9267.0,169.5,17.0,9364.0,171.3,4321350.0,3914397.0
2021-11-06,Scotland,3249.0,659738.0,62.0,39112.0,832.0,55.0,27540.0,11573527.0,24.0,9291.0,170.0,17.0,9381.0,171.6,4322157.0,3915116.0
2021-11-07,Scotland,2908.0,662644.0,81.0,39193.0,802.0,57.0,6457.0,11592778.0,2.0,9293.0,170.0,12.0,9393.0,171.8,4323549.0,3917210.0
2021-11-08,Scotland,2012.0,664654.0,103.0,39296.0,788.0,54.0,19459.0,11612237.0,0.0,9293.0,170.0,12.0,9405.0,172.1,4324440.0,3918528.0
2021-11-09,Scotland,2233.0,666880.0,102.0,39398.0,764.0,57.0,44434.0,11656668.0,20.0,9313.0,170.4,6.0,9411.0,172.2,4325307.0,3920006.0
2021-11-10,Scotland,3852.0,670729.0,83.0,39481.0,790.0,61.0,42983.0,11699645.0,19.0,9332.0,170.7,14.0,9425.0,172.4,4326392.0,3921971.0
2021-11-11,Scotland,3340.0,674062.0,100.0,39581.0,773.0,60.0,36048.0,11735695.0,26.0,9358.0,171.2,8.0,9433.0,172.6,4325523.0,3922893.0
2021-11-12,Scotland,3349.0,677408.0,88.0,39669.0,759.0,55.0,32079.0,11767773.0,17.0,9375.0,171.5,17.0,9450.0,172.9,4326637.0,3924305.0
2021-11-13,Scotland,3052.0,680455.0,51.0,39720.0,773.0,53.0,31384.0,11799157.0,13.0,9388.0,171.8,10.0,9460.0,173.1,4327340.0,3924870.0
2021-11-14,Scotland,3077.0,683530.0,74.0,39794.0,759.0,51.0,19898.0,11819055.0,1.0,9389.0,171.8,15.0,9475.0,173.3,4330321.0,3929012.0
2021-11-15,Scotland,2288.0,685815.0,89.0,39883.0,771.0,57.0,22733.0,11841786.0,0.0,9389.0,171.8,19.0,9494.0,173.7,4331574.0,3930317.0
2021-11-16,Scotland,2771.0,688582.0,106.0,39989.0,779.0,57.0,40412.0,11882165.0,17.0,9406.0,172.1,5.0,9499.0,173.8,4332835.0,3931709.0
2021-11-17,Scotland,3360.0,691939.0,74.0,40063.0,774.0,57.0,45338.0,12015150.0,13.0,9419.0,172.3,12.0,9511.0,174.0,4334346.0,3933493.0
2021-11-18,Scotland,3235.0,695877.0,83.0,40146.0,786.0,63.0,35108.0,12050258.0,29.0,9448.0,172.9,9.0,9520.0,174.2,4335881.0,3935095.0
2021-11-19,Scotland,3090.0,698962.0,67.0,40213.0,785.0,64.0,31575.0,12081834.0,19.0,9467.0,173.2,9.0,9529.0,174.3,4337089.0,3936594.0
2021-11-20,Scotland,2756.0,701719.0,50.0,40263.0,792.0,62.0,29268.0,12111102.0,11.0,9478.0,173.4,10.0,9539.0,174.5,4338322.0,3937949.0
2021-11-21,Scotland,2677.0,704395.0,52.0,40315.0,752.0,58.0,23083.0,12134185.0,0.0,9478.0,173.4,9.0,9548.0,174.7,4339277.0,3939128.0
2021-11-22,Scotland,2481.0,706874.0,90.0,40405.0,750.0,59.0,23306.0,12157488.0,0.0,9478.0,173.4,15.0,9563.0,175.0,4340162.0,3940314.0
2021-11-23,Scotland,2527.0,709399.0,64.0,40469.0,743.0,60.0,41801.0,12199289.0,17.0,9495.0,173.7,12.0,9575.0,175.2,4341224.0,3941715.0
2021-11-24,Scotland,3080.0,712474.0,97.0,40566.0,708.0,66.0,43011.0,12242300.0,9.0,9504.0,173.9,6.0,9581.0,175.3,4342107.0,3942927.0
2021-11-25,Scotland,2932.0,715399.0,77.0,40643.0,721.0,59.0,33776.0,12276077.0,20.0,9524.0,174.2,10.0,9591.0,175.5,4343208.0,3944225.0
2021-11-26,Scotland,2888.0,718285.0,63.0,40706.0,734.0,60.0,29800.0,12305876.0,21.0,9545.0,174.6,15.0,9606.0,175.7,4344043.0,3945451.0
2021-11-27,Scotland,2287.0,720572.0,61.0,40767.0,727.0,53.0,24918.0,12330793.0,17.0,9562.0,174.9,13.0,9619.0,176.0,4344985.0,3946514.0
2021-11-28,Scotland,2177.0,722742.0,53.0,40820.0,709.0,55.0,22133.0,12352926.0,0.0,9562.0,174.9,16.0,9635.0,176.3,4345855.0,3948483.0
2021-11-29,Scotland,2244.0,724983.0,91.0,40911.0,715.0,52.0,23761.0,12376687.0,0.0,9562.0,174.9,11.0,9646.0,176.5,4346736.0,3949736.0
2021-11-30,Scotland,2569.0,727549.0,71.0,40982.0,706.0,54.0,37518.0,12414166.0,10.0,9572.0,175.1,3.0,9649.0,176.5,4347880.0,3951364.0
2021-12-01,Scotland,2796.0,730331.0,70.0,41052.0,702.0,54.0,42819.0,12456982.0,19.0,9591.0,175.5,14.0,9663.0,176.8,4349058.0,3953170.0
2021-12-02,Scotland,3002.0,733329.0,61.0,41113.0,680.0,48.0,34445.0,12491427.0,27.0,9618.0,176.0,12.0,9675.0,177.0,4350133.0,3954992.0
2021-12-03,Scotland,2432.0,735750.0,51.0,41164.0,652.0,46.0,22975.0,12514405.0,16.0,9634.0,176.3,7.0,9682.0,177.1,4351214.0,3956719.0
2021-12-04,Scotland,1257.0,737003.0,57.0,41221.0,605.0,50.0,29017.0,12543422.0,14.0,9648.0,176.5,12.0,9694.0,177.4,4352104.0,3958162.0
2021-12-05,Scotland,2607.0,739610.0,59.0,41280.0,583.0,46.0,32166.0,12575588.0,1.0,9649.0,176.5,8.0,9702.0,177.5,4354064.0,3960681.0
2021-12-06,Scotland,3894.0,743496.0,90.0,41370.0,591.0,43.0,35562.0,12611150.0,0.0,9649.0,176.5,13.0,9715.0,177.7,4355063.0,3962203.0
2021-12-07,Scotland,3060.0,746549.0,90.0,41460.0,576.0,38.0,40401.0,12651551.0,12.0,9661.0,176.7,18.0,9733.0,178.1,4357567.0,3965437.0
2021-12-08,Scotland,3077.0,749620.0,74.0,41534.0,581.0,42.0,42387.0,12693937.0,11.0,9672.0,176.9,10.0,9743.0,178.2,4358725.0,3967477.0
2021-12-09,Scotland,3196.0,752805.0,96.0,41630.0,578.0,39.0,57764.0,12751701.0,16.0,9688.0,177.2,9.0,9752.0,178.4,4359959.0,3969494.0
2021-12-10,Scotland,5018.0,757813.0,64.0,41694.0,573.0,40.0,44390.0,12796087.0,19.0,9707.0,177.6,7.0,9759.0,178.5,4361197.0,3971488.0
2021-12-11,Scotland,4087.0,761889.0,41.0,41735.0,552.0,33.0,42057.0,12838144.0,12.0,9719.0,177.8,8.0,9767.0,178.7,4362468.0,3973761.0
2021-12-12,Scotland,4002.0,765889.0,44.0,41779.0,541.0,37.0,34138.0,12872282.0,0.0,9719.0,177.8,8.0,9775.0,178.8,4364519.0,3976670.0
2021-12-13,Scotland,3756.0,769642.0,85.0,41864.0,561.0,39.0,29558.0,12901839.0,0.0,9719.0,177.8,5.0,9780.0,178.9,4363074.0,3978208.0
2021-12-14,Scotland,3117.0,772738.0,74.0,41938.0,541.0,38.0,61011.0,12962849.0,6.0,9725.0,177.9,8.0,9788.0,179.1,4364802.0,3981180.0
2021-12-15,Scotland,5155.0,777885.0,83.0,42021.0,544.0,38.0,60162.0,13023011.0,22.0,9746.0,178.3,6.0,9794.0,179.2,4366439.0,3983975.0
2021-12-16,Scotland,5951.0,783828.0,86.0,42107.0,532.0,34.0,47082.0,13070093.0,18.0,9764.0,178.6,7.0,9801.0,179.3,4367798.0,3986305.0
2021-12-17,Scotland,4336.0,788156.0,73.0,42180.0,522.0,33.0,53472.0,13123565.0,7.0,9771.0,178.8,6.0,9807.0,179.4,4369398.0,3988961.0
2021-12-18,Scotland,5917.0,794062.0,55.0,42235.0,494.0,34.0,47382.0,13170947.0,9.0,9780.0,178.9,7.0,9814.0,179.5,4371171.0,3991879.0
2021-12-19,Scotland,5924.0,799970.0,53.0,42288.0,504.0,38.0,49213.0,13220160.0,1.0,9781.0,178.9,6.0,9820.0,179.7,4372129.0,3993642.0
2021-12-20,Scotland,6734.0,806695.0,109.0,42397.0,516.0,38.0,39493.0,13259652.0,0.0,9781.0,178.9,11.0,9831.0,179.9,4373917.0,3997192.0
2021-12-21,Scotland,5242.0,811927.0,81.0,42478.0,515.0,37.0,52022.0,13311675.0,9.0,9790.0,179.1,9.0,9840.0,180.0,4375588.0,4000171.0
2021-12-22,Scotland,5967.0,814359.0,101.0,42579.0,536.0,40.0,54863.0,13366536.0,11.0,9801.0,179.3,7.0,9847.0,180.2,4377002.0,4003377.0
2021-12-23,Scotland,6215.0,824088.0,90.0,42669.0,540.0,38.0,55780.0,13422316.0,11.0,9812.0,179.5,5.0,9852.0,180.2,4378172.0,4006076.0
2021-12-24,Scotland,7076.0,831158.0,94.0,42763.0,524.0,36.0,52645.0,13474961.0,10.0,9822.0,179.7,5.0,9857.0,180.3,4378172.0,4006076.0
2021-12-25,Scotland,8252.0,839391.0,66.0,42829.0,527.0,33.0,53921.0,13528882.0,10.0,9832.0,179.9,8.0,9865.0,180.5,4378172.0,4006076.0
2021-12-26,Scotland,11030.0,850411.0,103.0,42932.0,528.0,35.0,35898.0,13564780.0,0.0,9832.0,179.9,2.0,9867.0,180.5,4378172.0,4006076.0
2021-12-27,Scotland,10562.0,860964.0,130.0,43062.0,555.0,37.0,34474.0,13599254.0,0.0,9832.0,179.9,9.0,9876.0,180.7,4379460.0,4008222.0
2021-12-28,Scotland,9360.0,870304.0,140.0,43202.0,599.0,37.0,63238.0,13662492.0,1.0,9833.0,179.9,13.0,9889.0,180.9,4380108.0,4009886.0
2021-12-29,Scotland,15849.0,886065.0,154.0,43356.0,679.0,36.0,71612.0,13734106.0,3.0,9836.0,179.9,9.0,9898.0,181.1,4381226.0,4012490.0
2021-12-30,Scotland,16857.0,902889.0,156.0,43512.0,811.0,34.0,60818.0,13794923.0,9.0,9845.0,180.1,9.0,9907.0,181.2,4382665.0,4015376.0
2021-12-31,Scotland,11962.0,914841.0,182.0,43694.0,859.0,36.0,0.0,13794923.0,13.0,9858.0,180.4,9.0,9916.0,181.4,4383209.0,4017043.0
2022-01-01,Scotland,17065.0,931852.0,118.0,43812.0,897.0,34.0,0.0,13794923.0,8.0,9866.0,180.5,9.0,9925.0,181.6,4383212.0,4017045.0
2022-01-02,Scotland,14080.0,945871.0,141.0,43953.0,953.0,36.0,65860.0,13985739.0,0.0,9866.0,180.5,7.0,9932.0,181.7,4383212.0,4017051.0
2022-01-03,Scotland,20217.0,966027.0,143.0,44096.0,1033.0,38.0,56290.0,14042029.0,0.0,9866.0,180.5,7.0,9939.0,181.8,4384343.0,4022821.0
2022-01-04,Scotland,17259.0,983270.0,168.0,44264.0,1152.0,42.0,69327.0,14111356.0,1.0,9867.0,180.5,18.0,9957.0,182.2,4385227.0,4026878.0
2022-01-05,Scotland,16103.0,999324.0,146.0,44410.0,1223.0,42.0,57217.0,14168575.0,5.0,9872.0,180.6,9.0,9966.0,182.3,4387192.0,4033635.0
2022-01-06,Scotland,11360.0,1010660.0,155.0,44565.0,1267.0,43.0,78300.0,14246875.0,18.0,9890.0,180.9,17.0,9983.0,182.6,4388543.0,4037434.0
2022-01-07,Scotland,14486.0,1025063.0,136.0,44701.0,1323.0,48.0,57907.0,14304782.0,15.0,9905.0,181.2,10.0,9993.0,182.8,4390076.0,4041550.0
2022-01-08,Scotland,12602.0,1037622.0,124.0,44825.0,1356.0,47.0,38423.0,14343205.0,26.0,9931.0,181.7,13.0,10006.0,183.1,4391558.0,4045667.0
2022-01-09,Scotland,7561.0,1045109.0,138.0,44963.0,1376.0,53.0,47019.0,14390224.0,3.0,9934.0,181.7,11.0,10017.0,183.3,4392694.0,4048656.0
2022-01-10,Scotland,11827.0,1056837.0,155.0,45118.0,1432.0,54.0,43739.0,14433962.0,0.0,9934.0,181.7,14.0,10031.0,183.5,4393689.0,4051635.0
2022-01-11,Scotland,10392.0,1067028.0,,,1479.0,54.0,46737.0,14480699.0,16.0,9950.0,182.0,4.0,10035.0,183.6,4394756.0,4054752.0
2022-01-12,Scotland,7606.0,1074591.0,,,1537.0,59.0,41066.0,14521700.0,21.0,9971.0,182.4,2.0,10037.0,183.6,4395793.0,4057606.0
2022-01-13,Scotland,5186.0,1079729.0,,,1560.0,58.0,38550.0,14560255.0,26.0,9997.0,182.9,1.0,10038.0,183.6,4396802.0,4060859.0
2022-01-14,Scotland,5977.0,1085696.0,,,1544.0,50.0,,,41.0,10038.0,183.6,,,,,
2020-03-01,Northern Ireland,,,,,11.0,,,,,,,,,,,
2020-03-02,Northern Ireland,,,1.0,1.0,12.0,,,,,,,,,,,
2020-03-03,Northern Ireland,,,0.0,1.0,12.0,,,,,,,,,,,
2020-03-04,Northern Ireland,,,0.0,1.0,12.0,,,,,,,,,,,
2020-03-05,Northern Ireland,,,1.0,2.0,13.0,,,,,,,,,,,
2020-03-06,Northern Ireland,2.0,2.0,3.0,5.0,16.0,,,,,,,,,,,
2020-03-07,Northern Ireland,2.0,4.0,0.0,5.0,16.0,,,,,,,,,,,
2020-03-08,Northern Ireland,5.0,9.0,0.0,5.0,16.0,,,,,,,,,,,
2020-03-09,Northern Ireland,3.0,12.0,1.0,6.0,17.0,,,,,,,,,,,
2020-03-10,Northern Ireland,0.0,16.0,4.0,10.0,21.0,,,,,,,,,,,
2020-03-11,Northern Ireland,2.0,18.0,4.0,14.0,25.0,,,,,,,,,,,
2020-03-12,Northern Ireland,1.0,19.0,3.0,17.0,28.0,,,,,,,,,,,
2020-03-13,Northern Ireland,10.0,29.0,2.0,19.0,29.0,,,,,,,,,,,
2020-03-14,Northern Ireland,5.0,34.0,2.0,21.0,31.0,,,,,,,,,,,
2020-03-15,Northern Ireland,11.0,45.0,1.0,22.0,31.0,,,,,,,,,,,
2020-03-16,Northern Ireland,7.0,52.0,4.0,26.0,35.0,,,,,,,,,,,
2020-03-17,Northern Ireland,10.0,62.0,5.0,31.0,37.0,,,,,,,,,,,
2020-03-18,Northern Ireland,6.0,68.0,8.0,39.0,43.0,,,,,,,1.0,1.0,0.1,,
2020-03-19,Northern Ireland,9.0,77.0,5.0,44.0,44.0,,,,,1.0,0.1,1.0,2.0,0.1,,
2020-03-20,Northern Ireland,9.0,86.0,12.0,56.0,56.0,,,,,1.0,0.1,0.0,2.0,0.1,,
2020-03-21,Northern Ireland,22.0,108.0,15.0,71.0,70.0,,,,1.0,2.0,0.1,1.0,3.0,0.2,,
2020-03-22,Northern Ireland,20.0,128.0,10.0,81.0,77.0,,,,0.0,2.0,0.1,1.0,4.0,0.2,,
2020-03-23,Northern Ireland,20.0,148.0,18.0,99.0,87.0,6.0,,,1.0,3.0,0.2,5.0,9.0,0.5,,
2020-03-24,Northern Ireland,24.0,172.0,15.0,114.0,94.0,2.0,,,2.0,5.0,0.3,2.0,11.0,0.6,,
2020-03-25,Northern Ireland,37.0,209.0,29.0,143.0,116.0,10.0,,,2.0,7.0,0.4,4.0,15.0,0.8,,
2020-03-26,Northern Ireland,32.0,241.0,28.0,171.0,140.0,10.0,,,3.0,10.0,0.5,2.0,17.0,0.9,,
2020-03-27,Northern Ireland,34.0,275.0,30.0,201.0,158.0,15.0,,,3.0,13.0,0.7,3.0,20.0,1.1,,
2020-03-28,Northern Ireland,49.0,324.0,37.0,238.0,188.0,19.0,,,2.0,15.0,0.8,8.0,28.0,1.5,,
2020-03-29,Northern Ireland,86.0,410.0,34.0,272.0,207.0,26.0,,,6.0,21.0,1.1,4.0,32.0,1.7,,
2020-03-30,Northern Ireland,123.0,533.0,35.0,307.0,227.0,25.0,,,1.0,22.0,1.2,4.0,36.0,1.9,,
2020-03-31,Northern Ireland,53.0,586.0,43.0,350.0,252.0,32.0,,,6.0,28.0,1.5,5.0,41.0,2.2,,
2020-04-01,Northern Ireland,103.0,689.0,45.0,395.0,280.0,46.0,,,2.0,30.0,1.6,4.0,45.0,2.4,,
2020-04-02,Northern Ireland,85.0,774.0,44.0,439.0,305.0,47.0,,,6.0,36.0,1.9,10.0,55.0,2.9,,
2020-04-03,Northern Ireland,130.0,904.0,44.0,483.0,306.0,46.0,,,12.0,48.0,2.5,10.0,65.0,3.4,,
2020-04-04,Northern Ireland,94.0,998.0,41.0,524.0,330.0,45.0,,,8.0,56.0,3.0,9.0,74.0,3.9,,
2020-04-05,Northern Ireland,91.0,1089.0,29.0,553.0,330.0,44.0,,,7.0,63.0,3.3,11.0,85.0,4.5,,
2020-04-06,Northern Ireland,69.0,1158.0,42.0,595.0,346.0,44.0,,,7.0,70.0,3.7,6.0,91.0,4.8,,
2020-04-07,Northern Ireland,97.0,1255.0,39.0,634.0,354.0,49.0,,,3.0,73.0,3.9,8.0,99.0,5.2,,
2020-04-08,Northern Ireland,84.0,1339.0,32.0,666.0,357.0,46.0,,,5.0,78.0,4.1,4.0,103.0,5.4,,
2020-04-09,Northern Ireland,138.0,1477.0,33.0,699.0,347.0,44.0,,,4.0,82.0,4.3,18.0,121.0,6.4,,
2020-04-10,Northern Ireland,112.0,1589.0,20.0,719.0,317.0,48.0,,,10.0,92.0,4.9,11.0,132.0,7.0,,
2020-04-11,Northern Ireland,128.0,1717.0,22.0,741.0,318.0,48.0,,,15.0,107.0,5.6,11.0,143.0,7.5,,
2020-04-12,Northern Ireland,89.0,1806.0,22.0,763.0,316.0,46.0,,,11.0,118.0,6.2,16.0,159.0,8.4,,
2020-04-13,Northern Ireland,76.0,1882.0,17.0,780.0,308.0,39.0,,,6.0,124.0,6.5,7.0,166.0,8.8,,
2020-04-14,Northern Ireland,85.0,1967.0,22.0,802.0,296.0,38.0,,,10.0,134.0,7.1,12.0,178.0,9.4,,
2020-04-15,Northern Ireland,121.0,2088.0,23.0,825.0,278.0,36.0,,,6.0,140.0,7.4,16.0,194.0,10.2,,
2020-04-16,Northern Ireland,113.0,2201.0,33.0,858.0,283.0,33.0,,,18.0,158.0,8.3,11.0,205.0,10.8,,
2020-04-17,Northern Ireland,137.0,2338.0,32.0,890.0,290.0,34.0,,,18.0,176.0,9.3,9.0,214.0,11.3,,
2020-04-18,Northern Ireland,148.0,2486.0,15.0,905.0,287.0,33.0,,,17.0,193.0,10.2,10.0,224.0,11.8,,
2020-04-19,Northern Ireland,159.0,2645.0,22.0,927.0,298.0,29.0,,,1.0,194.0,10.2,10.0,234.0,12.3,,
2020-04-20,Northern Ireland,83.0,2728.0,33.0,960.0,304.0,31.0,,,13.0,207.0,10.9,12.0,246.0,13.0,,
2020-04-21,Northern Ireland,30.0,2758.0,31.0,991.0,312.0,34.0,,,13.0,220.0,11.6,13.0,259.0,13.7,,
2020-04-22,Northern Ireland,116.0,2874.0,27.0,1018.0,310.0,31.0,,,30.0,250.0,13.2,19.0,278.0,14.7,,
2020-04-23,Northern Ireland,142.0,3016.0,23.0,1041.0,301.0,33.0,,,13.0,263.0,13.9,16.0,294.0,15.5,,
2020-04-24,Northern Ireland,106.0,3122.0,22.0,1063.0,295.0,29.0,,,15.0,278.0,14.7,11.0,305.0,16.1,,
2020-04-25,Northern Ireland,104.0,3226.0,19.0,1082.0,298.0,31.0,,,16.0,294.0,15.5,15.0,320.0,16.9,,
2020-04-26,Northern Ireland,82.0,3308.0,11.0,1093.0,289.0,27.0,,,5.0,299.0,15.8,14.0,334.0,17.6,,
2020-04-27,Northern Ireland,66.0,3374.0,23.0,1116.0,286.0,27.0,,,10.0,309.0,16.3,13.0,347.0,18.3,,
2020-04-28,Northern Ireland,34.0,3408.0,11.0,1127.0,277.0,27.0,,,20.0,329.0,17.4,6.0,353.0,18.6,,
2020-04-29,Northern Ireland,55.0,3463.0,17.0,1144.0,270.0,26.0,,,9.0,338.0,17.8,14.0,367.0,19.4,,
2020-04-30,Northern Ireland,73.0,3536.0,27.0,1171.0,275.0,25.0,,,9.0,347.0,18.3,8.0,375.0,19.8,,
2020-05-01,Northern Ireland,87.0,3623.0,19.0,1190.0,269.0,22.0,,,18.0,365.0,19.3,12.0,387.0,20.4,,
2020-05-02,Northern Ireland,66.0,3689.0,12.0,1202.0,268.0,23.0,,,11.0,376.0,19.8,12.0,399.0,21.0,,
2020-05-03,Northern Ireland,78.0,3767.0,10.0,1212.0,264.0,21.0,,,5.0,381.0,20.1,11.0,410.0,21.6,,
2020-05-04,Northern Ireland,69.0,3836.0,13.0,1225.0,260.0,21.0,,,6.0,387.0,20.4,9.0,419.0,22.1,,
2020-05-05,Northern Ireland,45.0,3881.0,11.0,1236.0,243.0,21.0,,,17.0,404.0,21.3,6.0,425.0,22.4,,
2020-05-06,Northern Ireland,53.0,3934.0,17.0,1253.0,239.0,22.0,,,14.0,418.0,22.1,3.0,428.0,22.6,,
2020-05-07,Northern Ireland,50.0,3984.0,12.0,1265.0,231.0,22.0,,,4.0,422.0,22.3,3.0,431.0,22.7,,
2020-05-08,Northern Ireland,38.0,4022.0,7.0,1272.0,220.0,23.0,,,4.0,426.0,22.5,6.0,437.0,23.1,,
2020-05-09,Northern Ireland,56.0,4078.0,19.0,1291.0,232.0,19.0,,,4.0,430.0,22.7,7.0,444.0,23.4,,
2020-05-10,Northern Ireland,41.0,4119.0,18.0,1309.0,241.0,16.0,,,5.0,435.0,22.9,10.0,454.0,24.0,,
2020-05-11,Northern Ireland,30.0,4149.0,22.0,1331.0,248.0,13.0,,,3.0,438.0,23.1,2.0,456.0,24.1,,
2020-05-12,Northern Ireland,44.0,4193.0,10.0,1341.0,244.0,14.0,,,9.0,447.0,23.6,4.0,460.0,24.3,,
2020-05-13,Northern Ireland,60.0,4253.0,16.0,1357.0,245.0,12.0,,,2.0,449.0,23.7,3.0,463.0,24.4,,
2020-05-14,Northern Ireland,38.0,4291.0,13.0,1370.0,226.0,12.0,,,5.0,454.0,24.0,10.0,473.0,25.0,,
2020-05-15,Northern Ireland,26.0,4317.0,11.0,1381.0,210.0,10.0,,,15.0,469.0,24.7,3.0,476.0,25.1,,
2020-05-16,Northern Ireland,40.0,4357.0,7.0,1388.0,206.0,12.0,,,4.0,473.0,25.0,4.0,480.0,25.3,,
2020-05-17,Northern Ireland,28.0,4385.0,12.0,1400.0,208.0,13.0,,,3.0,476.0,25.1,7.0,487.0,25.7,,
2020-05-18,Northern Ireland,16.0,4401.0,11.0,1411.0,202.0,9.0,,,6.0,482.0,25.4,7.0,494.0,26.1,,
2020-05-19,Northern Ireland,20.0,4421.0,10.0,1421.0,197.0,7.0,,,7.0,489.0,25.8,5.0,499.0,26.3,,
2020-05-20,Northern Ireland,18.0,4439.0,5.0,1426.0,181.0,5.0,,,5.0,494.0,26.1,5.0,504.0,26.6,,
2020-05-21,Northern Ireland,42.0,4481.0,8.0,1434.0,172.0,6.0,,,7.0,501.0,26.4,4.0,508.0,26.8,,
2020-05-22,Northern Ireland,23.0,4504.0,5.0,1439.0,164.0,4.0,,,3.0,504.0,26.6,1.0,509.0,26.9,,
2020-05-23,Northern Ireland,41.0,4545.0,4.0,1443.0,162.0,5.0,,,1.0,505.0,26.6,2.0,511.0,27.0,,
2020-05-24,Northern Ireland,25.0,4570.0,4.0,1447.0,161.0,4.0,,,1.0,506.0,26.7,7.0,518.0,27.3,,
2020-05-25,Northern Ireland,39.0,4609.0,9.0,1456.0,159.0,5.0,,,8.0,514.0,27.1,1.0,519.0,27.4,,
2020-05-26,Northern Ireland,28.0,4637.0,10.0,1466.0,158.0,5.0,,,0.0,514.0,27.1,1.0,520.0,27.4,,
2020-05-27,Northern Ireland,26.0,4663.0,6.0,1472.0,149.0,5.0,,,2.0,516.0,27.2,4.0,524.0,27.6,,
2020-05-28,Northern Ireland,16.0,4679.0,6.0,1478.0,144.0,5.0,,,2.0,518.0,27.3,3.0,527.0,27.8,,
2020-05-29,Northern Ireland,17.0,4696.0,6.0,1484.0,136.0,4.0,,,3.0,521.0,27.5,1.0,528.0,27.9,,
2020-05-30,Northern Ireland,13.0,4709.0,5.0,1489.0,137.0,4.0,,,1.0,522.0,27.5,2.0,530.0,28.0,,
2020-05-31,Northern Ireland,7.0,4716.0,4.0,1493.0,139.0,4.0,,,1.0,523.0,27.6,1.0,531.0,28.0,,
2020-06-01,Northern Ireland,12.0,4728.0,3.0,1496.0,127.0,4.0,,,1.0,524.0,27.6,1.0,532.0,28.1,,
2020-06-02,Northern Ireland,4.0,4732.0,4.0,1500.0,119.0,5.0,,,2.0,526.0,27.7,2.0,534.0,28.2,,
2020-06-03,Northern Ireland,8.0,4740.0,3.0,1503.0,108.0,3.0,,,8.0,534.0,28.2,2.0,536.0,28.3,,
2020-06-04,Northern Ireland,33.0,4773.0,3.0,1506.0,96.0,7.0,,,1.0,535.0,28.2,0.0,536.0,28.3,,
2020-06-05,Northern Ireland,3.0,4776.0,3.0,1509.0,92.0,6.0,,,1.0,536.0,28.3,1.0,537.0,28.3,,
2020-06-06,Northern Ireland,14.0,4790.0,3.0,1512.0,89.0,6.0,,,1.0,537.0,28.3,0.0,537.0,28.3,,
2020-06-07,Northern Ireland,6.0,4796.0,1.0,1513.0,89.0,4.0,,,0.0,537.0,28.3,0.0,537.0,28.3,,
2020-06-08,Northern Ireland,6.0,4802.0,2.0,1515.0,89.0,4.0,,,0.0,537.0,28.3,0.0,537.0,28.3,,
2020-06-09,Northern Ireland,3.0,4805.0,5.0,1520.0,83.0,3.0,,,0.0,537.0,28.3,0.0,537.0,28.3,,
2020-06-10,Northern Ireland,13.0,4818.0,5.0,1525.0,81.0,5.0,,,0.0,537.0,28.3,0.0,537.0,28.3,,
2020-06-11,Northern Ireland,4.0,4822.0,5.0,1530.0,75.0,6.0,,,1.0,538.0,28.4,2.0,539.0,28.4,,
2020-06-12,Northern Ireland,16.0,4838.0,2.0,1532.0,70.0,5.0,,,1.0,539.0,28.4,1.0,540.0,28.5,,
2020-06-13,Northern Ireland,3.0,4841.0,2.0,1534.0,68.0,4.0,,,2.0,541.0,28.5,1.0,541.0,28.5,,
2020-06-14,Northern Ireland,7.0,4848.0,0.0,1534.0,67.0,4.0,,,0.0,541.0,28.5,0.0,541.0,28.5,,
2020-06-15,Northern Ireland,4.0,4852.0,0.0,1534.0,66.0,4.0,,,0.0,541.0,28.5,0.0,541.0,28.5,,
2020-06-16,Northern Ireland,2.0,4854.0,1.0,1535.0,59.0,3.0,,,1.0,542.0,28.6,1.0,542.0,28.6,,
2020-06-17,Northern Ireland,8.0,4862.0,1.0,1536.0,53.0,2.0,,,1.0,543.0,28.6,1.0,543.0,28.6,,
2020-06-18,Northern Ireland,1.0,4863.0,1.0,1537.0,50.0,2.0,,,0.0,543.0,28.6,1.0,544.0,28.7,,
2020-06-19,Northern Ireland,3.0,4866.0,1.0,1538.0,45.0,2.0,,,1.0,544.0,28.7,1.0,545.0,28.8,,
2020-06-20,Northern Ireland,0.0,4866.0,3.0,1541.0,47.0,2.0,,,1.0,545.0,28.8,0.0,545.0,28.8,,
2020-06-21,Northern Ireland,4.0,4870.0,4.0,1545.0,51.0,2.0,,,0.0,545.0,28.8,0.0,545.0,28.8,,
2020-06-22,Northern Ireland,1.0,4871.0,2.0,1547.0,52.0,2.0,,,0.0,545.0,28.8,1.0,546.0,28.8,,
2020-06-23,Northern Ireland,0.0,4871.0,3.0,1550.0,53.0,2.0,,,1.0,546.0,28.8,1.0,547.0,28.9,,
2020-06-24,Northern Ireland,2.0,4873.0,1.0,1551.0,48.0,2.0,,,1.0,547.0,28.9,0.0,547.0,28.9,,
2020-06-25,Northern Ireland,1.0,4874.0,2.0,1553.0,47.0,1.0,,,0.0,547.0,28.9,1.0,548.0,28.9,,
2020-06-26,Northern Ireland,4.0,5748.0,2.0,1555.0,40.0,1.0,,,1.0,548.0,28.9,2.0,550.0,29.0,,
2020-06-27,Northern Ireland,2.0,5750.0,0.0,1555.0,37.0,0.0,,,1.0,549.0,29.0,0.0,550.0,29.0,,
2020-06-28,Northern Ireland,1.0,5751.0,3.0,1558.0,40.0,0.0,,,1.0,550.0,29.0,0.0,550.0,29.0,,
2020-06-29,Northern Ireland,6.0,5757.0,0.0,1558.0,36.0,0.0,,,1.0,551.0,29.1,1.0,551.0,29.1,,
2020-06-30,Northern Ireland,3.0,5760.0,2.0,1560.0,34.0,0.0,,,0.0,551.0,29.1,0.0,551.0,29.1,,
2020-07-01,Northern Ireland,1.0,5761.0,0.0,1560.0,32.0,0.0,,,0.0,551.0,29.1,1.0,552.0,29.1,,
2020-07-02,Northern Ireland,7.0,5768.0,2.0,1562.0,31.0,0.0,1508.0,141434.0,1.0,552.0,29.1,0.0,552.0,29.1,,
2020-07-03,Northern Ireland,4.0,5747.0,1.0,1563.0,28.0,0.0,,141434.0,2.0,554.0,29.2,2.0,554.0,29.2,,
2020-07-04,Northern Ireland,0.0,5747.0,3.0,1566.0,30.0,0.0,,141434.0,0.0,554.0,29.2,0.0,554.0,29.2,,
2020-07-05,Northern Ireland,0.0,5747.0,0.0,1566.0,30.0,0.0,,144879.0,0.0,554.0,29.2,0.0,554.0,29.2,,
2020-07-06,Northern Ireland,0.0,5756.0,1.0,1567.0,30.0,0.0,1067.0,145946.0,0.0,554.0,29.2,0.0,554.0,29.2,,
2020-07-07,Northern Ireland,5.0,5761.0,1.0,1568.0,31.0,0.0,1228.0,147174.0,0.0,554.0,29.2,0.0,554.0,29.2,,
2020-07-08,Northern Ireland,4.0,5765.0,3.0,1571.0,31.0,0.0,1777.0,148951.0,0.0,554.0,29.2,0.0,554.0,29.2,,
2020-07-09,Northern Ireland,3.0,5768.0,3.0,1574.0,30.0,0.0,1542.0,150493.0,0.0,554.0,29.2,1.0,555.0,29.3,,
2020-07-10,Northern Ireland,4.0,5772.0,0.0,1574.0,28.0,0.0,,150493.0,0.0,554.0,29.2,0.0,555.0,29.3,,
2020-07-11,Northern Ireland,0.0,5772.0,1.0,1575.0,29.0,0.0,,150493.0,0.0,554.0,29.2,0.0,555.0,29.3,,
2020-07-12,Northern Ireland,0.0,5772.0,0.0,1575.0,27.0,0.0,,153734.0,0.0,554.0,29.2,1.0,556.0,29.3,,
2020-07-13,Northern Ireland,0.0,5788.0,1.0,1576.0,26.0,1.0,1275.0,155009.0,2.0,556.0,29.3,0.0,556.0,29.3,,
2020-07-14,Northern Ireland,2.0,5790.0,0.0,1576.0,24.0,1.0,1315.0,156324.0,0.0,556.0,29.3,0.0,556.0,29.3,,
2020-07-15,Northern Ireland,9.0,5799.0,1.0,1577.0,25.0,1.0,1365.0,157689.0,0.0,556.0,29.3,0.0,556.0,29.3,,
2020-07-16,Northern Ireland,16.0,5815.0,2.0,1579.0,25.0,1.0,1807.0,159496.0,0.0,556.0,29.3,0.0,556.0,29.3,,
2020-07-17,Northern Ireland,19.0,5834.0,0.0,1579.0,23.0,1.0,,159496.0,0.0,556.0,29.3,0.0,556.0,29.3,,
2020-07-18,Northern Ireland,0.0,5834.0,2.0,1581.0,25.0,1.0,,159496.0,0.0,556.0,29.3,0.0,556.0,29.3,,
2020-07-19,Northern Ireland,0.0,5834.0,1.0,1582.0,26.0,1.0,,164254.0,0.0,556.0,29.3,0.0,556.0,29.3,,
2020-07-20,Northern Ireland,0.0,5857.0,1.0,1583.0,27.0,1.0,1579.0,165833.0,0.0,556.0,29.3,0.0,556.0,29.3,,
2020-07-21,Northern Ireland,2.0,5859.0,0.0,1583.0,25.0,2.0,1829.0,167662.0,0.0,556.0,29.3,0.0,556.0,29.3,,
2020-07-22,Northern Ireland,9.0,5868.0,2.0,1585.0,24.0,2.0,1851.0,169513.0,0.0,556.0,29.3,0.0,556.0,29.3,,
2020-07-23,Northern Ireland,8.0,5876.0,0.0,1585.0,24.0,2.0,2020.0,171533.0,0.0,556.0,29.3,0.0,556.0,29.3,,
2020-07-24,Northern Ireland,15.0,5891.0,3.0,1588.0,25.0,2.0,,171533.0,0.0,556.0,29.3,0.0,556.0,29.3,,
2020-07-25,Northern Ireland,0.0,5891.0,2.0,1590.0,25.0,2.0,,171533.0,0.0,556.0,29.3,0.0,556.0,29.3,,
2020-07-26,Northern Ireland,0.0,5891.0,0.0,1590.0,24.0,2.0,,176158.0,0.0,556.0,29.3,0.0,556.0,29.3,,
2020-07-27,Northern Ireland,0.0,5912.0,2.0,1592.0,25.0,1.0,1547.0,177705.0,0.0,556.0,29.3,0.0,556.0,29.3,,
2020-07-28,Northern Ireland,9.0,5921.0,1.0,1593.0,25.0,1.0,1687.0,179392.0,0.0,556.0,29.3,0.0,556.0,29.3,,
2020-07-29,Northern Ireland,9.0,5930.0,2.0,1595.0,26.0,1.0,1973.0,181365.0,0.0,556.0,29.3,0.0,556.0,29.3,,
2020-07-30,Northern Ireland,8.0,5938.0,1.0,1596.0,24.0,1.0,1621.0,182986.0,0.0,556.0,29.3,0.0,556.0,29.3,,
2020-07-31,Northern Ireland,10.0,5948.0,2.0,1598.0,25.0,1.0,,182986.0,0.0,556.0,29.3,0.0,556.0,29.3,,
2020-08-01,Northern Ireland,0.0,5948.0,3.0,1601.0,27.0,1.0,,182986.0,0.0,556.0,29.3,0.0,556.0,29.3,,
2020-08-02,Northern Ireland,0.0,5948.0,1.0,1602.0,26.0,1.0,,187618.0,0.0,556.0,29.3,0.0,556.0,29.3,,
2020-08-03,Northern Ireland,0.0,5988.0,3.0,1605.0,25.0,1.0,2021.0,189639.0,0.0,556.0,29.3,0.0,556.0,29.3,,
2020-08-04,Northern Ireland,8.0,5996.0,1.0,1606.0,24.0,1.0,1779.0,191418.0,0.0,556.0,29.3,0.0,556.0,29.3,,
2020-08-05,Northern Ireland,10.0,6006.0,1.0,1607.0,23.0,1.0,3614.0,195032.0,0.0,556.0,29.3,0.0,556.0,29.3,,
2020-08-06,Northern Ireland,43.0,6049.0,3.0,1610.0,26.0,1.0,3153.0,198185.0,0.0,556.0,29.3,0.0,556.0,29.3,,
2020-08-07,Northern Ireland,15.0,6064.0,0.0,1610.0,25.0,1.0,,198185.0,0.0,556.0,29.3,0.0,556.0,29.3,,
2020-08-08,Northern Ireland,0.0,6064.0,5.0,1615.0,28.0,1.0,,198185.0,0.0,556.0,29.3,1.0,557.0,29.4,,
2020-08-09,Northern Ireland,0.0,6064.0,2.0,1617.0,29.0,1.0,,206004.0,0.0,556.0,29.3,0.0,557.0,29.4,,
2020-08-10,Northern Ireland,0.0,6140.0,0.0,1617.0,28.0,1.0,3402.0,209406.0,1.0,557.0,29.4,0.0,557.0,29.4,,
2020-08-11,Northern Ireland,48.0,6188.0,2.0,1619.0,29.0,1.0,3572.0,212978.0,0.0,557.0,29.4,0.0,557.0,29.4,,
2020-08-12,Northern Ireland,29.0,6217.0,3.0,1622.0,28.0,2.0,2179.0,215157.0,0.0,557.0,29.4,0.0,557.0,29.4,,
2020-08-13,Northern Ireland,8.0,6225.0,4.0,1626.0,30.0,2.0,5597.0,220754.0,0.0,557.0,29.4,1.0,558.0,29.4,,
2020-08-14,Northern Ireland,74.0,6299.0,2.0,1628.0,30.0,1.0,6009.0,226763.0,1.0,558.0,29.4,0.0,558.0,29.4,,
2020-08-15,Northern Ireland,65.0,6364.0,2.0,1630.0,31.0,0.0,5658.0,232421.0,0.0,558.0,29.4,1.0,559.0,29.5,,
2020-08-16,Northern Ireland,27.0,6391.0,2.0,1632.0,31.0,0.0,3340.0,235761.0,0.0,558.0,29.4,0.0,559.0,29.5,,
2020-08-17,Northern Ireland,39.0,6430.0,6.0,1638.0,37.0,0.0,3850.0,239611.0,0.0,558.0,29.4,0.0,559.0,29.5,,
2020-08-18,Northern Ireland,41.0,6471.0,6.0,1644.0,41.0,0.0,3088.0,242699.0,1.0,559.0,29.5,0.0,559.0,29.5,,
2020-08-19,Northern Ireland,34.0,6505.0,6.0,1650.0,46.0,0.0,5177.0,247876.0,0.0,559.0,29.5,0.0,559.0,29.5,,
2020-08-20,Northern Ireland,51.0,6556.0,6.0,1656.0,51.0,0.0,3465.0,251341.0,0.0,559.0,29.5,0.0,559.0,29.5,,
2020-08-21,Northern Ireland,20.0,6576.0,2.0,1658.0,52.0,0.0,5881.0,257222.0,0.0,559.0,29.5,0.0,559.0,29.5,,
2020-08-22,Northern Ireland,71.0,6647.0,3.0,1661.0,51.0,0.0,7646.0,264868.0,0.0,559.0,29.5,0.0,559.0,29.5,,
2020-08-23,Northern Ireland,119.0,6766.0,3.0,1664.0,52.0,0.0,2926.0,267794.0,0.0,559.0,29.5,0.0,559.0,29.5,,
2020-08-24,Northern Ireland,10.0,6776.0,6.0,1670.0,56.0,1.0,3371.0,271165.0,0.0,559.0,29.5,0.0,559.0,29.5,,
2020-08-25,Northern Ireland,47.0,6823.0,2.0,1672.0,53.0,1.0,6410.0,277575.0,0.0,559.0,29.5,1.0,560.0,29.5,,
2020-08-26,Northern Ireland,72.0,6895.0,0.0,1672.0,47.0,1.0,6979.0,284554.0,0.0,559.0,29.5,0.0,560.0,29.5,,
2020-08-27,Northern Ireland,69.0,6964.0,4.0,1676.0,50.0,1.0,6325.0,290879.0,1.0,560.0,29.5,0.0,560.0,29.5,,
2020-08-28,Northern Ireland,85.0,7049.0,5.0,1681.0,53.0,2.0,5735.0,296614.0,0.0,560.0,29.5,1.0,561.0,29.6,,
2020-08-29,Northern Ireland,89.0,7138.0,2.0,1683.0,55.0,2.0,4848.0,301462.0,0.0,560.0,29.5,0.0,561.0,29.6,,
2020-08-30,Northern Ireland,49.0,7187.0,3.0,1686.0,54.0,2.0,4951.0,306413.0,0.0,560.0,29.5,0.0,561.0,29.6,,
2020-08-31,Northern Ireland,58.0,7245.0,5.0,1691.0,59.0,2.0,4350.0,310763.0,0.0,560.0,29.5,0.0,561.0,29.6,,
2020-09-01,Northern Ireland,49.0,7294.0,4.0,1695.0,58.0,3.0,6053.0,316816.0,0.0,560.0,29.5,1.0,562.0,29.6,,
2020-09-02,Northern Ireland,71.0,7365.0,0.0,1695.0,52.0,3.0,8013.0,324829.0,2.0,562.0,29.6,0.0,562.0,29.6,,
2020-09-03,Northern Ireland,77.0,7442.0,3.0,1698.0,52.0,3.0,6369.0,331198.0,1.0,563.0,29.7,2.0,564.0,29.8,,
2020-09-04,Northern Ireland,61.0,7503.0,2.0,1700.0,51.0,3.0,6305.0,337503.0,1.0,564.0,29.8,0.0,564.0,29.8,,
2020-09-05,Northern Ireland,118.0,7621.0,1.0,1701.0,51.0,3.0,5030.0,342533.0,0.0,564.0,29.8,1.0,565.0,29.8,,
2020-09-06,Northern Ireland,106.0,7727.0,4.0,1705.0,54.0,3.0,6992.0,349525.0,0.0,564.0,29.8,0.0,565.0,29.8,,
2020-09-07,Northern Ireland,141.0,7868.0,1.0,1706.0,53.0,1.0,2845.0,352370.0,1.0,565.0,29.8,2.0,567.0,29.9,,
2020-09-08,Northern Ireland,40.0,7908.0,9.0,1715.0,57.0,1.0,4461.0,356831.0,2.0,567.0,29.9,0.0,567.0,29.9,,
2020-09-09,Northern Ireland,49.0,7957.0,3.0,1718.0,56.0,2.0,8543.0,365374.0,0.0,567.0,29.9,0.0,567.0,29.9,,
2020-09-10,Northern Ireland,78.0,8035.0,7.0,1725.0,58.0,2.0,8142.0,373516.0,1.0,568.0,30.0,1.0,568.0,30.0,,
2020-09-11,Northern Ireland,88.0,8123.0,7.0,1732.0,61.0,1.0,8553.0,382069.0,0.0,568.0,30.0,2.0,570.0,30.1,,
2020-09-12,Northern Ireland,104.0,8227.0,4.0,1736.0,65.0,1.0,6237.0,388306.0,0.0,568.0,30.0,0.0,570.0,30.1,,
2020-09-13,Northern Ireland,87.0,8314.0,6.0,1742.0,71.0,1.0,5512.0,393818.0,0.0,568.0,30.0,0.0,570.0,30.1,,
2020-09-14,Northern Ireland,109.0,8423.0,8.0,1750.0,74.0,1.0,4398.0,398216.0,2.0,570.0,30.1,1.0,571.0,30.1,,
2020-09-15,Northern Ireland,79.0,8502.0,4.0,1754.0,74.0,2.0,6779.0,404995.0,1.0,571.0,30.1,1.0,572.0,30.2,,
2020-09-16,Northern Ireland,129.0,8631.0,3.0,1757.0,72.0,2.0,6662.0,411657.0,2.0,573.0,30.2,2.0,574.0,30.3,,
2020-09-17,Northern Ireland,149.0,8780.0,4.0,1761.0,71.0,3.0,6509.0,418166.0,0.0,573.0,30.2,0.0,574.0,30.3,,
2020-09-18,Northern Ireland,163.0,8943.0,3.0,1764.0,72.0,3.0,9124.0,427290.0,2.0,575.0,30.3,1.0,575.0,30.3,,
2020-09-19,Northern Ireland,222.0,9165.0,4.0,1768.0,73.0,3.0,5764.0,433054.0,0.0,575.0,30.3,2.0,577.0,30.4,,
2020-09-20,Northern Ireland,176.0,9341.0,6.0,1774.0,79.0,3.0,6455.0,439509.0,0.0,575.0,30.3,0.0,577.0,30.4,,
2020-09-21,Northern Ireland,125.0,9466.0,11.0,1785.0,87.0,3.0,4495.0,444004.0,2.0,577.0,30.4,0.0,577.0,30.4,,
2020-09-22,Northern Ireland,75.0,9541.0,8.0,1793.0,92.0,4.0,8071.0,452075.0,0.0,577.0,30.4,0.0,577.0,30.4,,
2020-09-23,Northern Ireland,220.0,9761.0,13.0,1806.0,97.0,5.0,6276.0,458351.0,0.0,577.0,30.4,0.0,577.0,30.4,,
2020-09-24,Northern Ireland,189.0,9950.0,8.0,1814.0,100.0,5.0,7410.0,465761.0,0.0,577.0,30.4,0.0,577.0,30.4,,
2020-09-25,Northern Ireland,273.0,10223.0,6.0,1820.0,100.0,5.0,8664.0,474425.0,0.0,577.0,30.4,1.0,578.0,30.5,,
2020-09-26,Northern Ireland,319.0,10542.0,11.0,1831.0,109.0,5.0,4726.0,479151.0,1.0,578.0,30.5,0.0,578.0,30.5,,
2020-09-27,Northern Ireland,187.0,10729.0,12.0,1843.0,118.0,5.0,5724.0,484875.0,0.0,578.0,30.5,0.0,578.0,30.5,,
2020-09-28,Northern Ireland,220.0,10949.0,21.0,1864.0,134.0,6.0,5319.0,490194.0,0.0,578.0,30.5,1.0,579.0,30.5,,
2020-09-29,Northern Ireland,320.0,11269.0,9.0,1873.0,138.0,5.0,7943.0,498137.0,0.0,578.0,30.5,0.0,579.0,30.5,,
2020-09-30,Northern Ireland,424.0,11693.0,16.0,1889.0,146.0,7.0,6042.0,504179.0,1.0,579.0,30.5,1.0,580.0,30.6,,
2020-10-01,Northern Ireland,259.0,11952.0,18.0,1907.0,155.0,7.0,8681.0,512860.0,2.0,581.0,30.7,1.0,581.0,30.7,,
2020-10-02,Northern Ireland,934.0,12886.0,10.0,1917.0,150.0,7.0,8412.0,521272.0,1.0,582.0,30.7,2.0,583.0,30.8,,
2020-10-03,Northern Ireland,726.0,13612.0,22.0,1939.0,166.0,9.0,5674.0,526946.0,1.0,583.0,30.8,1.0,584.0,30.8,,
2020-10-04,Northern Ireland,462.0,14074.0,17.0,1956.0,181.0,7.0,7514.0,534460.0,1.0,584.0,30.8,0.0,584.0,30.8,,
2020-10-05,Northern Ireland,616.0,14690.0,26.0,1982.0,198.0,8.0,7304.0,541764.0,0.0,584.0,30.8,1.0,585.0,30.9,,
2020-10-06,Northern Ireland,669.0,15359.0,27.0,2009.0,216.0,8.0,9794.0,551558.0,1.0,585.0,30.9,1.0,586.0,30.9,,
2020-10-07,Northern Ireland,828.0,16187.0,30.0,2039.0,231.0,11.0,9931.0,561489.0,1.0,586.0,30.9,1.0,587.0,31.0,,
2020-10-08,Northern Ireland,923.0,17110.0,30.0,2069.0,245.0,11.0,10635.0,572124.0,1.0,587.0,31.0,0.0,587.0,31.0,,
2020-10-09,Northern Ireland,1080.0,18190.0,23.0,2092.0,244.0,10.0,10191.0,582315.0,0.0,587.0,31.0,0.0,587.0,31.0,,
2020-10-10,Northern Ireland,902.0,19092.0,31.0,2123.0,265.0,10.0,10361.0,592676.0,0.0,587.0,31.0,0.0,587.0,31.0,,
2020-10-11,Northern Ireland,1066.0,20158.0,37.0,2160.0,290.0,12.0,7124.0,599800.0,1.0,588.0,31.0,6.0,593.0,31.3,,
2020-10-12,Northern Ireland,877.0,21035.0,32.0,2192.0,297.0,15.0,6514.0,606314.0,3.0,591.0,31.2,5.0,598.0,31.5,,
2020-10-13,Northern Ireland,863.0,21898.0,44.0,2236.0,316.0,15.0,10620.0,616934.0,7.0,598.0,31.5,4.0,602.0,31.8,,
2020-10-14,Northern Ireland,1217.0,23115.0,37.0,2273.0,331.0,17.0,8267.0,625201.0,4.0,602.0,31.8,2.0,604.0,31.9,,
2020-10-15,Northern Ireland,763.0,23878.0,46.0,2319.0,349.0,17.0,10994.0,636195.0,4.0,606.0,32.0,4.0,608.0,32.1,,
2020-10-16,Northern Ireland,1299.0,25177.0,48.0,2367.0,373.0,20.0,7771.0,643966.0,2.0,608.0,32.1,2.0,610.0,32.2,,
2020-10-17,Northern Ireland,1031.0,26208.0,47.0,2414.0,407.0,22.0,10632.0,654598.0,2.0,610.0,32.2,3.0,613.0,32.3,,
2020-10-18,Northern Ireland,1012.0,27220.0,45.0,2459.0,433.0,23.0,6122.0,660720.0,5.0,615.0,32.4,7.0,620.0,32.7,,
2020-10-19,Northern Ireland,820.0,28040.0,47.0,2506.0,444.0,25.0,6680.0,667400.0,6.0,621.0,32.8,4.0,624.0,32.9,,
2020-10-20,Northern Ireland,913.0,28953.0,54.0,2560.0,464.0,25.0,9020.0,676420.0,3.0,624.0,32.9,3.0,627.0,33.1,,
2020-10-21,Northern Ireland,1039.0,29992.0,43.0,2603.0,464.0,26.0,9321.0,685741.0,5.0,629.0,33.2,6.0,633.0,33.4,,
2020-10-22,Northern Ireland,1042.0,31034.0,54.0,2657.0,482.0,23.0,9659.0,695400.0,5.0,634.0,33.4,4.0,637.0,33.6,,
2020-10-23,Northern Ireland,1252.0,32286.0,48.0,2705.0,498.0,25.0,7733.0,703133.0,5.0,639.0,33.7,6.0,643.0,33.9,,
2020-10-24,Northern Ireland,923.0,33209.0,55.0,2760.0,526.0,27.0,7454.0,710587.0,6.0,645.0,34.0,8.0,651.0,34.3,,
2020-10-25,Northern Ireland,896.0,34105.0,47.0,2807.0,546.0,27.0,4893.0,715480.0,8.0,653.0,34.4,6.0,657.0,34.7,,
2020-10-26,Northern Ireland,727.0,34832.0,47.0,2854.0,546.0,30.0,7465.0,722945.0,5.0,658.0,34.7,11.0,668.0,35.2,,
2020-10-27,Northern Ireland,722.0,35554.0,58.0,2912.0,558.0,33.0,7318.0,730263.0,13.0,671.0,35.4,10.0,678.0,35.8,,
2020-10-28,Northern Ireland,840.0,36394.0,41.0,2953.0,552.0,37.0,8268.0,738531.0,9.0,680.0,35.9,9.0,687.0,36.2,,
2020-10-29,Northern Ireland,822.0,37216.0,58.0,3011.0,565.0,39.0,7018.0,745549.0,8.0,688.0,36.3,14.0,701.0,37.0,,
2020-10-30,Northern Ireland,566.0,37782.0,48.0,3059.0,560.0,38.0,7025.0,752574.0,9.0,697.0,36.8,9.0,710.0,37.5,,
2020-10-31,Northern Ireland,649.0,38431.0,37.0,3096.0,580.0,41.0,5853.0,758427.0,11.0,708.0,37.4,7.0,717.0,37.8,,
2020-11-01,Northern Ireland,685.0,39116.0,37.0,3133.0,595.0,41.0,4035.0,762462.0,8.0,716.0,37.8,10.0,727.0,38.4,,
2020-11-02,Northern Ireland,493.0,39609.0,55.0,3188.0,607.0,42.0,4952.0,767414.0,8.0,724.0,38.2,5.0,732.0,38.6,,
2020-11-03,Northern Ireland,570.0,40179.0,59.0,3247.0,614.0,44.0,7813.0,775227.0,6.0,730.0,38.5,12.0,744.0,39.3,,
2020-11-04,Northern Ireland,679.0,40858.0,53.0,3300.0,609.0,42.0,6887.0,782114.0,10.0,740.0,39.0,10.0,754.0,39.8,,
2020-11-05,Northern Ireland,516.0,41374.0,42.0,3342.0,604.0,42.0,7065.0,789179.0,12.0,752.0,39.7,7.0,761.0,40.1,,
2020-11-06,Northern Ireland,595.0,41969.0,55.0,3397.0,595.0,39.0,6755.0,795934.0,8.0,760.0,40.1,15.0,776.0,40.9,,
2020-11-07,Northern Ireland,528.0,42497.0,41.0,3438.0,602.0,38.0,5762.0,801696.0,14.0,774.0,40.8,7.0,783.0,41.3,,
2020-11-08,Northern Ireland,420.0,42917.0,48.0,3486.0,629.0,41.0,4541.0,806237.0,7.0,781.0,41.2,10.0,793.0,41.8,,
2020-11-09,Northern Ireland,471.0,43388.0,50.0,3536.0,625.0,44.0,4347.0,810584.0,10.0,791.0,41.7,10.0,803.0,42.4,,
2020-11-10,Northern Ireland,514.0,43902.0,53.0,3589.0,648.0,39.0,9559.0,820143.0,11.0,802.0,42.3,8.0,811.0,42.8,,
2020-11-11,Northern Ireland,791.0,44693.0,51.0,3640.0,647.0,35.0,7912.0,828055.0,8.0,810.0,42.7,13.0,824.0,43.5,,
2020-11-12,Northern Ireland,548.0,45241.0,38.0,3678.0,639.0,30.0,7635.0,835690.0,15.0,825.0,43.5,10.0,834.0,44.0,,
2020-11-13,Northern Ireland,607.0,45848.0,35.0,3713.0,620.0,34.0,7987.0,843677.0,11.0,836.0,44.1,11.0,845.0,44.6,,
2020-11-14,Northern Ireland,511.0,46359.0,39.0,3752.0,622.0,39.0,6317.0,849994.0,10.0,846.0,44.6,13.0,858.0,45.3,,
2020-11-15,Northern Ireland,472.0,46831.0,44.0,3796.0,633.0,40.0,3993.0,853987.0,9.0,855.0,45.1,13.0,871.0,46.0,,
2020-11-16,Northern Ireland,331.0,47162.0,45.0,3841.0,646.0,37.0,5297.0,859284.0,14.0,869.0,45.8,9.0,880.0,46.4,,
2020-11-17,Northern Ireland,549.0,47711.0,45.0,3886.0,635.0,35.0,7767.0,867051.0,9.0,878.0,46.3,11.0,891.0,47.0,,
2020-11-18,Northern Ireland,518.0,48229.0,39.0,3925.0,634.0,37.0,8781.0,875832.0,11.0,889.0,46.9,10.0,901.0,47.5,,
2020-11-19,Northern Ireland,487.0,48716.0,39.0,3964.0,628.0,32.0,8066.0,883898.0,12.0,901.0,47.5,13.0,914.0,48.2,,
2020-11-20,Northern Ireland,369.0,49085.0,50.0,4014.0,614.0,28.0,7088.0,890986.0,12.0,913.0,48.2,13.0,927.0,48.9,,
2020-11-21,Northern Ireland,357.0,49442.0,35.0,4049.0,626.0,31.0,5364.0,896350.0,10.0,923.0,48.7,8.0,935.0,49.3,,
2020-11-22,Northern Ireland,342.0,49784.0,29.0,4078.0,635.0,28.0,3626.0,899976.0,10.0,933.0,49.2,6.0,941.0,49.6,,
2020-11-23,Northern Ireland,280.0,50064.0,26.0,4104.0,611.0,30.0,1979.0,901955.0,3.0,936.0,49.4,8.0,949.0,50.1,,
2020-11-24,Northern Ireland,79.0,50143.0,39.0,4143.0,607.0,29.0,9093.0,911048.0,11.0,947.0,50.0,7.0,956.0,50.4,,
2020-11-25,Northern Ireland,533.0,50676.0,43.0,4186.0,608.0,30.0,9516.0,920564.0,7.0,954.0,50.3,10.0,966.0,51.0,,
2020-11-26,Northern Ireland,442.0,51118.0,31.0,4217.0,595.0,33.0,8490.0,929054.0,8.0,962.0,50.8,8.0,974.0,51.4,,
2020-11-27,Northern Ireland,391.0,51509.0,47.0,4264.0,589.0,30.0,5506.0,934560.0,12.0,974.0,51.4,11.0,985.0,52.0,,
2020-11-28,Northern Ireland,315.0,51824.0,27.0,4291.0,597.0,29.0,4801.0,939361.0,9.0,983.0,51.9,11.0,996.0,52.5,,
2020-11-29,Northern Ireland,351.0,52175.0,32.0,4323.0,618.0,29.0,3602.0,942963.0,3.0,986.0,52.0,8.0,1004.0,53.0,,
2020-11-30,Northern Ireland,290.0,52465.0,40.0,4363.0,617.0,29.0,5107.0,948070.0,10.0,996.0,52.5,12.0,1016.0,53.6,,
2020-12-01,Northern Ireland,391.0,52856.0,36.0,4399.0,613.0,29.0,8231.0,956301.0,15.0,1011.0,53.3,7.0,1023.0,54.0,,
2020-12-02,Northern Ireland,416.0,53272.0,38.0,4437.0,594.0,29.0,9418.0,965719.0,4.0,1015.0,53.5,8.0,1031.0,54.4,,
2020-12-03,Northern Ireland,456.0,53728.0,40.0,4477.0,593.0,27.0,8295.0,974014.0,11.0,1026.0,54.1,6.0,1037.0,54.7,,
2020-12-04,Northern Ireland,449.0,54177.0,40.0,4517.0,600.0,24.0,7530.0,981544.0,6.0,1032.0,54.4,7.0,1044.0,55.1,,
2020-12-05,Northern Ireland,451.0,54628.0,33.0,4550.0,608.0,24.0,5966.0,987510.0,7.0,1039.0,54.8,12.0,1056.0,55.7,,
2020-12-06,Northern Ireland,419.0,55047.0,32.0,4582.0,621.0,24.0,4489.0,991999.0,11.0,1050.0,55.4,11.0,1067.0,56.3,,
2020-12-07,Northern Ireland,397.0,55444.0,42.0,4624.0,617.0,21.0,5662.0,997661.0,9.0,1059.0,55.9,17.0,1084.0,57.2,,
2020-12-08,Northern Ireland,351.0,55795.0,53.0,4677.0,634.0,20.0,8993.0,1006654.0,14.0,1073.0,56.6,7.0,1091.0,57.6,,
2020-12-09,Northern Ireland,483.0,56278.0,34.0,4711.0,612.0,24.0,8880.0,1015534.0,12.0,1085.0,57.2,9.0,1100.0,58.0,,
2020-12-10,Northern Ireland,441.0,56719.0,31.0,4742.0,615.0,22.0,9375.0,1024909.0,14.0,1099.0,58.0,13.0,1113.0,58.7,,
2020-12-11,Northern Ireland,538.0,57257.0,30.0,4772.0,600.0,23.0,7192.0,1032101.0,12.0,1111.0,58.6,9.0,1122.0,59.2,,
2020-12-12,Northern Ireland,476.0,57733.0,41.0,4813.0,618.0,23.0,5846.0,1037947.0,9.0,1120.0,59.1,7.0,1129.0,59.6,,
2020-12-13,Northern Ireland,483.0,58216.0,39.0,4852.0,638.0,24.0,4406.0,1042353.0,4.0,1124.0,59.3,5.0,1134.0,59.8,,
2020-12-14,Northern Ireland,419.0,58635.0,50.0,4902.0,652.0,24.0,5709.0,1048062.0,5.0,1129.0,59.6,6.0,1140.0,60.1,,
2020-12-15,Northern Ireland,486.0,59121.0,56.0,4958.0,664.0,24.0,8485.0,1056547.0,6.0,1135.0,59.9,6.0,1146.0,60.5,,
2020-12-16,Northern Ireland,510.0,59631.0,43.0,5001.0,662.0,25.0,10620.0,1067167.0,8.0,1142.0,60.2,13.0,1159.0,61.1,,
2020-12-17,Northern Ireland,656.0,60287.0,45.0,5046.0,644.0,26.0,6812.0,1073979.0,12.0,1154.0,60.9,14.0,1173.0,61.9,,
2020-12-18,Northern Ireland,510.0,60797.0,42.0,5088.0,634.0,26.0,10104.0,1084083.0,12.0,1166.0,61.5,10.0,1183.0,62.4,,
2020-12-19,Northern Ireland,640.0,61437.0,32.0,5120.0,642.0,23.0,6724.0,1090807.0,17.0,1183.0,62.4,15.0,1198.0,63.2,,
2020-12-20,Northern Ireland,505.0,61942.0,34.0,5154.0,658.0,24.0,6977.0,1097784.0,13.0,1196.0,63.1,12.0,1210.0,63.8,,
2020-12-21,Northern Ireland,555.0,62497.0,57.0,5211.0,663.0,24.0,5166.0,1102950.0,7.0,1203.0,63.5,17.0,1227.0,64.7,,
2020-12-22,Northern Ireland,439.0,62936.0,50.0,5261.0,653.0,23.0,9017.0,1111967.0,16.0,1219.0,64.3,10.0,1237.0,65.3,,
2020-12-23,Northern Ireland,787.0,63723.0,51.0,5312.0,643.0,22.0,13324.0,1125291.0,21.0,1240.0,65.4,15.0,1252.0,66.1,,
2020-12-24,Northern Ireland,841.0,64564.0,46.0,5358.0,630.0,22.0,0.0,1125291.0,11.0,1251.0,66.0,15.0,1267.0,66.8,,
2020-12-25,Northern Ireland,0.0,64564.0,45.0,5403.0,647.0,22.0,13643.0,1138934.0,0.0,1251.0,66.0,7.0,1274.0,67.2,,
2020-12-26,Northern Ireland,998.0,65562.0,50.0,5453.0,679.0,22.0,0.0,1138934.0,20.0,1271.0,67.1,10.0,1284.0,67.7,,
2020-12-27,Northern Ireland,0.0,65562.0,60.0,5513.0,712.0,22.0,9875.0,1148809.0,0.0,1271.0,67.1,14.0,1298.0,68.5,,
2020-12-28,Northern Ireland,1634.0,67196.0,59.0,5572.0,740.0,23.0,7507.0,1156316.0,20.0,1291.0,68.1,8.0,1306.0,68.9,,
2020-12-29,Northern Ireland,1566.0,68762.0,74.0,5646.0,778.0,24.0,10625.0,1166941.0,14.0,1305.0,68.8,11.0,1317.0,69.5,,
2020-12-30,Northern Ireland,2143.0,70905.0,77.0,5723.0,804.0,24.0,14845.0,1181786.0,6.0,1311.0,69.2,13.0,1330.0,70.2,,
2020-12-31,Northern Ireland,1929.0,72834.0,71.0,5794.0,795.0,27.0,0.0,1181786.0,11.0,1322.0,69.7,10.0,1340.0,70.7,,
2021-01-01,Northern Ireland,0.0,72834.0,70.0,5864.0,828.0,27.0,20613.0,1202399.0,0.0,1322.0,69.7,13.0,1353.0,71.4,,
2021-01-02,Northern Ireland,3576.0,76410.0,58.0,5922.0,855.0,25.0,8524.0,1210923.0,26.0,1348.0,71.1,14.0,1367.0,72.1,,
2021-01-03,Northern Ireland,1662.0,78072.0,75.0,5997.0,893.0,22.0,8723.0,1219646.0,6.0,1354.0,71.4,12.0,1379.0,72.8,,
2021-01-04,Northern Ireland,1801.0,79873.0,76.0,6073.0,901.0,29.0,7673.0,1227419.0,12.0,1366.0,72.1,13.0,1392.0,73.4,,
2021-01-05,Northern Ireland,1378.0,81251.0,80.0,6153.0,908.0,34.0,13138.0,1240457.0,18.0,1384.0,73.0,7.0,1399.0,73.8,,
2021-01-06,Northern Ireland,1985.0,83236.0,80.0,6233.0,921.0,37.0,11165.0,1251622.0,13.0,1397.0,73.7,11.0,1410.0,74.4,,
2021-01-07,Northern Ireland,1410.0,84646.0,83.0,6316.0,930.0,32.0,15486.0,1267108.0,17.0,1414.0,74.6,21.0,1431.0,75.5,,
2021-01-08,Northern Ireland,1500.0,86146.0,110.0,6426.0,966.0,36.0,11830.0,1278938.0,20.0,1434.0,75.7,10.0,1441.0,76.0,,
2021-01-09,Northern Ireland,1442.0,87588.0,88.0,6514.0,999.0,33.0,7377.0,1286315.0,9.0,1443.0,76.1,20.0,1461.0,77.1,,
2021-01-10,Northern Ireland,1112.0,88700.0,103.0,6617.0,1052.0,34.0,5807.0,1292122.0,17.0,1460.0,77.0,16.0,1477.0,77.9,78005.0,13949.0
2021-01-11,Northern Ireland,759.0,89459.0,90.0,6707.0,1047.0,37.0,8080.0,1300202.0,16.0,1476.0,77.9,23.0,1500.0,79.1,84187.0,15288.0
2021-01-12,Northern Ireland,1205.0,90664.0,91.0,6798.0,1053.0,38.0,10206.0,1310408.0,22.0,1498.0,79.0,19.0,1519.0,80.1,91417.0,17840.0
2021-01-13,Northern Ireland,1145.0,91809.0,75.0,6873.0,1055.0,40.0,11316.0,1321724.0,19.0,1517.0,80.0,19.0,1538.0,81.1,102701.0,19010.0
2021-01-14,Northern Ireland,973.0,92782.0,100.0,6973.0,1046.0,44.0,12933.0,1334657.0,16.0,1533.0,80.9,26.0,1564.0,82.5,114567.0,19264.0
2021-01-15,Northern Ireland,1052.0,93834.0,83.0,7056.0,1018.0,47.0,6823.0,1341480.0,26.0,1559.0,82.2,24.0,1588.0,83.8,117906.0,19474.0
2021-01-16,Northern Ireland,705.0,94539.0,92.0,7148.0,1039.0,45.0,7366.0,1348846.0,22.0,1581.0,83.4,20.0,1608.0,84.8,120387.0,20174.0
2021-01-17,Northern Ireland,822.0,95361.0,73.0,7221.0,1046.0,50.0,4673.0,1353519.0,25.0,1606.0,84.7,29.0,1637.0,86.4,125717.0,21016.0
2021-01-18,Northern Ireland,640.0,96001.0,77.0,7298.0,1028.0,51.0,6011.0,1359530.0,19.0,1625.0,85.7,21.0,1658.0,87.5,132857.0,21579.0
2021-01-19,Northern Ireland,713.0,96714.0,70.0,7368.0,1002.0,57.0,9738.0,1369268.0,24.0,1649.0,87.0,19.0,1677.0,88.5,138436.0,21960.0
2021-01-20,Northern Ireland,905.0,97619.0,78.0,7446.0,983.0,57.0,11008.0,1380276.0,22.0,1671.0,88.2,19.0,1696.0,89.5,144212.0,22326.0
2021-01-21,Northern Ireland,732.0,98351.0,89.0,7535.0,988.0,58.0,14258.0,1394534.0,21.0,1692.0,89.3,11.0,1707.0,90.1,151039.0,22510.0
2021-01-22,Northern Ireland,865.0,99216.0,75.0,7610.0,970.0,52.0,7071.0,1401605.0,12.0,1704.0,89.9,13.0,1720.0,90.7,154366.0,22660.0
2021-01-23,Northern Ireland,670.0,99886.0,55.0,7665.0,974.0,46.0,4410.0,1406015.0,12.0,1716.0,90.5,20.0,1740.0,91.8,155644.0,22687.0
2021-01-24,Northern Ireland,433.0,100319.0,59.0,7724.0,997.0,54.0,4167.0,1410182.0,14.0,1730.0,91.3,13.0,1753.0,92.5,159642.0,22713.0
2021-01-25,Northern Ireland,422.0,100741.0,61.0,7785.0,970.0,50.0,6338.0,1416430.0,17.0,1747.0,92.2,15.0,1768.0,93.3,163317.0,22795.0
2021-01-26,Northern Ireland,550.0,101291.0,72.0,7857.0,945.0,48.0,6944.0,1423374.0,16.0,1763.0,93.0,12.0,1780.0,93.9,168140.0,22910.0
2021-01-27,Northern Ireland,527.0,101818.0,50.0,7907.0,906.0,56.0,11500.0,1434874.0,16.0,1779.0,93.9,20.0,1800.0,95.0,175284.0,23927.0
2021-01-28,Northern Ireland,592.0,102410.0,54.0,7961.0,871.0,57.0,13297.0,1448171.0,13.0,1792.0,94.5,16.0,1816.0,95.8,196131.0,24070.0
2021-01-29,Northern Ireland,669.0,103079.0,59.0,8020.0,844.0,54.0,5470.0,1453641.0,22.0,1814.0,95.7,23.0,1839.0,97.0,204065.0,24146.0
2021-01-30,Northern Ireland,455.0,103534.0,57.0,8077.0,849.0,56.0,4781.0,1458422.0,17.0,1831.0,96.6,14.0,1853.0,97.8,214601.0,24323.0
2021-01-31,Northern Ireland,426.0,103960.0,41.0,8118.0,855.0,56.0,3423.0,1461845.0,19.0,1850.0,97.6,12.0,1865.0,98.4,221809.0,24612.0
2021-02-01,Northern Ireland,314.0,104274.0,52.0,8170.0,825.0,56.0,6104.0,1467949.0,11.0,1861.0,98.2,15.0,1880.0,99.2,233429.0,24882.0
2021-02-02,Northern Ireland,447.0,104721.0,50.0,8220.0,797.0,58.0,9039.0,1476988.0,17.0,1878.0,99.1,13.0,1893.0,99.9,246671.0,25155.0
2021-02-03,Northern Ireland,504.0,105225.0,45.0,8265.0,767.0,60.0,10311.0,1487299.0,11.0,1889.0,99.7,5.0,1898.0,100.1,263735.0,25539.0
2021-02-04,Northern Ireland,412.0,105637.0,31.0,8296.0,723.0,63.0,12287.0,1499586.0,10.0,1899.0,100.2,14.0,1912.0,100.9,275232.0,26047.0
2021-02-05,Northern Ireland,506.0,106143.0,42.0,8338.0,680.0,61.0,6686.0,1506272.0,16.0,1915.0,101.0,9.0,1921.0,101.3,289889.0,26531.0
2021-02-06,Northern Ireland,390.0,106533.0,35.0,8373.0,673.0,59.0,4264.0,1510536.0,7.0,1922.0,101.4,13.0,1934.0,102.0,295915.0,27207.0
2021-02-07,Northern Ireland,334.0,106867.0,24.0,8397.0,675.0,57.0,3813.0,1514349.0,9.0,1931.0,101.9,8.0,1942.0,102.5,303478.0,27463.0
2021-02-08,Northern Ireland,296.0,107163.0,34.0,8431.0,639.0,54.0,4815.0,1519164.0,12.0,1943.0,102.5,9.0,1951.0,102.9,317606.0,27589.0
2021-02-09,Northern Ireland,275.0,107438.0,40.0,8471.0,612.0,57.0,7982.0,1527146.0,10.0,1953.0,103.0,3.0,1954.0,103.1,333658.0,27772.0
2021-02-10,Northern Ireland,336.0,107774.0,25.0,8496.0,583.0,57.0,8326.0,1535472.0,4.0,1957.0,103.2,8.0,1962.0,103.5,353757.0,28137.0
2021-02-11,Northern Ireland,253.0,108027.0,39.0,8535.0,558.0,53.0,11470.0,1546942.0,9.0,1966.0,103.7,12.0,1974.0,104.1,373414.0,28552.0
2021-02-12,Northern Ireland,407.0,108434.0,22.0,8557.0,526.0,51.0,6342.0,1553284.0,9.0,1975.0,104.2,9.0,1983.0,104.6,387771.0,28937.0
2021-02-13,Northern Ireland,303.0,108737.0,18.0,8575.0,525.0,52.0,2907.0,1556191.0,10.0,1985.0,104.7,8.0,1991.0,105.0,391101.0,28976.0
2021-02-14,Northern Ireland,176.0,108913.0,17.0,8592.0,530.0,51.0,2980.0,1559171.0,11.0,1996.0,105.3,5.0,1996.0,105.3,397243.0,29005.0
2021-02-15,Northern Ireland,234.0,109147.0,31.0,8623.0,524.0,49.0,6699.0,1565870.0,4.0,2000.0,105.5,5.0,2001.0,105.6,409507.0,29201.0
2021-02-16,Northern Ireland,341.0,109488.0,23.0,8646.0,493.0,45.0,6005.0,1571875.0,9.0,2009.0,106.0,12.0,2013.0,106.2,418209.0,29476.0
2021-02-17,Northern Ireland,297.0,109785.0,19.0,8665.0,475.0,45.0,9232.0,1581107.0,6.0,2015.0,106.3,5.0,2018.0,106.5,427569.0,30012.0
2021-02-18,Northern Ireland,342.0,110127.0,34.0,8699.0,463.0,42.0,11955.0,1593062.0,6.0,2021.0,106.6,6.0,2024.0,106.8,436143.0,30381.0
2021-02-19,Northern Ireland,313.0,110440.0,25.0,8724.0,449.0,41.0,4868.0,1597930.0,5.0,2026.0,106.9,2.0,2026.0,106.9,442917.0,30753.0
2021-02-20,Northern Ireland,276.0,110716.0,22.0,8746.0,450.0,42.0,4555.0,1602485.0,3.0,2029.0,107.0,5.0,2031.0,107.1,446009.0,30807.0
2021-02-21,Northern Ireland,263.0,110979.0,14.0,8760.0,446.0,40.0,3127.0,1605612.0,4.0,2032.0,107.2,5.0,2036.0,107.4,458030.0,30796.0
2021-02-22,Northern Ireland,187.0,111166.0,23.0,8783.0,428.0,41.0,7316.0,1612928.0,4.0,2036.0,107.4,5.0,2041.0,107.7,468129.0,31077.0
2021-02-23,Northern Ireland,225.0,111391.0,26.0,8809.0,412.0,39.0,6747.0,1619675.0,5.0,2041.0,107.7,2.0,2043.0,107.8,478235.0,31345.0
2021-02-24,Northern Ireland,260.0,111651.0,21.0,8830.0,390.0,35.0,9261.0,1628936.0,2.0,2043.0,107.8,4.0,2047.0,108.0,491593.0,31637.0
2021-02-25,Northern Ireland,281.0,111932.0,19.0,8849.0,376.0,32.0,11112.0,1640048.0,5.0,2048.0,108.0,4.0,2051.0,108.2,505188.0,31898.0
2021-02-26,Northern Ireland,241.0,112173.0,18.0,8867.0,349.0,29.0,4266.0,1644314.0,2.0,2050.0,108.2,3.0,2054.0,108.4,515678.0,32616.0
2021-02-27,Northern Ireland,184.0,112357.0,13.0,8880.0,346.0,31.0,3714.0,1648028.0,2.0,2052.0,108.3,2.0,2056.0,108.5,520996.0,32665.0
2021-02-28,Northern Ireland,136.0,112493.0,8.0,8888.0,342.0,30.0,2926.0,1650954.0,3.0,2055.0,108.4,2.0,2058.0,108.6,525400.0,33197.0
2021-03-01,Northern Ireland,138.0,112631.0,23.0,8911.0,334.0,29.0,6228.0,1657182.0,2.0,2057.0,108.5,2.0,2060.0,108.7,537389.0,35370.0
2021-03-02,Northern Ireland,149.0,112780.0,15.0,8926.0,310.0,30.0,10289.0,1667471.0,2.0,2059.0,108.6,2.0,2062.0,108.8,545019.0,37862.0
2021-03-03,Northern Ireland,226.0,113006.0,14.0,8940.0,288.0,29.0,6221.0,1673692.0,4.0,2063.0,108.8,4.0,2066.0,109.0,556721.0,40139.0
2021-03-04,Northern Ireland,163.0,113169.0,14.0,8954.0,277.0,27.0,9188.0,1682880.0,3.0,2066.0,109.0,2.0,2068.0,109.1,568011.0,41787.0
2021-03-05,Northern Ireland,166.0,113335.0,13.0,8967.0,259.0,27.0,7584.0,1690464.0,2.0,2068.0,109.1,1.0,2069.0,109.2,577219.0,42096.0
2021-03-06,Northern Ireland,172.0,113507.0,13.0,8980.0,258.0,25.0,3368.0,1693832.0,4.0,2072.0,109.3,6.0,2075.0,109.5,582914.0,42230.0
2021-03-07,Northern Ireland,138.0,113645.0,12.0,8992.0,261.0,24.0,2880.0,1696712.0,3.0,2075.0,109.5,2.0,2077.0,109.6,588803.0,42851.0
2021-03-08,Northern Ireland,144.0,113789.0,16.0,9008.0,261.0,25.0,7018.0,1703730.0,2.0,2077.0,109.6,1.0,2078.0,109.6,596527.0,44594.0
2021-03-09,Northern Ireland,240.0,114029.0,11.0,9019.0,244.0,22.0,8912.0,1712642.0,2.0,2079.0,109.7,6.0,2084.0,109.9,601101.0,46927.0
2021-03-10,Northern Ireland,147.0,114176.0,9.0,9028.0,221.0,19.0,10750.0,1723392.0,8.0,2087.0,110.1,7.0,2091.0,110.3,606695.0,48948.0
2021-03-11,Northern Ireland,223.0,114399.0,19.0,9047.0,220.0,19.0,7835.0,1731227.0,9.0,2096.0,110.6,4.0,2095.0,110.5,614629.0,49400.0
2021-03-12,Northern Ireland,208.0,114607.0,17.0,9064.0,214.0,18.0,4706.0,1735933.0,1.0,2097.0,110.6,1.0,2096.0,110.6,621462.0,50052.0
2021-03-13,Northern Ireland,146.0,114753.0,13.0,9077.0,219.0,18.0,3712.0,1739645.0,1.0,2098.0,110.7,0.0,2096.0,110.6,625195.0,52407.0
2021-03-14,Northern Ireland,143.0,114896.0,6.0,9083.0,217.0,18.0,3051.0,1742696.0,0.0,2098.0,110.7,0.0,2096.0,110.6,629461.0,54636.0
2021-03-15,Northern Ireland,121.0,115017.0,9.0,9092.0,209.0,16.0,6451.0,1749147.0,1.0,2099.0,110.7,2.0,2098.0,110.7,634019.0,58245.0
2021-03-16,Northern Ireland,164.0,115181.0,13.0,9105.0,203.0,14.0,8751.0,1757898.0,1.0,2100.0,110.8,0.0,2098.0,110.7,640801.0,63946.0
2021-03-17,Northern Ireland,161.0,115342.0,12.0,9117.0,209.0,13.0,10554.0,1768452.0,0.0,2100.0,110.8,1.0,2099.0,110.7,646190.0,67202.0
2021-03-18,Northern Ireland,169.0,115511.0,9.0,9126.0,203.0,14.0,6580.0,1775032.0,1.0,2101.0,110.8,2.0,2101.0,110.8,655581.0,70709.0
2021-03-19,Northern Ireland,137.0,115648.0,18.0,9144.0,197.0,14.0,7064.0,1782096.0,3.0,2103.0,110.9,1.0,2102.0,110.9,662973.0,75313.0
2021-03-20,Northern Ireland,159.0,115807.0,7.0,9151.0,196.0,16.0,3748.0,1785844.0,0.0,2103.0,110.9,0.0,2102.0,110.9,667758.0,78496.0
2021-03-21,Northern Ireland,125.0,115932.0,7.0,9158.0,197.0,13.0,2846.0,1788690.0,1.0,2104.0,111.0,3.0,2105.0,111.1,687528.0,88683.0
2021-03-22,Northern Ireland,87.0,116019.0,5.0,9163.0,183.0,12.0,7940.0,1796630.0,1.0,2105.0,111.1,2.0,2107.0,111.2,687528.0,88683.0
2021-03-23,Northern Ireland,174.0,116193.0,8.0,9171.0,182.0,11.0,6228.0,1802858.0,2.0,2107.0,111.2,0.0,2107.0,111.2,694863.0,96254.0
2021-03-24,Northern Ireland,139.0,116332.0,10.0,9181.0,181.0,12.0,11993.0,1814851.0,0.0,2107.0,111.2,0.0,2107.0,111.2,703334.0,104907.0
2021-03-25,Northern Ireland,183.0,116515.0,4.0,9185.0,166.0,10.0,13175.0,1828026.0,0.0,2107.0,111.2,0.0,2107.0,111.2,711673.0,113637.0
2021-03-26,Northern Ireland,181.0,116696.0,12.0,9197.0,155.0,10.0,6022.0,1834048.0,0.0,2107.0,111.2,1.0,2108.0,111.2,719260.0,120349.0
2021-03-27,Northern Ireland,138.0,116834.0,7.0,9204.0,157.0,10.0,3836.0,1837884.0,2.0,2109.0,111.3,1.0,2109.0,111.3,726589.0,123452.0
2021-03-28,Northern Ireland,116.0,116950.0,8.0,9212.0,161.0,11.0,5507.0,1843391.0,2.0,2111.0,111.4,1.0,2110.0,111.3,730471.0,125017.0
2021-03-29,Northern Ireland,65.0,117015.0,12.0,9224.0,152.0,12.0,9088.0,1852479.0,0.0,2111.0,111.4,2.0,2112.0,111.4,740729.0,132022.0
2021-03-30,Northern Ireland,151.0,117166.0,3.0,9227.0,137.0,12.0,7038.0,1859517.0,5.0,2115.0,111.6,3.0,2115.0,111.6,749112.0,138486.0
2021-03-31,Northern Ireland,123.0,117289.0,6.0,9233.0,131.0,9.0,12046.0,1871563.0,0.0,2115.0,111.6,0.0,2115.0,111.6,756013.0,145753.0
2021-04-01,Northern Ireland,107.0,117396.0,10.0,9243.0,133.0,9.0,12157.0,1883720.0,0.0,2115.0,111.6,0.0,2115.0,111.6,765005.0,153454.0
2021-04-02,Northern Ireland,107.0,117503.0,9.0,9252.0,128.0,9.0,5303.0,1889023.0,1.0,2116.0,111.6,2.0,2117.0,111.7,772240.0,160262.0
2021-04-03,Northern Ireland,84.0,117587.0,5.0,9257.0,123.0,10.0,0.0,1889023.0,0.0,2116.0,111.6,1.0,2118.0,111.7,777108.0,162483.0
2021-04-04,Northern Ireland,0.0,117587.0,5.0,9262.0,122.0,9.0,6450.0,1895473.0,0.0,2116.0,111.6,1.0,2119.0,111.8,779932.0,163818.0
2021-04-05,Northern Ireland,89.0,117676.0,2.0,9264.0,116.0,10.0,5858.0,1901331.0,2.0,2118.0,111.7,2.0,2121.0,111.9,785494.0,165374.0
2021-04-06,Northern Ireland,57.0,117733.0,5.0,9269.0,116.0,10.0,7875.0,1909206.0,3.0,2121.0,111.9,1.0,2122.0,111.9,790860.0,167923.0
2021-04-07,Northern Ireland,88.0,117821.0,6.0,9275.0,116.0,10.0,6736.0,1915942.0,0.0,2121.0,111.9,2.0,2124.0,112.1,799410.0,173772.0
2021-04-08,Northern Ireland,98.0,117919.0,4.0,9279.0,109.0,9.0,10028.0,1925970.0,2.0,2123.0,112.0,1.0,2125.0,112.1,806005.0,181814.0
2021-04-09,Northern Ireland,113.0,118032.0,2.0,9281.0,96.0,9.0,9213.0,1935183.0,2.0,2125.0,112.1,2.0,2127.0,112.2,813468.0,189697.0
2021-04-10,Northern Ireland,146.0,118178.0,9.0,9290.0,99.0,7.0,4079.0,1939262.0,3.0,2128.0,112.3,1.0,2128.0,112.3,820032.0,194610.0
2021-04-11,Northern Ireland,89.0,118267.0,2.0,9292.0,97.0,5.0,11048.0,1950310.0,1.0,2129.0,112.3,1.0,2129.0,112.3,826412.0,199500.0
2021-04-12,Northern Ireland,97.0,118364.0,3.0,9295.0,89.0,6.0,9585.0,1959895.0,0.0,2129.0,112.3,0.0,2129.0,112.3,831895.0,210470.0
2021-04-13,Northern Ireland,112.0,118476.0,6.0,9301.0,86.0,5.0,7346.0,1967241.0,0.0,2129.0,112.3,1.0,2130.0,112.4,838049.0,224129.0
2021-04-14,Northern Ireland,97.0,118573.0,5.0,9306.0,80.0,5.0,15837.0,1983078.0,1.0,2130.0,112.4,2.0,2132.0,112.5,844284.0,237281.0
2021-04-15,Northern Ireland,159.0,118732.0,4.0,9310.0,78.0,6.0,12274.0,1995352.0,2.0,2132.0,112.5,1.0,2133.0,112.5,850103.0,250474.0
2021-04-16,Northern Ireland,119.0,118851.0,6.0,9316.0,81.0,5.0,8539.0,2003891.0,1.0,2133.0,112.5,1.0,2134.0,112.6,855826.0,262917.0
2021-04-17,Northern Ireland,99.0,118950.0,3.0,9319.0,80.0,5.0,4900.0,2008791.0,2.0,2135.0,112.6,1.0,2135.0,112.6,860313.0,268341.0
2021-04-18,Northern Ireland,82.0,119032.0,2.0,9321.0,79.0,5.0,10968.0,2019759.0,0.0,2135.0,112.6,0.0,2135.0,112.6,863712.0,273619.0
2021-04-19,Northern Ireland,79.0,119111.0,5.0,9326.0,74.0,5.0,10023.0,2029782.0,0.0,2135.0,112.6,1.0,2136.0,112.7,869342.0,283478.0
2021-04-20,Northern Ireland,124.0,119235.0,4.0,9330.0,70.0,6.0,8374.0,2038156.0,1.0,2136.0,112.7,0.0,2136.0,112.7,876290.0,298557.0
2021-04-21,Northern Ireland,116.0,119351.0,10.0,9340.0,76.0,6.0,17754.0,2055910.0,1.0,2137.0,112.7,3.0,2139.0,112.8,883813.0,311850.0
2021-04-22,Northern Ireland,120.0,119471.0,4.0,9344.0,74.0,5.0,12266.0,2068176.0,3.0,2140.0,112.9,2.0,2141.0,113.0,892787.0,328366.0
2021-04-23,Northern Ireland,88.0,119559.0,9.0,9353.0,75.0,3.0,9613.0,2077789.0,1.0,2141.0,113.0,0.0,2141.0,113.0,898858.0,338409.0
2021-04-24,Northern Ireland,80.0,119639.0,6.0,9359.0,75.0,3.0,5118.0,2082907.0,1.0,2142.0,113.0,1.0,2142.0,113.0,905736.0,342195.0
2021-04-25,Northern Ireland,73.0,119712.0,5.0,9364.0,79.0,3.0,10950.0,2093857.0,0.0,2142.0,113.0,0.0,2142.0,113.0,912444.0,347034.0
2021-04-26,Northern Ireland,73.0,119785.0,4.0,9368.0,77.0,3.0,10519.0,2104376.0,1.0,2143.0,113.1,1.0,2143.0,113.1,919292.0,356403.0
2021-04-27,Northern Ireland,109.0,119894.0,9.0,9377.0,79.0,3.0,10870.0,2115246.0,0.0,2143.0,113.1,1.0,2144.0,113.1,927656.0,367469.0
2021-04-28,Northern Ireland,98.0,119992.0,4.0,9381.0,79.0,3.0,15445.0,2130691.0,1.0,2144.0,113.1,0.0,2144.0,113.1,935589.0,377302.0
2021-04-29,Northern Ireland,95.0,120087.0,3.0,9384.0,73.0,4.0,16068.0,2146759.0,0.0,2144.0,113.1,1.0,2145.0,113.2,927326.0,417537.0
2021-04-30,Northern Ireland,108.0,120195.0,7.0,9391.0,76.0,4.0,6026.0,2152785.0,1.0,2145.0,113.2,0.0,2145.0,113.2,932426.0,422234.0
2021-05-01,Northern Ireland,90.0,120285.0,5.0,9396.0,78.0,5.0,4846.0,2157631.0,0.0,2145.0,113.2,1.0,2146.0,113.2,937782.0,426876.0
2021-05-02,Northern Ireland,69.0,120354.0,0.0,9396.0,75.0,6.0,7297.0,2164928.0,1.0,2146.0,113.2,0.0,2146.0,113.2,943022.0,431873.0
2021-05-03,Northern Ireland,64.0,120418.0,6.0,9402.0,80.0,5.0,9297.0,2174225.0,0.0,2146.0,113.2,0.0,2146.0,113.2,944694.0,436887.0
2021-05-04,Northern Ireland,83.0,120501.0,2.0,9404.0,78.0,5.0,14507.0,2188732.0,0.0,2146.0,113.2,0.0,2146.0,113.2,950778.0,446309.0
2021-05-05,Northern Ireland,99.0,120600.0,5.0,9409.0,75.0,5.0,11222.0,2199954.0,0.0,2146.0,113.2,0.0,2146.0,113.2,957063.0,459763.0
2021-05-06,Northern Ireland,102.0,120702.0,1.0,9410.0,69.0,5.0,12168.0,2212122.0,0.0,2146.0,113.2,1.0,2147.0,113.3,963315.0,473502.0
2021-05-07,Northern Ireland,65.0,120767.0,3.0,9413.0,62.0,3.0,12081.0,2224203.0,1.0,2147.0,113.3,0.0,2147.0,113.3,968386.0,481897.0
2021-05-08,Northern Ireland,81.0,120848.0,3.0,9416.0,63.0,4.0,4361.0,2228564.0,0.0,2147.0,113.3,0.0,2147.0,113.3,972597.0,487828.0
2021-05-09,Northern Ireland,98.0,120946.0,5.0,9421.0,67.0,4.0,9400.0,2237964.0,0.0,2147.0,113.3,0.0,2147.0,113.3,976582.0,493553.0
2021-05-10,Northern Ireland,76.0,121022.0,2.0,9423.0,64.0,4.0,8880.0,2246844.0,0.0,2147.0,113.3,0.0,2147.0,113.3,982038.0,503087.0
2021-05-11,Northern Ireland,89.0,121111.0,3.0,9426.0,59.0,3.0,9143.0,2255987.0,1.0,2148.0,113.3,1.0,2148.0,113.3,986008.0,515015.0
2021-05-12,Northern Ireland,113.0,121224.0,2.0,9428.0,54.0,4.0,20242.0,2276229.0,0.0,2148.0,113.3,0.0,2148.0,113.3,989569.0,526191.0
2021-05-13,Northern Ireland,99.0,121323.0,1.0,9429.0,49.0,3.0,11152.0,2287381.0,1.0,2149.0,113.4,1.0,2149.0,113.4,992682.0,537343.0
2021-05-14,Northern Ireland,96.0,121419.0,3.0,9432.0,46.0,3.0,0.0,2287381.0,0.0,2149.0,113.4,0.0,2149.0,113.4,994753.0,546275.0
2021-05-15,Northern Ireland,0.0,121419.0,1.0,9433.0,45.0,3.0,11854.0,2299235.0,0.0,2149.0,113.4,0.0,2149.0,113.4,995905.0,552431.0
2021-05-16,Northern Ireland,109.0,121528.0,1.0,9434.0,41.0,2.0,7770.0,2307005.0,0.0,2149.0,113.4,2.0,2151.0,113.5,997605.0,559227.0
2021-05-17,Northern Ireland,82.0,121610.0,5.0,9439.0,42.0,2.0,10055.0,2317060.0,1.0,2150.0,113.4,0.0,2151.0,113.5,1000928.0,567117.0
2021-05-18,Northern Ireland,104.0,121714.0,3.0,9442.0,41.0,3.0,13354.0,2330414.0,2.0,2152.0,113.5,1.0,2152.0,113.5,1004070.0,575059.0
2021-05-19,Northern Ireland,107.0,121821.0,2.0,9444.0,42.0,2.0,13936.0,2344350.0,0.0,2152.0,113.5,0.0,2152.0,113.5,1008589.0,583977.0
2021-05-20,Northern Ireland,90.0,121911.0,0.0,9444.0,38.0,2.0,13367.0,2357717.0,0.0,2152.0,113.5,0.0,2152.0,113.5,1011836.0,592965.0
2021-05-21,Northern Ireland,84.0,121995.0,2.0,9446.0,36.0,2.0,7440.0,2365157.0,0.0,2152.0,113.5,0.0,2152.0,113.5,1014048.0,602303.0
2021-05-22,Northern Ireland,82.0,122077.0,3.0,9449.0,38.0,2.0,5439.0,2370596.0,0.0,2152.0,113.5,0.0,2152.0,113.5,1017941.0,606212.0
2021-05-23,Northern Ireland,77.0,122154.0,1.0,9450.0,37.0,1.0,8945.0,2379541.0,0.0,2152.0,113.5,0.0,2152.0,113.5,1022025.0,612064.0
2021-05-24,Northern Ireland,53.0,122207.0,2.0,9452.0,35.0,1.0,9350.0,2388891.0,0.0,2152.0,113.5,0.0,2152.0,113.5,1026443.0,620764.0
2021-05-25,Northern Ireland,75.0,122282.0,1.0,9453.0,33.0,1.0,12280.0,2401171.0,0.0,2152.0,113.5,0.0,2152.0,113.5,1030811.0,630170.0
2021-05-26,Northern Ireland,66.0,122348.0,1.0,9454.0,32.0,1.0,13608.0,2414779.0,0.0,2152.0,113.5,0.0,2152.0,113.5,1034143.0,639883.0
2021-05-27,Northern Ireland,84.0,122432.0,0.0,9454.0,30.0,1.0,11451.0,2426230.0,0.0,2152.0,113.5,0.0,2152.0,113.5,1037892.0,648518.0
2021-05-28,Northern Ireland,75.0,122507.0,3.0,9457.0,32.0,0.0,8378.0,2434608.0,0.0,2152.0,113.5,1.0,2153.0,113.6,1040697.0,654624.0
2021-05-29,Northern Ireland,68.0,122575.0,2.0,9459.0,33.0,0.0,4701.0,2439309.0,1.0,2153.0,113.6,0.0,2153.0,113.6,1044147.0,658157.0
2021-05-30,Northern Ireland,63.0,122638.0,0.0,9459.0,31.0,0.0,5044.0,2444353.0,0.0,2153.0,113.6,0.0,2153.0,113.6,1048350.0,661490.0
2021-05-31,Northern Ireland,39.0,122677.0,0.0,9459.0,27.0,0.0,8999.0,2453352.0,0.0,2153.0,113.6,0.0,2153.0,113.6,1053150.0,666957.0
2021-06-01,Northern Ireland,54.0,122731.0,2.0,9461.0,28.0,0.0,12257.0,2465609.0,0.0,2153.0,113.6,1.0,2154.0,113.6,1061550.0,675575.0
2021-06-02,Northern Ireland,84.0,122815.0,1.0,9462.0,24.0,0.0,13898.0,2479507.0,0.0,2153.0,113.6,0.0,2154.0,113.6,1073775.0,684398.0
2021-06-03,Northern Ireland,80.0,122895.0,1.0,9463.0,25.0,0.0,8819.0,2488326.0,1.0,2154.0,113.6,0.0,2154.0,113.6,1078917.0,692206.0
2021-06-04,Northern Ireland,73.0,122968.0,1.0,9464.0,22.0,0.0,7729.0,2496055.0,0.0,2154.0,113.6,0.0,2154.0,113.6,1083278.0,699318.0
2021-06-05,Northern Ireland,95.0,123063.0,1.0,9465.0,23.0,0.0,3683.0,2499738.0,0.0,2154.0,113.6,0.0,2154.0,113.6,1087136.0,703582.0
2021-06-06,Northern Ireland,69.0,123132.0,0.0,9465.0,23.0,0.0,7531.0,2507269.0,0.0,2154.0,113.6,0.0,2154.0,113.6,1090693.0,710121.0
2021-06-07,Northern Ireland,54.0,123186.0,4.0,9469.0,26.0,0.0,9504.0,2516773.0,0.0,2154.0,113.6,0.0,2154.0,113.6,1094478.0,719800.0
2021-06-08,Northern Ireland,81.0,123267.0,3.0,9472.0,27.0,0.0,12859.0,2529632.0,0.0,2154.0,113.6,1.0,2155.0,113.7,1098614.0,728000.0
2021-06-09,Northern Ireland,105.0,123372.0,0.0,9472.0,25.0,0.0,15966.0,2545598.0,0.0,2154.0,113.6,0.0,2155.0,113.7,1101629.0,736190.0
2021-06-10,Northern Ireland,109.0,123481.0,1.0,9473.0,24.0,0.0,12085.0,2557683.0,0.0,2154.0,113.6,0.0,2155.0,113.7,1105767.0,743402.0
2021-06-11,Northern Ireland,121.0,123602.0,2.0,9475.0,24.0,0.0,8414.0,2566097.0,1.0,2155.0,113.7,0.0,2155.0,113.7,1113159.0,749820.0
2021-06-12,Northern Ireland,107.0,123709.0,0.0,9475.0,22.0,0.0,4546.0,2570643.0,0.0,2155.0,113.7,0.0,2155.0,113.7,1113591.0,750356.0
2021-06-13,Northern Ireland,70.0,123779.0,1.0,9476.0,20.0,0.0,6837.0,2577480.0,0.0,2155.0,113.7,0.0,2155.0,113.7,1113591.0,750356.0
2021-06-14,Northern Ireland,87.0,123866.0,0.0,9476.0,20.0,0.0,9798.0,2587278.0,0.0,2155.0,113.7,0.0,2155.0,113.7,1115747.0,762424.0
2021-06-15,Northern Ireland,115.0,123981.0,3.0,9479.0,22.0,0.0,12514.0,2599792.0,0.0,2155.0,113.7,0.0,2155.0,113.7,1126677.0,772933.0
2021-06-16,Northern Ireland,143.0,124124.0,1.0,9480.0,23.0,0.0,14728.0,2614520.0,0.0,2155.0,113.7,0.0,2155.0,113.7,1128670.0,782569.0
2021-06-17,Northern Ireland,179.0,124303.0,3.0,9483.0,23.0,0.0,12583.0,2627103.0,0.0,2155.0,113.7,0.0,2155.0,113.7,1132546.0,790071.0
2021-06-18,Northern Ireland,178.0,124481.0,1.0,9484.0,23.0,0.0,9585.0,2636688.0,0.0,2155.0,113.7,0.0,2155.0,113.7,1135308.0,797394.0
2021-06-19,Northern Ireland,158.0,124639.0,0.0,9484.0,22.0,0.0,5860.0,2642548.0,0.0,2155.0,113.7,0.0,2155.0,113.7,1137778.0,803384.0
2021-06-20,Northern Ireland,125.0,124764.0,0.0,9484.0,22.0,0.0,7690.0,2650238.0,0.0,2155.0,113.7,0.0,2155.0,113.7,1140838.0,810405.0
2021-06-21,Northern Ireland,133.0,124897.0,4.0,9488.0,24.0,0.0,10101.0,2660339.0,0.0,2155.0,113.7,0.0,2155.0,113.7,1143223.0,817178.0
2021-06-22,Northern Ireland,187.0,125084.0,5.0,9493.0,27.0,0.0,10957.0,2671296.0,0.0,2155.0,113.7,0.0,2155.0,113.7,1147153.0,823908.0
2021-06-23,Northern Ireland,188.0,125272.0,4.0,9497.0,30.0,0.0,15158.0,2686454.0,0.0,2155.0,113.7,0.0,2155.0,113.7,1150202.0,830506.0
2021-06-24,Northern Ireland,198.0,125470.0,3.0,9500.0,29.0,0.0,12951.0,2699405.0,0.0,2155.0,113.7,0.0,2155.0,113.7,1152720.0,836164.0
2021-06-25,Northern Ireland,229.0,125699.0,4.0,9504.0,29.0,0.0,11641.0,2711046.0,0.0,2155.0,113.7,0.0,2155.0,113.7,1155288.0,841666.0
2021-06-26,Northern Ireland,298.0,125997.0,6.0,9510.0,33.0,0.0,7598.0,2718644.0,0.0,2155.0,113.7,0.0,2155.0,113.7,1157491.0,845626.0
2021-06-27,Northern Ireland,261.0,126258.0,5.0,9515.0,38.0,0.0,7503.0,2726147.0,0.0,2155.0,113.7,0.0,2155.0,113.7,1160024.0,850004.0
2021-06-28,Northern Ireland,211.0,126469.0,6.0,9521.0,42.0,2.0,10962.0,2737109.0,0.0,2155.0,113.7,0.0,2155.0,113.7,1162455.0,855736.0
2021-06-29,Northern Ireland,278.0,126747.0,10.0,9531.0,47.0,2.0,9918.0,2747027.0,0.0,2155.0,113.7,0.0,2155.0,113.7,1164792.0,862932.0
2021-06-30,Northern Ireland,375.0,127122.0,10.0,9541.0,53.0,2.0,11962.0,2758989.0,0.0,2155.0,113.7,0.0,2155.0,113.7,1166842.0,871216.0
2021-07-01,Northern Ireland,326.0,127448.0,7.0,9548.0,58.0,2.0,11037.0,2770026.0,0.0,2155.0,113.7,1.0,2156.0,113.7,1168739.0,877402.0
2021-07-02,Northern Ireland,339.0,127787.0,13.0,9561.0,68.0,1.0,12417.0,2782443.0,1.0,2156.0,113.7,0.0,2156.0,113.7,1170556.0,883864.0
2021-07-03,Northern Ireland,460.0,128247.0,5.0,9566.0,70.0,1.0,11347.0,2793790.0,0.0,2156.0,113.7,0.0,2156.0,113.7,1171653.0,890335.0
2021-07-04,Northern Ireland,533.0,128780.0,6.0,9572.0,75.0,1.0,8275.0,2802065.0,0.0,2156.0,113.7,0.0,2156.0,113.7,1173365.0,897209.0
2021-07-05,Northern Ireland,420.0,129200.0,12.0,9584.0,78.0,1.0,12207.0,2814272.0,0.0,2156.0,113.7,0.0,2156.0,113.7,1175151.0,904607.0
2021-07-06,Northern Ireland,417.0,129617.0,8.0,9592.0,84.0,1.0,10122.0,2824394.0,0.0,2156.0,113.7,0.0,2156.0,113.7,1177136.0,912250.0
2021-07-07,Northern Ireland,570.0,130187.0,12.0,9604.0,93.0,1.0,12700.0,2837094.0,0.0,2156.0,113.7,0.0,2156.0,113.7,1179096.0,920078.0
2021-07-08,Northern Ireland,627.0,130814.0,15.0,9619.0,97.0,0.0,11773.0,2848867.0,0.0,2156.0,113.7,0.0,2156.0,113.7,1181008.0,926855.0
2021-07-09,Northern Ireland,605.0,131419.0,10.0,9629.0,95.0,0.0,12485.0,2861352.0,0.0,2156.0,113.7,1.0,2157.0,113.8,1182772.0,932963.0
2021-07-10,Northern Ireland,445.0,131864.0,18.0,9647.0,105.0,1.0,9057.0,2870409.0,1.0,2157.0,113.8,1.0,2158.0,113.8,1184485.0,938477.0
2021-07-11,Northern Ireland,605.0,132469.0,14.0,9661.0,111.0,1.0,6594.0,2877003.0,1.0,2158.0,113.8,1.0,2159.0,113.9,1185689.0,942014.0
2021-07-12,Northern Ireland,528.0,132997.0,18.0,9679.0,124.0,1.0,8962.0,2885965.0,0.0,2158.0,113.8,0.0,2159.0,113.9,1186295.0,943778.0
2021-07-13,Northern Ireland,511.0,133508.0,17.0,9696.0,130.0,1.0,7775.0,2893740.0,0.0,2158.0,113.8,0.0,2159.0,113.9,1187446.0,950145.0
2021-07-14,Northern Ireland,636.0,134144.0,30.0,9726.0,151.0,1.0,12902.0,2906642.0,1.0,2159.0,113.9,0.0,2159.0,113.9,1188563.0,957236.0
2021-07-15,Northern Ireland,1083.0,135227.0,29.0,9755.0,166.0,1.0,17245.0,2923887.0,0.0,2159.0,113.9,0.0,2159.0,113.9,1189863.0,963532.0
2021-07-16,Northern Ireland,1380.0,136607.0,21.0,9776.0,167.0,1.0,13998.0,2937885.0,0.0,2159.0,113.9,3.0,2162.0,114.1,1201048.0,973998.0
2021-07-17,Northern Ireland,1402.0,138009.0,21.0,9797.0,180.0,3.0,8098.0,2945983.0,2.0,2161.0,114.0,0.0,2162.0,114.1,1202031.0,978587.0
2021-07-18,Northern Ireland,537.0,138546.0,25.0,9822.0,198.0,3.0,15381.0,2961364.0,1.0,2162.0,114.1,1.0,2163.0,114.1,1185869.0,982562.0
2021-07-19,Northern Ireland,1776.0,140322.0,33.0,9855.0,202.0,3.0,12652.0,2974016.0,1.0,2163.0,114.1,1.0,2164.0,114.2,1187005.0,988658.0
2021-07-20,Northern Ireland,1138.0,141460.0,39.0,9894.0,216.0,2.0,15684.0,2989700.0,1.0,2164.0,114.2,1.0,2165.0,114.2,1188669.0,995493.0
2021-07-21,Northern Ireland,1973.0,143433.0,42.0,9936.0,231.0,3.0,15985.0,3005685.0,2.0,2166.0,114.3,1.0,2166.0,114.3,1191038.0,1001669.0
2021-07-22,Northern Ireland,1430.0,144863.0,48.0,9984.0,264.0,5.0,12996.0,3018681.0,0.0,2166.0,114.3,2.0,2168.0,114.4,1192181.0,1003634.0
2021-07-23,Northern Ireland,1337.0,146200.0,54.0,10038.0,280.0,8.0,12660.0,3031341.0,1.0,2167.0,114.3,2.0,2170.0,114.5,1193854.0,1006725.0
2021-07-24,Northern Ireland,1520.0,147720.0,28.0,10066.0,291.0,11.0,11984.0,3043325.0,1.0,2168.0,114.4,2.0,2172.0,114.6,1195271.0,1008906.0
2021-07-25,Northern Ireland,1264.0,148984.0,40.0,10106.0,315.0,14.0,12861.0,3056186.0,2.0,2170.0,114.5,1.0,2173.0,114.6,1196995.0,1011471.0
2021-07-26,Northern Ireland,639.0,149623.0,44.0,10150.0,329.0,16.0,14087.0,3070273.0,0.0,2170.0,114.5,0.0,2173.0,114.6,1198692.0,1016691.0
2021-07-27,Northern Ireland,1473.0,151096.0,32.0,10182.0,321.0,21.0,17520.0,3087793.0,3.0,2173.0,114.6,2.0,2175.0,114.7,1201462.0,1022646.0
2021-07-28,Northern Ireland,1600.0,152696.0,31.0,10213.0,307.0,23.0,20648.0,3108441.0,3.0,2176.0,114.8,3.0,2178.0,114.9,1209145.0,1030507.0
2021-07-29,Northern Ireland,1471.0,154167.0,26.0,10239.0,302.0,25.0,15251.0,3123692.0,2.0,2178.0,114.9,6.0,2184.0,115.2,1212236.0,1036362.0
2021-07-30,Northern Ireland,1101.0,155268.0,37.0,10276.0,306.0,25.0,14816.0,3138508.0,3.0,2181.0,115.1,5.0,2189.0,115.5,1215254.0,1040265.0
2021-07-31,Northern Ireland,1177.0,156445.0,34.0,10310.0,313.0,21.0,10514.0,3149022.0,8.0,2189.0,115.5,5.0,2194.0,115.7,1218732.0,1043909.0
2021-08-01,Northern Ireland,1072.0,157517.0,36.0,10346.0,323.0,24.0,9089.0,3158111.0,5.0,2194.0,115.7,7.0,2201.0,116.1,1219389.0,1048595.0
2021-08-02,Northern Ireland,872.0,158389.0,39.0,10385.0,340.0,23.0,13980.0,3172091.0,5.0,2199.0,116.0,3.0,2204.0,116.3,1220430.0,1056278.0
2021-08-03,Northern Ireland,1082.0,159471.0,25.0,10410.0,336.0,26.0,12608.0,3184699.0,6.0,2205.0,116.3,1.0,2205.0,116.3,1221743.0,1062797.0
2021-08-04,Northern Ireland,1040.0,160511.0,39.0,10449.0,332.0,29.0,22512.0,3207211.0,1.0,2206.0,116.4,3.0,2208.0,116.5,1223303.0,1068860.0
2021-08-05,Northern Ireland,1641.0,162152.0,46.0,10495.0,350.0,27.0,17260.0,3224471.0,3.0,2209.0,116.5,4.0,2212.0,116.7,1224675.0,1073342.0
2021-08-06,Northern Ireland,1434.0,163586.0,52.0,10547.0,374.0,28.0,16815.0,3241286.0,4.0,2213.0,116.7,5.0,2217.0,117.0,1231106.0,1079825.0
2021-08-07,Northern Ireland,1349.0,164935.0,40.0,10587.0,397.0,33.0,11234.0,3252520.0,6.0,2219.0,117.1,3.0,2220.0,117.1,1232450.0,1084263.0
2021-08-08,Northern Ireland,1129.0,166064.0,38.0,10625.0,420.0,29.0,11270.0,3263790.0,1.0,2220.0,117.1,8.0,2228.0,117.5,1233437.0,1089222.0
2021-08-09,Northern Ireland,1031.0,167095.0,44.0,10669.0,420.0,34.0,15122.0,3278912.0,8.0,2228.0,117.5,3.0,2231.0,117.7,1240811.0,1094987.0
2021-08-10,Northern Ireland,1305.0,168400.0,51.0,10720.0,429.0,32.0,17989.0,3296901.0,2.0,2230.0,117.6,3.0,2234.0,117.9,1243125.0,1100236.0
2021-08-11,Northern Ireland,1467.0,169867.0,47.0,10767.0,437.0,31.0,22615.0,3319516.0,3.0,2233.0,117.8,5.0,2239.0,118.1,1244812.0,1104905.0
2021-08-12,Northern Ireland,1610.0,171477.0,50.0,10817.0,444.0,32.0,16894.0,3336410.0,3.0,2236.0,118.0,6.0,2245.0,118.4,1246907.0,1109693.0
2021-08-13,Northern Ireland,1389.0,172866.0,37.0,10854.0,426.0,32.0,17246.0,3353656.0,4.0,2240.0,118.2,6.0,2251.0,118.8,1248417.0,1113944.0
2021-08-14,Northern Ireland,1437.0,174303.0,42.0,10896.0,442.0,28.0,15090.0,3368746.0,5.0,2245.0,118.4,4.0,2255.0,119.0,1249579.0,1116681.0
2021-08-15,Northern Ireland,1294.0,175597.0,41.0,10937.0,460.0,32.0,13557.0,3382303.0,3.0,2248.0,118.6,2.0,2257.0,119.1,1251182.0,1120187.0
2021-08-16,Northern Ireland,1306.0,176903.0,53.0,10990.0,473.0,34.0,15993.0,3398296.0,3.0,2251.0,118.8,4.0,2261.0,119.3,1252746.0,1123936.0
2021-08-17,Northern Ireland,1564.0,178467.0,55.0,11045.0,480.0,33.0,14907.0,3413203.0,7.0,2258.0,119.1,7.0,2268.0,119.7,1255312.0,1129084.0
2021-08-18,Northern Ireland,1345.0,179812.0,37.0,11082.0,465.0,32.0,20165.0,3433368.0,11.0,2269.0,119.7,11.0,2279.0,120.2,1256779.0,1132946.0
2021-08-19,Northern Ireland,1963.0,181775.0,42.0,11124.0,456.0,31.0,23123.0,3456491.0,9.0,2278.0,120.2,7.0,2286.0,120.6,1258640.0,1136902.0
2021-08-20,Northern Ireland,2397.0,184172.0,46.0,11170.0,441.0,33.0,14332.0,3470823.0,9.0,2287.0,120.7,5.0,2291.0,120.9,1260373.0,1140923.0
2021-08-21,Northern Ireland,1612.0,185784.0,41.0,11211.0,450.0,33.0,10994.0,3481817.0,4.0,2291.0,120.9,12.0,2303.0,121.5,1264515.0,1143706.0
2021-08-22,Northern Ireland,1485.0,187269.0,40.0,11251.0,467.0,33.0,11608.0,3493425.0,11.0,2302.0,121.4,10.0,2313.0,122.0,1268173.0,1146016.0
2021-08-23,Northern Ireland,1320.0,188589.0,42.0,11293.0,459.0,28.0,16462.0,3509887.0,9.0,2311.0,121.9,8.0,2321.0,122.4,1270066.0,1147741.0
2021-08-24,Northern Ireland,1648.0,190237.0,53.0,11346.0,471.0,26.0,17962.0,3527849.0,12.0,2323.0,122.6,5.0,2326.0,122.7,1272071.0,1150123.0
2021-08-25,Northern Ireland,1771.0,192008.0,50.0,11396.0,458.0,26.0,19788.0,3547637.0,5.0,2328.0,122.8,4.0,2330.0,122.9,1275554.0,1153122.0
2021-08-26,Northern Ireland,1550.0,193558.0,49.0,11445.0,474.0,26.0,25631.0,3573268.0,4.0,2332.0,123.0,5.0,2335.0,123.2,1279093.0,1155558.0
2021-08-27,Northern Ireland,1875.0,195433.0,51.0,11496.0,477.0,27.0,19158.0,3592426.0,5.0,2337.0,123.3,5.0,2340.0,123.4,1281246.0,1157174.0
2021-08-28,Northern Ireland,1430.0,196863.0,36.0,11532.0,477.0,29.0,12464.0,3604890.0,6.0,2343.0,123.6,10.0,2350.0,124.0,1282410.0,1158349.0
2021-08-29,Northern Ireland,1225.0,198088.0,41.0,11573.0,486.0,31.0,14521.0,3619411.0,9.0,2352.0,124.1,8.0,2358.0,124.4,1283099.0,1159756.0
2021-08-30,Northern Ireland,1259.0,199347.0,43.0,11616.0,501.0,33.0,14167.0,3633578.0,6.0,2358.0,124.4,7.0,2365.0,124.8,1284443.0,1161433.0
2021-08-31,Northern Ireland,1313.0,200660.0,49.0,11665.0,499.0,37.0,20449.0,3654027.0,6.0,2364.0,124.7,7.0,2372.0,125.1,1286025.0,1163562.0
2021-09-01,Northern Ireland,1472.0,202132.0,53.0,11718.0,505.0,37.0,16293.0,3670320.0,9.0,2373.0,125.2,13.0,2385.0,125.8,1287633.0,1165322.0
2021-09-02,Northern Ireland,793.0,202925.0,43.0,11761.0,491.0,38.0,17770.0,3688090.0,12.0,2385.0,125.8,8.0,2393.0,126.2,1288682.0,1167574.0
2021-09-03,Northern Ireland,1248.0,204173.0,50.0,11811.0,493.0,38.0,28881.0,3716971.0,9.0,2394.0,126.3,6.0,2399.0,126.6,1290060.0,1169483.0
2021-09-04,Northern Ireland,1812.0,205985.0,37.0,11848.0,505.0,35.0,18369.0,3735340.0,7.0,2401.0,126.7,7.0,2406.0,126.9,1291010.0,1171130.0
2021-09-05,Northern Ireland,1232.0,207217.0,37.0,11885.0,517.0,34.0,23943.0,3759283.0,7.0,2408.0,127.0,13.0,2419.0,127.6,1291944.0,1174021.0
2021-09-06,Northern Ireland,1764.0,208981.0,48.0,11933.0,523.0,36.0,24501.0,3783784.0,9.0,2417.0,127.5,4.0,2423.0,127.8,1292837.0,1177318.0
2021-09-07,Northern Ireland,1748.0,210729.0,57.0,11990.0,529.0,35.0,24714.0,3808498.0,7.0,2424.0,127.9,5.0,2428.0,128.1,1293709.0,1181487.0
2021-09-08,Northern Ireland,1210.0,211939.0,56.0,12046.0,525.0,33.0,33826.0,3842324.0,6.0,2430.0,128.2,10.0,2438.0,128.6,1294896.0,1184987.0
2021-09-09,Northern Ireland,1831.0,213770.0,39.0,12085.0,519.0,34.0,34609.0,3876933.0,8.0,2438.0,128.6,6.0,2444.0,128.9,1296071.0,1188527.0
2021-09-10,Northern Ireland,1687.0,215457.0,27.0,12112.0,491.0,35.0,34159.0,3911092.0,6.0,2444.0,128.9,1.0,2445.0,129.0,1296830.0,1192643.0
2021-09-11,Northern Ireland,1424.0,216881.0,32.0,12144.0,499.0,35.0,26093.0,3937185.0,3.0,2447.0,129.1,6.0,2451.0,129.3,1297228.0,1194869.0
2021-09-12,Northern Ireland,1031.0,217912.0,32.0,12176.0,503.0,33.0,22456.0,3959641.0,6.0,2453.0,129.4,8.0,2459.0,129.7,1297882.0,1196000.0
2021-09-13,Northern Ireland,1199.0,219111.0,42.0,12218.0,507.0,32.0,24396.0,3984037.0,8.0,2461.0,129.8,10.0,2469.0,130.3,1298956.0,1197505.0
2021-09-14,Northern Ireland,1590.0,220701.0,38.0,12256.0,488.0,36.0,22808.0,4006845.0,7.0,2468.0,130.2,10.0,2479.0,130.8,1300383.0,1198596.0
2021-09-15,Northern Ireland,1304.0,222005.0,44.0,12300.0,494.0,33.0,23820.0,4030665.0,10.0,2478.0,130.7,3.0,2482.0,130.9,1302069.0,1199165.0
2021-09-16,Northern Ireland,1071.0,223076.0,35.0,12335.0,477.0,33.0,27978.0,4058643.0,5.0,2483.0,131.0,7.0,2489.0,131.3,1303889.0,1199906.0
2021-09-17,Northern Ireland,1239.0,224315.0,34.0,12369.0,460.0,31.0,23397.0,4082040.0,10.0,2493.0,131.5,10.0,2499.0,131.8,1304565.0,1200436.0
2021-09-18,Northern Ireland,1072.0,225387.0,32.0,12401.0,463.0,27.0,13871.0,4095911.0,6.0,2499.0,131.8,4.0,2503.0,132.0,1304999.0,1200606.0
2021-09-19,Northern Ireland,889.0,226276.0,24.0,12425.0,472.0,28.0,19284.0,4115195.0,5.0,2504.0,132.1,5.0,2508.0,132.3,1305556.0,1201074.0
2021-09-20,Northern Ireland,1020.0,227296.0,32.0,12457.0,463.0,27.0,20619.0,4135814.0,5.0,2509.0,132.4,4.0,2512.0,132.5,1306326.0,1201657.0
2021-09-21,Northern Ireland,1145.0,228441.0,42.0,12499.0,467.0,25.0,19489.0,4155303.0,4.0,2513.0,132.6,4.0,2516.0,132.7,1306822.0,1202311.0
2021-09-22,Northern Ireland,1060.0,229501.0,37.0,12536.0,452.0,26.0,25614.0,4180917.0,4.0,2517.0,132.8,9.0,2525.0,133.2,1307566.0,1203117.0
2021-09-23,Northern Ireland,1165.0,230666.0,28.0,12564.0,429.0,25.0,20651.0,4201568.0,8.0,2525.0,133.2,8.0,2533.0,133.6,1308437.0,1203664.0
2021-09-24,Northern Ireland,1030.0,231696.0,31.0,12595.0,413.0,23.0,25601.0,4227169.0,8.0,2533.0,133.6,6.0,2539.0,133.9,1309240.0,1204006.0
2021-09-25,Northern Ireland,1120.0,232816.0,32.0,12627.0,421.0,23.0,20090.0,4247259.0,5.0,2538.0,133.9,5.0,2544.0,134.2,1309914.0,1204438.0
2021-09-26,Northern Ireland,1020.0,233836.0,25.0,12652.0,430.0,23.0,15420.0,4262679.0,6.0,2544.0,134.2,4.0,2548.0,134.4,1310435.0,1205042.0
2021-09-27,Northern Ireland,903.0,234739.0,33.0,12685.0,429.0,25.0,16818.0,4279497.0,4.0,2548.0,134.4,4.0,2552.0,134.6,1311183.0,1206162.0
2021-09-28,Northern Ireland,1078.0,235817.0,25.0,12710.0,421.0,24.0,21429.0,4300926.0,4.0,2552.0,134.6,3.0,2555.0,134.8,1311852.0,1206919.0
2021-09-29,Northern Ireland,1320.0,237137.0,33.0,12743.0,420.0,27.0,22742.0,4323668.0,2.0,2554.0,134.7,3.0,2558.0,135.0,1312618.0,1207801.0
2021-09-30,Northern Ireland,1163.0,238300.0,31.0,12774.0,416.0,25.0,20387.0,4344055.0,2.0,2556.0,134.8,5.0,2563.0,135.2,1313395.0,1208665.0
2021-10-01,Northern Ireland,1039.0,239339.0,34.0,12808.0,405.0,26.0,17436.0,4361491.0,8.0,2564.0,135.3,2.0,2565.0,135.3,1313692.0,1209561.0
2021-10-02,Northern Ireland,992.0,240331.0,25.0,12833.0,408.0,25.0,10801.0,4372292.0,1.0,2565.0,135.3,4.0,2569.0,135.5,1313809.0,1210458.0
2021-10-03,Northern Ireland,892.0,241223.0,27.0,12860.0,420.0,27.0,15743.0,4388035.0,2.0,2567.0,135.4,1.0,2570.0,135.6,1313979.0,1211686.0
2021-10-04,Northern Ireland,1080.0,242303.0,29.0,12889.0,423.0,28.0,18676.0,4406711.0,3.0,2570.0,135.6,3.0,2573.0,135.7,1314284.0,1213124.0
2021-10-05,Northern Ireland,1209.0,243512.0,35.0,12924.0,426.0,27.0,19497.0,4426208.0,3.0,2573.0,135.7,3.0,2576.0,135.9,1314491.0,1214464.0
2021-10-06,Northern Ireland,1339.0,244851.0,35.0,12959.0,427.0,27.0,22421.0,4448629.0,2.0,2575.0,135.8,2.0,2578.0,136.0,1314779.0,1215311.0
2021-10-07,Northern Ireland,1305.0,246156.0,34.0,12993.0,432.0,26.0,20378.0,4469007.0,4.0,2579.0,136.1,3.0,2581.0,136.2,1315167.0,1216564.0
2021-10-08,Northern Ireland,1276.0,247432.0,23.0,13016.0,420.0,28.0,17367.0,4486374.0,2.0,2581.0,136.2,4.0,2585.0,136.4,1315458.0,1217565.0
2021-10-09,Northern Ireland,1274.0,248706.0,34.0,13050.0,433.0,26.0,12545.0,4498919.0,4.0,2585.0,136.4,5.0,2590.0,136.6,1315513.0,1218509.0
2021-10-10,Northern Ireland,1115.0,249821.0,20.0,13070.0,441.0,26.0,14598.0,4513517.0,3.0,2588.0,136.5,2.0,2592.0,136.7,1315593.0,1219098.0
2021-10-11,Northern Ireland,1109.0,250930.0,36.0,13106.0,448.0,25.0,16728.0,4530245.0,5.0,2593.0,136.8,5.0,2597.0,137.0,1315825.0,1219960.0
2021-10-12,Northern Ireland,1278.0,252208.0,45.0,13151.0,449.0,21.0,20026.0,4550271.0,6.0,2599.0,137.1,3.0,2600.0,137.2,1316225.0,1221045.0
2021-10-13,Northern Ireland,1471.0,253679.0,41.0,13192.0,449.0,26.0,21105.0,4571376.0,1.0,2600.0,137.2,5.0,2605.0,137.4,1316528.0,1221785.0
2021-10-14,Northern Ireland,1304.0,254983.0,33.0,13225.0,447.0,27.0,22876.0,4594252.0,6.0,2606.0,137.5,5.0,2610.0,137.7,1317005.0,1223097.0
2021-10-15,Northern Ireland,1349.0,256332.0,31.0,13256.0,447.0,22.0,16355.0,4610607.0,4.0,2610.0,137.7,4.0,2614.0,137.9,1317277.0,1223799.0
2021-10-16,Northern Ireland,1218.0,257550.0,22.0,13278.0,446.0,24.0,10362.0,4620969.0,4.0,2614.0,137.9,6.0,2620.0,138.2,1317336.0,1224459.0
2021-10-17,Northern Ireland,966.0,258516.0,40.0,13318.0,468.0,24.0,14480.0,4635449.0,4.0,2618.0,138.1,2.0,2622.0,138.3,1317506.0,1224810.0
2021-10-18,Northern Ireland,1091.0,259607.0,42.0,13360.0,479.0,24.0,18831.0,4654280.0,3.0,2621.0,138.3,9.0,2631.0,138.8,1317991.0,1225250.0
2021-10-19,Northern Ireland,1367.0,260974.0,46.0,13406.0,476.0,20.0,17204.0,4671484.0,8.0,2629.0,138.7,5.0,2636.0,139.1,1318733.0,1233927.0
2021-10-20,Northern Ireland,1423.0,262397.0,42.0,13448.0,484.0,22.0,16280.0,4687764.0,6.0,2635.0,139.0,3.0,2639.0,139.2,1319098.0,1235242.0
2021-10-21,Northern Ireland,1051.0,263448.0,38.0,13486.0,483.0,25.0,20019.0,4707783.0,4.0,2639.0,139.2,7.0,2646.0,139.6,1319509.0,1237115.0
2021-10-22,Northern Ireland,1355.0,264803.0,26.0,13512.0,464.0,24.0,19422.0,4727205.0,7.0,2646.0,139.6,11.0,2657.0,140.2,1320056.0,1238076.0
2021-10-23,Northern Ireland,1323.0,266126.0,31.0,13543.0,469.0,23.0,12946.0,4740151.0,10.0,2656.0,140.1,6.0,2663.0,140.5,1320807.0,1238606.0
2021-10-24,Northern Ireland,1061.0,267187.0,32.0,13575.0,490.0,22.0,11661.0,4751812.0,5.0,2661.0,140.4,3.0,2666.0,140.6,1321327.0,1239213.0
2021-10-25,Northern Ireland,1019.0,268206.0,41.0,13616.0,499.0,24.0,12816.0,4764628.0,4.0,2665.0,140.6,5.0,2671.0,140.9,1322277.0,1239986.0
2021-10-26,Northern Ireland,1124.0,269330.0,39.0,13655.0,494.0,26.0,16844.0,4781472.0,4.0,2669.0,140.8,4.0,2675.0,141.1,1323733.0,1240821.0
2021-10-27,Northern Ireland,1291.0,270621.0,39.0,13694.0,493.0,26.0,18250.0,4799722.0,6.0,2675.0,141.1,7.0,2682.0,141.5,1325287.0,1241684.0
2021-10-28,Northern Ireland,1122.0,271743.0,43.0,13737.0,498.0,24.0,19409.0,4819131.0,9.0,2684.0,141.6,6.0,2688.0,141.8,1327040.0,1242418.0
2021-10-29,Northern Ireland,1321.0,273064.0,37.0,13774.0,502.0,25.0,16835.0,4835966.0,7.0,2691.0,142.0,10.0,2698.0,142.3,1328007.0,1243091.0
2021-10-30,Northern Ireland,1207.0,274271.0,37.0,13811.0,522.0,23.0,11937.0,4847903.0,8.0,2699.0,142.4,8.0,2706.0,142.8,1328814.0,1243641.0
2021-10-31,Northern Ireland,1001.0,275272.0,25.0,13836.0,530.0,28.0,12518.0,4860421.0,6.0,2705.0,142.7,6.0,2712.0,143.1,1329419.0,1244076.0
2021-11-01,Northern Ireland,948.0,276220.0,34.0,13870.0,524.0,28.0,15868.0,4876289.0,10.0,2715.0,143.2,4.0,2716.0,143.3,1329893.0,1244920.0
2021-11-02,Northern Ireland,1114.0,277334.0,42.0,13912.0,519.0,29.0,15617.0,4891906.0,2.0,2716.0,143.3,8.0,2724.0,143.7,1330594.0,1245772.0
2021-11-03,Northern Ireland,995.0,278329.0,36.0,13948.0,509.0,30.0,23626.0,4915532.0,9.0,2725.0,143.8,12.0,2736.0,144.3,1331683.0,1246319.0
2021-11-04,Northern Ireland,1481.0,279810.0,34.0,13982.0,513.0,31.0,17657.0,4933189.0,12.0,2737.0,144.4,6.0,2742.0,144.7,1333577.0,1247566.0
2021-11-05,Northern Ireland,1164.0,280974.0,41.0,14023.0,515.0,32.0,15042.0,4948231.0,4.0,2741.0,144.6,4.0,2746.0,144.9,1334246.0,1248555.0
2021-11-06,Northern Ireland,1194.0,282168.0,28.0,14051.0,512.0,34.0,10625.0,4958856.0,6.0,2747.0,144.9,6.0,2752.0,145.2,1334763.0,1248919.0
2021-11-07,Northern Ireland,1035.0,283203.0,21.0,14072.0,519.0,34.0,13014.0,4971870.0,4.0,2751.0,145.1,7.0,2759.0,145.6,1335654.0,1249719.0
2021-11-08,Northern Ireland,1028.0,284231.0,35.0,14107.0,512.0,31.0,16901.0,4988771.0,11.0,2762.0,145.7,7.0,2766.0,145.9,1337018.0,1250850.0
2021-11-09,Northern Ireland,1228.0,285459.0,46.0,14153.0,515.0,28.0,21710.0,5010481.0,7.0,2769.0,146.1,8.0,2774.0,146.3,1338808.0,1251729.0
2021-11-10,Northern Ireland,1765.0,287224.0,37.0,14190.0,518.0,28.0,19580.0,5030061.0,7.0,2776.0,146.5,6.0,2780.0,146.7,1340618.0,1252813.0
2021-11-11,Northern Ireland,1462.0,288686.0,27.0,14217.0,502.0,30.0,18587.0,5048648.0,6.0,2782.0,146.8,5.0,2785.0,146.9,1342676.0,1254145.0
2021-11-12,Northern Ireland,1087.0,289773.0,34.0,14251.0,506.0,27.0,19127.0,5067775.0,2.0,2784.0,146.9,4.0,2789.0,147.1,1343471.0,1254811.0
2021-11-13,Northern Ireland,1806.0,291579.0,34.0,14285.0,522.0,27.0,12601.0,5080376.0,3.0,2787.0,147.0,4.0,2793.0,147.3,1343956.0,1255108.0
2021-11-14,Northern Ireland,1377.0,292956.0,24.0,14309.0,533.0,25.0,16430.0,5096806.0,5.0,2792.0,147.3,3.0,2796.0,147.5,1344980.0,1255645.0
2021-11-15,Northern Ireland,1457.0,294413.0,25.0,14334.0,513.0,28.0,19849.0,5116655.0,5.0,2797.0,147.6,6.0,2802.0,147.8,1347213.0,1256509.0
2021-11-16,Northern Ireland,1698.0,296111.0,32.0,14366.0,499.0,26.0,22246.0,5138901.0,5.0,2802.0,147.8,12.0,2814.0,148.5,1349159.0,1257405.0
2021-11-17,Northern Ireland,1848.0,297959.0,37.0,14403.0,491.0,26.0,22557.0,5161458.0,12.0,2814.0,148.5,5.0,2819.0,148.7,1351919.0,1258632.0
2021-11-18,Northern Ireland,1681.0,299640.0,30.0,14433.0,478.0,22.0,23800.0,5185258.0,6.0,2820.0,148.8,9.0,2828.0,149.2,1354392.0,1259572.0
2021-11-19,Northern Ireland,1690.0,301330.0,29.0,14462.0,464.0,21.0,19989.0,5205247.0,7.0,2827.0,149.1,2.0,2830.0,149.3,1355374.0,1260274.0
2021-11-20,Northern Ireland,1846.0,303176.0,32.0,14494.0,465.0,22.0,14968.0,5220215.0,6.0,2833.0,149.5,9.0,2839.0,149.8,1355785.0,1260708.0
2021-11-21,Northern Ireland,1406.0,304582.0,19.0,14513.0,475.0,25.0,16695.0,5236910.0,7.0,2840.0,149.8,3.0,2842.0,149.9,1356343.0,1261448.0
2021-11-22,Northern Ireland,1469.0,306051.0,29.0,14542.0,465.0,26.0,18184.0,5255094.0,3.0,2843.0,150.0,4.0,2846.0,150.1,1357693.0,1262592.0
2021-11-23,Northern Ireland,1476.0,307527.0,30.0,14572.0,460.0,25.0,23910.0,5279004.0,4.0,2847.0,150.2,7.0,2853.0,150.5,1359404.0,1263765.0
2021-11-24,Northern Ireland,1931.0,309458.0,28.0,14600.0,454.0,25.0,24169.0,5303173.0,4.0,2851.0,150.4,4.0,2857.0,150.7,1360946.0,1265081.0
2021-11-25,Northern Ireland,1549.0,311007.0,17.0,14617.0,428.0,24.0,28279.0,5331452.0,5.0,2856.0,150.7,9.0,2866.0,151.2,1362366.0,1266367.0
2021-11-26,Northern Ireland,2004.0,313011.0,19.0,14636.0,414.0,22.0,19428.0,5350880.0,9.0,2865.0,151.1,3.0,2869.0,151.4,1362366.0,1266367.0
2021-11-27,Northern Ireland,1482.0,314493.0,17.0,14653.0,407.0,25.0,16137.0,5367017.0,2.0,2867.0,151.3,3.0,2872.0,151.5,1362366.0,1266367.0
2021-11-28,Northern Ireland,1405.0,315898.0,30.0,14683.0,420.0,27.0,18027.0,5385044.0,2.0,2869.0,151.4,5.0,2877.0,151.8,1367181.0,1270186.0
2021-11-29,Northern Ireland,1464.0,317362.0,25.0,14708.0,405.0,24.0,20248.0,5405292.0,4.0,2873.0,151.6,2.0,2879.0,151.9,1368796.0,1271490.0
2021-11-30,Northern Ireland,1585.0,318947.0,32.0,14740.0,401.0,23.0,26776.0,5432068.0,2.0,2875.0,151.7,2.0,2881.0,152.0,1370570.0,1272784.0
2021-12-01,Northern Ireland,1992.0,320939.0,23.0,14763.0,391.0,24.0,32965.0,5465033.0,4.0,2879.0,151.9,2.0,2883.0,152.1,1372426.0,1274046.0
2021-12-02,Northern Ireland,2272.0,323211.0,42.0,14805.0,400.0,28.0,29217.0,5494250.0,2.0,2881.0,152.0,4.0,2887.0,152.3,1374040.0,1275441.0
2021-12-03,Northern Ireland,1908.0,325119.0,27.0,14832.0,397.0,28.0,30523.0,5524773.0,4.0,2885.0,152.2,6.0,2893.0,152.6,1374981.0,1276190.0
2021-12-04,Northern Ireland,1642.0,326761.0,25.0,14857.0,399.0,26.0,23983.0,5548756.0,9.0,2894.0,152.7,7.0,2900.0,153.0,1374981.0,1276190.0
2021-12-05,Northern Ireland,1422.0,328183.0,26.0,14883.0,416.0,25.0,21743.0,5570499.0,7.0,2901.0,153.0,2.0,2902.0,153.1,1378135.0,1278405.0
2021-12-06,Northern Ireland,1635.0,329818.0,25.0,14908.0,418.0,28.0,22134.0,5592633.0,1.0,2902.0,153.1,5.0,2907.0,153.4,1379165.0,1279456.0
2021-12-07,Northern Ireland,1658.0,331476.0,27.0,14935.0,414.0,28.0,28733.0,5621366.0,5.0,2907.0,153.4,5.0,2912.0,153.6,1380512.0,1280350.0
2021-12-08,Northern Ireland,1933.0,333409.0,26.0,14961.0,411.0,34.0,30036.0,5651402.0,5.0,2912.0,153.6,3.0,2915.0,153.8,1382138.0,1281400.0
2021-12-09,Northern Ireland,1819.0,335228.0,23.0,14984.0,392.0,30.0,32644.0,5684046.0,4.0,2916.0,153.8,4.0,2919.0,154.0,1383679.0,1282373.0
2021-12-10,Northern Ireland,1806.0,337034.0,20.0,15004.0,379.0,31.0,29180.0,5713226.0,2.0,2918.0,153.9,2.0,2921.0,154.1,1384734.0,1283220.0
2021-12-11,Northern Ireland,1446.0,338480.0,26.0,15030.0,391.0,30.0,28689.0,5741915.0,3.0,2921.0,154.1,3.0,2924.0,154.3,1385295.0,1283759.0
2021-12-12,Northern Ireland,1548.0,340028.0,26.0,15056.0,400.0,32.0,24843.0,5766758.0,3.0,2924.0,154.3,3.0,2927.0,154.4,1386231.0,1284350.0
2021-12-13,Northern Ireland,1431.0,341459.0,23.0,15079.0,397.0,29.0,25356.0,5792114.0,4.0,2928.0,154.5,3.0,2930.0,154.6,1387504.0,1285566.0
2021-12-14,Northern Ireland,1581.0,343040.0,23.0,15102.0,378.0,27.0,34542.0,5826656.0,4.0,2932.0,154.7,5.0,2935.0,154.8,1388472.0,1286401.0
2021-12-15,Northern Ireland,2156.0,345196.0,29.0,15131.0,378.0,27.0,39584.0,5866240.0,4.0,2936.0,154.9,6.0,2941.0,155.2,1389588.0,1287587.0
2021-12-16,Northern Ireland,2237.0,347433.0,28.0,15159.0,377.0,25.0,39100.0,5905340.0,6.0,2942.0,155.2,3.0,2944.0,155.3,1390570.0,1288937.0
2021-12-17,Northern Ireland,1887.0,349320.0,31.0,15190.0,363.0,24.0,46416.0,5951756.0,3.0,2945.0,155.4,5.0,2949.0,155.6,1391506.0,1289809.0
2021-12-18,Northern Ireland,2075.0,351395.0,17.0,15207.0,357.0,23.0,41223.0,5992979.0,5.0,2950.0,155.6,2.0,2951.0,155.7,1392084.0,1290378.0
2021-12-19,Northern Ireland,1798.0,353193.0,16.0,15223.0,365.0,24.0,33417.0,6026396.0,2.0,2952.0,155.7,1.0,2952.0,155.7,1392640.0,1290988.0
2021-12-20,Northern Ireland,2148.0,355341.0,17.0,15240.0,346.0,23.0,32125.0,6058521.0,1.0,2952.0,155.7,4.0,2956.0,155.9,1393753.0,1292111.0
2021-12-21,Northern Ireland,2096.0,357437.0,29.0,15269.0,344.0,26.0,40447.0,6098968.0,3.0,2955.0,155.9,2.0,2958.0,156.1,1394545.0,1293141.0
2021-12-22,Northern Ireland,3231.0,360668.0,28.0,15297.0,347.0,26.0,43273.0,6142241.0,3.0,2958.0,156.1,1.0,2959.0,156.1,1395685.0,1294004.0
2021-12-23,Northern Ireland,3227.0,363895.0,23.0,15320.0,339.0,26.0,41618.0,6183859.0,1.0,2959.0,156.1,3.0,2962.0,156.3,1396240.0,1294487.0
2021-12-24,Northern Ireland,3286.0,367181.0,28.0,15348.0,331.0,25.0,0.0,6183859.0,3.0,2962.0,156.3,0.0,2962.0,156.3,1396280.0,1294510.0
2021-12-25,Northern Ireland,0.0,367181.0,22.0,15370.0,339.0,28.0,0.0,6183859.0,0.0,2962.0,156.3,4.0,2966.0,156.5,1396280.0,1294511.0
2021-12-26,Northern Ireland,0.0,367181.0,28.0,15398.0,354.0,25.0,0.0,6183859.0,0.0,2962.0,156.3,2.0,2968.0,156.6,1396406.0,1294604.0
2021-12-27,Northern Ireland,0.0,367181.0,43.0,15441.0,387.0,26.0,0.0,6183859.0,0.0,2962.0,156.3,3.0,2971.0,156.7,1396997.0,1294883.0
2021-12-28,Northern Ireland,0.0,367181.0,34.0,15475.0,398.0,25.0,187118.0,6370977.0,0.0,2962.0,156.3,4.0,2975.0,156.9,1397846.0,1295315.0
2021-12-29,Northern Ireland,22972.0,390153.0,44.0,15519.0,412.0,29.0,36317.0,6407294.0,14.0,2976.0,157.0,4.0,2979.0,157.2,1398342.0,1295873.0
2021-12-30,Northern Ireland,4701.0,394854.0,44.0,15563.0,422.0,24.0,43409.0,6450703.0,3.0,2979.0,157.2,0.0,2979.0,157.2,1398978.0,1296369.0
2021-12-31,Northern Ireland,7215.0,402069.0,52.0,15615.0,434.0,25.0,0.0,6450703.0,1.0,2980.0,157.2,3.0,2982.0,157.3,1399070.0,1296530.0
2022-01-01,Northern Ireland,0.0,402069.0,39.0,15654.0,457.0,25.0,0.0,6450703.0,0.0,2980.0,157.2,4.0,2986.0,157.5,1399141.0,1296598.0
2022-01-02,Northern Ireland,0.0,402069.0,36.0,15690.0,472.0,25.0,0.0,6450703.0,0.0,2980.0,157.2,4.0,2990.0,157.7,1399465.0,1296881.0
2022-01-03,Northern Ireland,0.0,402069.0,46.0,15736.0,494.0,26.0,172741.0,6623444.0,0.0,2980.0,157.2,3.0,2993.0,157.9,1399866.0,1297302.0
2022-01-04,Northern Ireland,30423.0,432492.0,41.0,15777.0,488.0,25.0,45528.0,6668972.0,15.0,2995.0,158.0,5.0,2998.0,158.2,1400386.0,1297911.0
2022-01-05,Northern Ireland,7133.0,439625.0,52.0,15829.0,500.0,24.0,44831.0,6713803.0,3.0,2998.0,158.2,3.0,3001.0,158.3,1404156.0,1299712.0
2022-01-06,Northern Ireland,6877.0,446502.0,45.0,15874.0,500.0,24.0,45657.0,6759460.0,4.0,3002.0,158.4,2.0,3003.0,158.4,1404659.0,1300341.0
2022-01-07,Northern Ireland,6444.0,452946.0,30.0,15904.0,481.0,26.0,36540.0,6796000.0,0.0,3002.0,158.4,3.0,3006.0,158.6,1405300.0,1300880.0
2022-01-08,Northern Ireland,3458.0,456404.0,29.0,15933.0,479.0,26.0,42845.0,6838845.0,5.0,3007.0,158.6,2.0,3008.0,158.7,1405300.0,1300880.0
2022-01-09,Northern Ireland,3760.0,460164.0,32.0,15965.0,489.0,25.0,30766.0,6869611.0,2.0,3009.0,158.7,7.0,3015.0,159.1,1406273.0,1301486.0
2022-01-10,Northern Ireland,2706.0,462870.0,42.0,16007.0,475.0,22.0,33717.0,6903328.0,6.0,3014.0,159.0,0.0,3015.0,159.1,1406701.0,1301888.0
2022-01-11,Northern Ireland,3420.0,466290.0,31.0,16038.0,458.0,22.0,29103.0,6932431.0,1.0,3015.0,159.1,0.0,3015.0,159.1,1407324.0,1302313.0
2022-01-12,Northern Ireland,2922.0,469212.0,29.0,16067.0,436.0,24.0,33868.0,6966299.0,2.0,3017.0,159.2,11.0,3026.0,159.6,1407989.0,1302751.0
2022-01-13,Northern Ireland,2980.0,472192.0,16.0,16083.0,402.0,22.0,35382.0,7001681.0,14.0,3031.0,159.9,8.0,3034.0,160.1,1408771.0,1303385.0
2022-01-14,Northern Ireland,2954.0,475146.0,,,,25.0,,,4.0,3035.0,160.1,,,,,
2020-01-31,England,2.0,2.0,,,,,,,,,,,,,,
2020-02-01,England,0.0,2.0,,,,,,,,,,,,,,
2020-02-02,England,0.0,2.0,,,,,,,,,,,,,,
2020-02-03,England,0.0,2.0,,,,,,,,,,,,,,
2020-02-04,England,0.0,2.0,,,,,,,,,,,,,,
2020-02-05,England,0.0,2.0,,,,,,,,,,,,,,
2020-02-06,England,1.0,3.0,,,,,,,,,,,,,,
2020-02-07,England,0.0,3.0,,,,,,,,,,,,,,
2020-02-08,England,0.0,3.0,,,,,,,,,,,,,,
2020-02-09,England,1.0,4.0,,,,,,,,,,,,,,
2020-02-10,England,4.0,8.0,,,,,,,,,,,,,,
2020-02-11,England,0.0,8.0,,,,,,,,,,,,,,
2020-02-12,England,0.0,8.0,,,,,,,,,,,,,,
2020-02-13,England,1.0,9.0,,,,,,,,,,,,,,
2020-02-14,England,0.0,9.0,,,,,,,,,,,,,,
2020-02-15,England,0.0,9.0,,,,,,,,,,,,,,
2020-02-16,England,0.0,9.0,,,,,,,,,,,,,,
2020-02-17,England,0.0,9.0,,,,,,,,,,,,,,
2020-02-18,England,0.0,9.0,,,,,,,,,,,,,,
2020-02-19,England,0.0,9.0,,,,,,,,,,,,,,
2020-02-20,England,0.0,9.0,,,,,,,,,,,,,,
2020-02-21,England,0.0,9.0,,,,,,,,,,,,,,
2020-02-22,England,0.0,9.0,,,,,,,,,,,,,,
2020-02-23,England,0.0,9.0,,,,,,,,,,,,,,
2020-02-24,England,4.0,13.0,,,,,,,,,,,,,,
2020-02-25,England,0.0,13.0,,,,,,,,,,,,,,
2020-02-26,England,0.0,13.0,,,,,,,,,,,,,,
2020-02-27,England,0.0,13.0,,,,,,,,,,,,,,
2020-02-28,England,5.0,18.0,,,,,,,,,,,,,,
2020-02-29,England,3.0,21.0,,,,,,,,,,,,,,
2020-03-01,England,12.0,33.0,,,,,,,,,,,,,,
2020-03-02,England,4.0,37.0,,,,,,,,,,1.0,1.0,,,
2020-03-03,England,11.0,48.0,,,,,,,,,,2.0,3.0,,,
2020-03-04,England,32.0,80.0,,,,,,,,,,0.0,3.0,,,
2020-03-05,England,25.0,105.0,,,,,,,,,,3.0,6.0,,,
2020-03-06,England,39.0,144.0,,,,,,,1.0,1.0,,0.0,6.0,,,
2020-03-07,England,39.0,183.0,,,,,,,1.0,2.0,,0.0,6.0,,,
2020-03-08,England,58.0,241.0,,,,,,,0.0,2.0,,3.0,9.0,,,
2020-03-09,England,40.0,282.0,,,,,,,1.0,3.0,,5.0,14.0,,,
2020-03-10,England,46.0,324.0,,,,,,,4.0,7.0,,3.0,17.0,,,
2020-03-11,England,63.0,387.0,,,,,,,0.0,7.0,,8.0,25.0,,,
2020-03-12,England,99.0,486.0,,,,,,,2.0,9.0,,12.0,37.0,0.1,,
2020-03-13,England,159.0,645.0,,,,,,,1.0,10.0,,16.0,53.0,0.1,,
2020-03-14,England,201.0,846.0,,,,,,,18.0,28.0,,20.0,73.0,0.1,,
2020-03-15,England,253.0,1099.0,,,,,,,14.0,42.0,0.1,32.0,105.0,0.2,,
2020-03-16,England,97.0,1196.0,,,,,,,22.0,64.0,0.1,43.0,148.0,0.3,,
2020-03-17,England,361.0,1557.0,,,,,,,15.0,79.0,0.1,50.0,198.0,0.4,,
2020-03-18,England,625.0,2182.0,,,,,,,33.0,112.0,0.2,67.0,265.0,0.5,,
2020-03-19,England,574.0,2756.0,586.0,586.0,,,,,42.0,154.0,0.3,67.0,332.0,0.6,,
2020-03-20,England,628.0,3384.0,691.0,1277.0,1580.0,,,,32.0,186.0,0.3,102.0,434.0,0.8,,
2020-03-21,England,873.0,4257.0,777.0,2054.0,2152.0,,,,54.0,240.0,0.4,116.0,550.0,1.0,,
2020-03-22,England,535.0,4792.0,859.0,2913.0,2670.0,,,,24.0,264.0,0.5,153.0,703.0,1.2,,
2020-03-23,England,793.0,5585.0,1128.0,4041.0,3183.0,,,,67.0,331.0,0.6,173.0,876.0,1.5,,
2020-03-24,England,1258.0,6843.0,1544.0,5585.0,3598.0,,,,143.0,474.0,0.8,219.0,1095.0,1.9,,
2020-03-25,England,1130.0,7973.0,1755.0,7340.0,4402.0,,,,178.0,652.0,1.2,278.0,1373.0,2.4,,
2020-03-26,England,1809.0,9782.0,1639.0,8979.0,5226.0,,,,169.0,821.0,1.5,337.0,1710.0,3.0,,
2020-03-27,England,2506.0,12288.0,1931.0,10910.0,6462.0,,,,271.0,1092.0,1.9,374.0,2084.0,3.7,,
2020-03-28,England,2139.0,14427.0,1873.0,12783.0,7269.0,,,,279.0,1371.0,2.4,384.0,2468.0,4.4,,
2020-03-29,England,2060.0,16487.0,2186.0,14969.0,8424.0,,,,195.0,1566.0,2.8,464.0,2932.0,5.2,,
2020-03-30,England,2107.0,18594.0,2817.0,17786.0,9852.0,,,,353.0,1919.0,3.4,541.0,3473.0,6.1,,
2020-03-31,England,2414.0,21008.0,2447.0,20233.0,11154.0,,,,368.0,2287.0,4.0,603.0,4076.0,7.2,,
2020-04-01,England,3630.0,24638.0,3099.0,23332.0,12059.0,,,,613.0,2900.0,5.1,698.0,4774.0,8.4,,
2020-04-02,England,3583.0,28221.0,2932.0,26264.0,12135.0,1494.0,,,603.0,3503.0,6.2,732.0,5506.0,9.7,,
2020-04-03,England,3576.0,31797.0,2564.0,28828.0,13635.0,1788.0,,,654.0,4157.0,7.4,743.0,6249.0,11.1,,
2020-04-04,England,2910.0,34707.0,2593.0,31421.0,15469.0,1950.0,,,689.0,4846.0,8.6,838.0,7087.0,12.5,,
2020-04-05,England,5107.0,39814.0,2592.0,34013.0,16657.0,2097.0,,,578.0,5424.0,9.6,829.0,7916.0,14.0,,
2020-04-06,England,3176.0,42990.0,2679.0,36692.0,17154.0,2264.0,,,531.0,5955.0,10.5,806.0,8722.0,15.4,,
2020-04-07,England,2978.0,45968.0,2744.0,39436.0,17814.0,2472.0,,,1009.0,6964.0,12.3,910.0,9632.0,17.0,,
2020-04-08,England,4788.0,50756.0,2619.0,42055.0,18152.0,2561.0,,,922.0,7886.0,13.9,976.0,10608.0,18.8,,
2020-04-09,England,3798.0,54554.0,2340.0,44395.0,18423.0,2546.0,,,990.0,8876.0,15.7,874.0,11482.0,20.3,,
2020-04-10,England,4263.0,58817.0,2196.0,46591.0,18669.0,2820.0,,,1035.0,9911.0,17.5,850.0,12332.0,21.8,,
2020-04-11,England,3841.0,62658.0,1955.0,48546.0,18604.0,2865.0,,,745.0,10656.0,18.8,864.0,13196.0,23.3,,
2020-04-12,England,3672.0,66330.0,1791.0,50337.0,18974.0,2881.0,,,604.0,11260.0,19.9,857.0,14053.0,24.9,,
2020-04-13,England,2999.0,69329.0,1912.0,52249.0,18621.0,2872.0,,,694.0,11954.0,21.1,805.0,14858.0,26.3,,
2020-04-14,England,3854.0,73183.0,1859.0,54108.0,18552.0,2849.0,,,1007.0,12961.0,22.9,768.0,15626.0,27.6,,
2020-04-15,England,3188.0,76371.0,1608.0,55716.0,17934.0,2847.0,,,730.0,13691.0,24.2,782.0,16408.0,29.0,,
2020-04-16,England,3118.0,79489.0,1777.0,57493.0,17783.0,2838.0,,,906.0,14597.0,25.8,755.0,17163.0,30.4,,
2020-04-17,England,3985.0,83474.0,1674.0,59167.0,16728.0,2780.0,,,826.0,15423.0,27.3,742.0,17905.0,31.7,,
2020-04-18,England,3548.0,87022.0,1411.0,60578.0,16850.0,2868.0,,,1004.0,16427.0,29.0,706.0,18611.0,32.9,,
2020-04-19,England,3607.0,90629.0,1475.0,62053.0,16928.0,2820.0,,,380.0,16807.0,29.7,687.0,19298.0,34.1,,
2020-04-20,England,2401.0,93030.0,1522.0,63575.0,16654.0,2780.0,,,536.0,17343.0,30.7,685.0,19983.0,35.3,,
2020-04-21,England,3087.0,96117.0,1495.0,65070.0,16517.0,2701.0,,,1116.0,18459.0,32.6,651.0,20634.0,36.5,,
2020-04-22,England,3020.0,99137.0,1310.0,66380.0,16018.0,2646.0,,,725.0,19184.0,33.9,643.0,21277.0,37.6,,
2020-04-23,England,3084.0,102221.0,1289.0,67669.0,15402.0,2563.0,,,594.0,19778.0,35.0,595.0,21872.0,38.7,,
2020-04-24,England,3004.0,105225.0,1277.0,68946.0,14642.0,2414.0,,,821.0,20599.0,36.4,603.0,22475.0,39.7,,
2020-04-25,England,2826.0,108051.0,1080.0,70026.0,14202.0,2405.0,,,729.0,21328.0,37.7,555.0,23030.0,40.7,,
2020-04-26,England,2152.0,110203.0,1208.0,71234.0,14174.0,2309.0,,,327.0,21655.0,38.3,560.0,23590.0,41.7,,
2020-04-27,England,2264.0,112467.0,1344.0,72578.0,14255.0,2194.0,,,289.0,21944.0,38.8,505.0,24095.0,42.6,,
2020-04-28,England,1989.0,114456.0,1296.0,73874.0,13565.0,2093.0,,,862.0,22806.0,40.3,499.0,24594.0,43.5,,
2020-04-29,England,1403.0,115859.0,1295.0,75169.0,13224.0,2045.0,,,604.0,23410.0,41.4,494.0,25088.0,44.4,,
2020-04-30,England,2484.0,118343.0,1227.0,76396.0,12922.0,1991.0,,,543.0,23953.0,42.4,484.0,25572.0,45.2,,
2020-05-01,England,2501.0,121006.0,1081.0,77477.0,12623.0,1954.0,,,623.0,24576.0,43.5,479.0,26051.0,46.1,,
2020-05-02,England,2228.0,123234.0,980.0,78457.0,12314.0,1844.0,,,485.0,25061.0,44.3,424.0,26475.0,46.8,,
2020-05-03,England,2019.0,125253.0,1044.0,79501.0,12119.0,1795.0,,,222.0,25283.0,44.7,388.0,26863.0,47.5,,
2020-05-04,England,1485.0,126738.0,1063.0,80564.0,12020.0,1724.0,,,247.0,25530.0,45.1,412.0,27275.0,48.2,,
2020-05-05,England,1842.0,128580.0,959.0,81523.0,11754.0,1662.0,,,639.0,26169.0,46.3,392.0,27667.0,48.9,,
2020-05-06,England,1611.0,130191.0,1040.0,82563.0,11227.0,1610.0,,,529.0,26698.0,47.2,390.0,28057.0,49.6,,
2020-05-07,England,2133.0,132324.0,998.0,83561.0,10726.0,1493.0,,,377.0,27075.0,47.9,399.0,28456.0,50.3,,
2020-05-08,England,1694.0,134018.0,743.0,84304.0,10249.0,1446.0,,,498.0,27573.0,48.8,330.0,28786.0,50.9,,
2020-05-09,England,1349.0,135367.0,798.0,85102.0,10176.0,1398.0,,,226.0,27799.0,49.2,330.0,29116.0,51.5,,
2020-05-10,England,1007.0,136374.0,756.0,85858.0,9893.0,1362.0,,,190.0,27989.0,49.5,300.0,29416.0,52.0,,
2020-05-11,England,891.0,137265.0,866.0,86724.0,10109.0,1316.0,,,174.0,28163.0,49.8,260.0,29676.0,52.5,,
2020-05-12,England,1067.0,138332.0,844.0,87568.0,9791.0,1247.0,,,539.0,28702.0,50.8,275.0,29951.0,53.0,,
2020-05-13,England,1146.0,139478.0,804.0,88372.0,9602.0,1198.0,,,362.0,29064.0,51.4,256.0,30207.0,53.4,,
2020-05-14,England,1189.0,140667.0,763.0,89135.0,9231.0,1162.0,,,303.0,29367.0,51.9,277.0,30484.0,53.9,,
2020-05-15,England,1112.0,141779.0,738.0,89873.0,9079.0,1200.0,,,280.0,29647.0,52.4,269.0,30753.0,54.4,,
2020-05-16,England,1136.0,142915.0,671.0,90544.0,8643.0,1101.0,,,348.0,29995.0,53.0,268.0,31021.0,54.9,,
2020-05-17,England,788.0,143703.0,673.0,91217.0,8611.0,1064.0,,,43.0,30038.0,53.1,223.0,31244.0,55.3,,
2020-05-18,England,816.0,144519.0,733.0,91950.0,8668.0,1010.0,,,134.0,30172.0,53.4,253.0,31497.0,55.7,,
2020-05-19,England,857.0,145376.0,752.0,92702.0,8518.0,976.0,,,447.0,30619.0,54.1,231.0,31728.0,56.1,,
2020-05-20,England,824.0,145808.0,732.0,93434.0,8115.0,921.0,,,259.0,30878.0,54.6,234.0,31962.0,56.5,,
2020-05-21,England,854.0,146662.0,715.0,94149.0,7903.0,894.0,,,220.0,31098.0,55.0,201.0,32163.0,56.9,,
2020-05-22,England,1083.0,147745.0,638.0,94787.0,7761.0,852.0,,,257.0,31355.0,55.4,195.0,32358.0,57.2,,
2020-05-23,England,979.0,148724.0,504.0,95291.0,7428.0,815.0,,,197.0,31552.0,55.8,200.0,32558.0,57.6,,
2020-05-24,England,584.0,149308.0,497.0,95788.0,7415.0,786.0,,,362.0,31914.0,56.4,169.0,32727.0,57.9,,
2020-05-25,England,494.0,149802.0,498.0,96286.0,7448.0,771.0,,,86.0,32000.0,56.6,175.0,32902.0,58.2,,
2020-05-26,England,492.0,150294.0,578.0,96864.0,7305.0,756.0,,,105.0,32105.0,56.8,189.0,33091.0,58.5,,
2020-05-27,England,609.0,150903.0,589.0,97453.0,6836.0,696.0,,,396.0,32501.0,57.5,171.0,33262.0,58.8,,
2020-05-28,England,519.0,151422.0,570.0,98023.0,6528.0,663.0,,,315.0,32816.0,58.0,182.0,33444.0,59.1,,
2020-05-29,England,560.0,151982.0,499.0,98522.0,6250.0,630.0,,,246.0,33062.0,58.5,163.0,33607.0,59.4,,
2020-05-30,England,715.0,151856.0,466.0,98988.0,5972.0,628.0,,,117.0,33179.0,58.7,145.0,33752.0,59.7,,
2020-05-31,England,320.0,152176.0,446.0,99434.0,5933.0,606.0,,,39.0,33218.0,58.7,113.0,33865.0,59.9,,
2020-06-01,England,294.0,152470.0,522.0,99956.0,5954.0,584.0,,,79.0,33297.0,58.9,121.0,33986.0,60.1,,
2020-06-02,England,444.0,152914.0,553.0,100509.0,5827.0,553.0,,,228.0,33525.0,59.3,155.0,34141.0,60.4,,
2020-06-03,England,462.0,153376.0,491.0,101000.0,5600.0,523.0,,,218.0,33743.0,59.7,138.0,34279.0,60.6,,
2020-06-04,England,431.0,153807.0,458.0,101458.0,5398.0,494.0,,,112.0,33855.0,59.9,121.0,34400.0,60.8,,
2020-06-05,England,451.0,154258.0,380.0,101838.0,5213.0,481.0,,,239.0,34094.0,60.3,109.0,34509.0,61.0,,
2020-06-06,England,422.0,154680.0,306.0,102144.0,5004.0,473.0,,,126.0,34220.0,60.5,98.0,34607.0,61.2,,
2020-06-07,England,228.0,154908.0,323.0,102467.0,4820.0,448.0,,,49.0,34269.0,60.6,113.0,34720.0,61.4,,
2020-06-08,England,92.0,155000.0,348.0,102815.0,4830.0,443.0,,,44.0,34313.0,60.7,112.0,34832.0,61.6,,
2020-06-09,England,651.0,155651.0,397.0,103212.0,4665.0,427.0,,,179.0,34492.0,61.0,85.0,34917.0,61.7,,
2020-06-10,England,63.0,155714.0,402.0,103614.0,4447.0,384.0,,,143.0,34635.0,61.2,97.0,35014.0,61.9,,
2020-06-11,England,304.0,156018.0,330.0,103944.0,4179.0,334.0,,,64.0,34699.0,61.4,71.0,35085.0,62.0,,
2020-06-12,England,392.0,156410.0,298.0,104242.0,4136.0,336.0,,,117.0,34816.0,61.6,73.0,35158.0,62.2,,
2020-06-13,England,372.0,156782.0,265.0,104507.0,4000.0,339.0,,,94.0,34910.0,61.7,52.0,35210.0,62.3,,
2020-06-14,England,292.0,157074.0,306.0,104813.0,3973.0,343.0,,,23.0,34933.0,61.8,76.0,35286.0,62.4,,
2020-06-15,England,219.0,157293.0,365.0,105178.0,3920.0,327.0,,,25.0,34958.0,61.8,61.0,35347.0,62.5,,
2020-06-16,England,252.0,157545.0,354.0,105532.0,3934.0,327.0,,,106.0,35064.0,62.0,69.0,35416.0,62.6,,
2020-06-17,England,252.0,157797.0,334.0,105866.0,3826.0,300.0,,,90.0,35154.0,62.2,54.0,35470.0,62.7,,
2020-06-18,England,281.0,158078.0,312.0,106178.0,3681.0,299.0,,,60.0,35214.0,62.3,57.0,35527.0,62.8,,
2020-06-19,England,323.0,158401.0,253.0,106431.0,3575.0,283.0,,,73.0,35287.0,62.4,47.0,35574.0,62.9,,
2020-06-20,England,324.0,158725.0,184.0,106615.0,3423.0,297.0,,,67.0,35354.0,62.5,54.0,35628.0,63.0,,
2020-06-21,England,215.0,158940.0,215.0,106830.0,3373.0,265.0,,,30.0,35384.0,62.6,47.0,35675.0,63.1,,
2020-06-22,England,178.0,159118.0,318.0,107148.0,3417.0,296.0,,,13.0,35397.0,62.6,58.0,35733.0,63.2,,
2020-06-23,England,210.0,159328.0,275.0,107423.0,3288.0,266.0,,,84.0,35481.0,62.7,61.0,35794.0,63.3,,
2020-06-24,England,107.0,159435.0,262.0,107685.0,3223.0,264.0,,,74.0,35555.0,62.9,67.0,35861.0,63.4,,
2020-06-25,England,261.0,159696.0,256.0,107941.0,3066.0,236.0,,,91.0,35646.0,63.0,58.0,35919.0,63.5,,
2020-06-26,England,175.0,159958.0,248.0,108189.0,2859.0,226.0,,,76.0,35722.0,63.2,37.0,35956.0,63.6,,
2020-06-27,England,192.0,160150.0,209.0,108398.0,2819.0,233.0,,,34.0,35756.0,63.2,39.0,35995.0,63.7,,
2020-06-28,England,142.0,160292.0,155.0,108553.0,2818.0,236.0,,,28.0,35784.0,63.3,42.0,36037.0,63.7,,
2020-06-29,England,99.0,160391.0,172.0,108725.0,3024.0,228.0,,,17.0,35801.0,63.3,34.0,36071.0,63.8,,
2020-06-30,England,196.0,160587.0,189.0,108914.0,2665.0,238.0,,,47.0,35848.0,63.4,43.0,36114.0,63.9,,
2020-07-01,England,177.0,160764.0,201.0,109115.0,2509.0,220.0,,,90.0,35938.0,63.6,22.0,36136.0,63.9,,
2020-07-02,England,523.0,243910.0,149.0,109264.0,2410.0,211.0,,,31.0,35969.0,63.6,40.0,36176.0,64.0,,
2020-07-03,England,502.0,244412.0,146.0,109410.0,2294.0,202.0,,,45.0,36014.0,63.7,26.0,36202.0,64.0,,
2020-07-04,England,579.0,244991.0,120.0,109530.0,2152.0,186.0,,,27.0,36041.0,63.7,31.0,36233.0,64.1,,
2020-07-05,England,492.0,245483.0,131.0,109661.0,2100.0,190.0,,,18.0,36059.0,63.8,24.0,36257.0,64.1,,
2020-07-06,England,331.0,245814.0,150.0,109811.0,2099.0,188.0,,,11.0,36070.0,63.8,33.0,36290.0,64.2,,
2020-07-07,England,572.0,246386.0,148.0,109959.0,2010.0,178.0,,,50.0,36120.0,63.9,26.0,36316.0,64.2,,
2020-07-08,England,606.0,246992.0,141.0,110100.0,1888.0,164.0,,,52.0,36172.0,64.0,23.0,36339.0,64.3,,
2020-07-09,England,617.0,247609.0,136.0,110236.0,1801.0,167.0,,,29.0,36201.0,64.0,35.0,36374.0,64.3,,
2020-07-10,England,480.0,248089.0,104.0,110340.0,1746.0,162.0,,,34.0,36235.0,64.1,21.0,36395.0,64.4,,
2020-07-11,England,806.0,248895.0,97.0,110437.0,1640.0,152.0,,,16.0,36251.0,64.1,20.0,36415.0,64.4,,
2020-07-12,England,615.0,249510.0,72.0,110509.0,1611.0,139.0,,,9.0,36260.0,64.1,12.0,36427.0,64.4,,
2020-07-13,England,497.0,250007.0,137.0,110646.0,1612.0,138.0,75439.0,7550035.0,8.0,36268.0,64.1,22.0,36449.0,64.5,,
2020-07-14,England,372.0,250379.0,122.0,110768.0,1506.0,123.0,113811.0,7664742.0,42.0,36310.0,64.2,20.0,36469.0,64.5,,
2020-07-15,England,506.0,250885.0,116.0,110884.0,1489.0,136.0,130153.0,7798382.0,24.0,36334.0,64.3,20.0,36489.0,64.5,,
2020-07-16,England,597.0,251482.0,114.0,110998.0,1348.0,118.0,143120.0,7941801.0,23.0,36357.0,64.3,12.0,36501.0,64.5,,
2020-07-17,England,635.0,252117.0,83.0,111081.0,1346.0,122.0,150355.0,8092596.0,25.0,36382.0,64.3,18.0,36519.0,64.6,,
2020-07-18,England,796.0,252913.0,48.0,111129.0,1321.0,118.0,111210.0,8203983.0,9.0,36391.0,64.4,14.0,36533.0,64.6,,
2020-07-19,England,672.0,253585.0,72.0,111201.0,1301.0,119.0,88553.0,8292537.0,10.0,36401.0,64.4,14.0,36547.0,64.6,,
2020-07-20,England,535.0,254120.0,86.0,111287.0,1278.0,112.0,78789.0,8372370.0,10.0,36411.0,64.4,12.0,36559.0,64.6,,
2020-07-21,England,399.0,254519.0,79.0,111366.0,1188.0,106.0,117233.0,8489603.0,25.0,36436.0,64.4,19.0,36578.0,64.7,,
2020-07-22,England,519.0,255038.0,82.0,111448.0,1305.0,97.0,123219.0,8612822.0,16.0,36452.0,64.5,16.0,36594.0,64.7,,
2020-07-23,England,702.0,255740.0,109.0,111557.0,1095.0,101.0,119536.0,8732347.0,9.0,36461.0,64.5,16.0,36610.0,64.7,,
2020-07-24,England,688.0,256428.0,93.0,111650.0,1018.0,92.0,129726.0,8862691.0,32.0,36493.0,64.5,6.0,36616.0,64.7,,
2020-07-25,England,710.0,257138.0,65.0,111715.0,977.0,82.0,121177.0,8983866.0,15.0,36508.0,64.6,13.0,36629.0,64.8,,
2020-07-26,England,721.0,257859.0,64.0,111779.0,965.0,81.0,89686.0,9075842.0,7.0,36515.0,64.6,14.0,36643.0,64.8,,
2020-07-27,England,616.0,258475.0,82.0,111861.0,945.0,83.0,74300.0,9150142.0,3.0,36518.0,64.6,10.0,36653.0,64.8,,
2020-07-28,England,547.0,259022.0,69.0,111930.0,944.0,78.0,122852.0,9272994.0,21.0,36539.0,64.6,10.0,36663.0,64.8,,
2020-07-29,England,700.0,259722.0,63.0,111993.0,927.0,72.0,131004.0,9404187.0,29.0,36568.0,64.7,8.0,36671.0,64.8,,
2020-07-30,England,812.0,260534.0,75.0,112068.0,898.0,70.0,139459.0,9544071.0,0.0,36568.0,64.7,8.0,36679.0,64.9,,
2020-07-31,England,814.0,261348.0,55.0,112123.0,870.0,71.0,130267.0,9674338.0,14.0,36582.0,64.7,10.0,36689.0,64.9,,
2020-08-01,England,722.0,262070.0,50.0,112173.0,879.0,74.0,118567.0,9793134.0,11.0,36593.0,64.7,9.0,36698.0,64.9,,
2020-08-02,England,676.0,262746.0,57.0,112230.0,847.0,72.0,106765.0,9901127.0,2.0,36595.0,64.7,8.0,36706.0,64.9,,
2020-08-03,England,856.0,263602.0,74.0,112304.0,842.0,67.0,115267.0,10016394.0,1.0,36596.0,64.7,14.0,36720.0,64.9,,
2020-08-04,England,617.0,264219.0,58.0,112362.0,807.0,65.0,128983.0,10146411.0,17.0,36613.0,64.7,10.0,36730.0,65.0,,
2020-08-05,England,804.0,265023.0,60.0,112422.0,805.0,63.0,135562.0,10282965.0,12.0,36625.0,64.8,3.0,36733.0,65.0,,
2020-08-06,England,826.0,265849.0,52.0,112474.0,756.0,61.0,147556.0,10431248.0,15.0,36640.0,64.8,9.0,36742.0,65.0,,
2020-08-07,England,796.0,266645.0,60.0,112534.0,711.0,57.0,141601.0,10572849.0,5.0,36645.0,64.8,7.0,36749.0,65.0,,
2020-08-08,England,679.0,267324.0,78.0,112612.0,650.0,55.0,130547.0,10703396.0,2.0,36647.0,64.8,11.0,36760.0,65.0,,
2020-08-09,England,988.0,268312.0,53.0,112665.0,611.0,56.0,129513.0,10833626.0,5.0,36652.0,64.8,8.0,36768.0,65.0,,
2020-08-10,England,699.0,269011.0,50.0,112715.0,714.0,60.0,119028.0,10953254.0,17.0,36669.0,64.8,11.0,36779.0,65.0,,
2020-08-11,England,1035.0,270046.0,63.0,112778.0,672.0,63.0,131916.0,11085358.0,11.0,36680.0,64.9,10.0,36789.0,65.1,,
2020-08-12,England,925.0,270971.0,51.0,112829.0,642.0,68.0,155059.0,11242035.0,15.0,36695.0,64.9,6.0,36795.0,65.1,,
2020-08-13,England,1059.0,272030.0,60.0,112889.0,652.0,64.0,140705.0,11383927.0,18.0,36713.0,64.9,7.0,36802.0,65.1,,
2020-08-14,England,1284.0,273314.0,55.0,112944.0,642.0,63.0,147324.0,11531251.0,10.0,36723.0,64.9,6.0,36808.0,65.1,,
2020-08-15,England,934.0,274248.0,38.0,112982.0,630.0,68.0,153610.0,11684898.0,2.0,36725.0,64.9,11.0,36819.0,65.1,,
2020-08-16,England,952.0,275200.0,39.0,113021.0,634.0,69.0,142809.0,11829555.0,3.0,36728.0,64.9,4.0,36823.0,65.1,,
2020-08-17,England,634.0,275834.0,46.0,113067.0,626.0,67.0,123659.0,11953250.0,3.0,36731.0,65.0,12.0,36835.0,65.1,,
2020-08-18,England,975.0,276809.0,56.0,113123.0,597.0,64.0,139115.0,12092439.0,11.0,36742.0,65.0,7.0,36842.0,65.1,,
2020-08-19,England,707.0,277516.0,58.0,113181.0,571.0,63.0,155714.0,12250812.0,15.0,36757.0,65.0,2.0,36844.0,65.2,,
2020-08-20,England,1035.0,278551.0,45.0,113226.0,551.0,64.0,153990.0,12403075.0,6.0,36763.0,65.0,8.0,36852.0,65.2,,
2020-08-21,England,908.0,279459.0,49.0,113275.0,528.0,64.0,161792.0,12564970.0,2.0,36765.0,65.0,7.0,36859.0,65.2,,
2020-08-22,England,1060.0,280519.0,25.0,113300.0,594.0,66.0,143117.0,12708087.0,17.0,36782.0,65.0,6.0,36865.0,65.2,,
2020-08-23,England,938.0,281457.0,44.0,113344.0,522.0,65.0,136407.0,12845106.0,4.0,36786.0,65.1,13.0,36878.0,65.2,,
2020-08-24,England,758.0,282215.0,41.0,113385.0,522.0,62.0,114923.0,12960042.0,3.0,36789.0,65.1,5.0,36883.0,65.2,,
2020-08-25,England,1065.0,283280.0,60.0,113445.0,500.0,62.0,135380.0,13116570.0,16.0,36805.0,65.1,11.0,36894.0,65.2,,
2020-08-26,England,875.0,284155.0,52.0,113497.0,485.0,55.0,154171.0,13272146.0,13.0,36818.0,65.1,11.0,36905.0,65.3,,
2020-08-27,England,1350.0,285505.0,69.0,113566.0,492.0,62.0,158514.0,13442759.0,10.0,36828.0,65.1,8.0,36913.0,65.3,,
2020-08-28,England,1106.0,286611.0,44.0,113610.0,469.0,52.0,143684.0,13587105.0,9.0,36837.0,65.1,8.0,36921.0,65.3,,
2020-08-29,England,891.0,287502.0,52.0,113662.0,478.0,56.0,134728.0,13721833.0,12.0,36849.0,65.2,5.0,36926.0,65.3,,
2020-08-30,England,1487.0,288989.0,38.0,113700.0,479.0,52.0,131938.0,13853771.0,1.0,36850.0,65.2,6.0,36932.0,65.3,,
2020-08-31,England,1149.0,290138.0,52.0,113752.0,495.0,54.0,129093.0,13982864.0,2.0,36852.0,65.2,7.0,36939.0,65.3,,
2020-09-01,England,1041.0,291179.0,58.0,113810.0,496.0,59.0,128278.0,14111009.0,2.0,36854.0,65.2,2.0,36941.0,65.3,,
2020-09-02,England,1239.0,292418.0,79.0,113889.0,451.0,59.0,153341.0,14264581.0,7.0,36861.0,65.2,8.0,36949.0,65.3,,
2020-09-03,England,1507.0,293925.0,69.0,113958.0,468.0,58.0,156472.0,14422113.0,11.0,36872.0,65.2,6.0,36955.0,65.3,,
2020-09-04,England,1669.0,295594.0,67.0,114025.0,474.0,54.0,167091.0,14588153.0,9.0,36881.0,65.2,6.0,36961.0,65.4,,
2020-09-05,England,1477.0,297071.0,94.0,114119.0,471.0,50.0,138964.0,14727117.0,11.0,36892.0,65.2,12.0,36973.0,65.4,,
2020-09-06,England,2576.0,299647.0,85.0,114204.0,483.0,52.0,146110.0,14873192.0,2.0,36894.0,65.2,8.0,36981.0,65.4,,
2020-09-07,England,2528.0,302175.0,84.0,114288.0,555.0,62.0,153403.0,15026604.0,2.0,36896.0,65.2,13.0,36994.0,65.4,,
2020-09-08,England,2094.0,304269.0,99.0,114387.0,535.0,64.0,164626.0,15218915.0,27.0,36923.0,65.3,9.0,37003.0,65.4,,
2020-09-09,England,2286.0,306555.0,136.0,114523.0,557.0,64.0,178198.0,15402472.0,8.0,36931.0,65.3,9.0,37012.0,65.4,,
2020-09-10,England,2578.0,309133.0,143.0,114666.0,572.0,62.0,198710.0,15609930.0,13.0,36944.0,65.3,12.0,37024.0,65.5,,
2020-09-11,England,3143.0,312276.0,135.0,114801.0,622.0,129.0,209405.0,15859088.0,6.0,36950.0,65.3,10.0,37034.0,65.5,,
2020-09-12,England,3008.0,315284.0,143.0,114944.0,663.0,70.0,188445.0,16047533.0,9.0,36959.0,65.4,18.0,37052.0,65.5,,
2020-09-13,England,2837.0,318121.0,153.0,115097.0,691.0,74.0,186464.0,16233997.0,5.0,36964.0,65.4,14.0,37066.0,65.5,,
2020-09-14,England,2259.0,320380.0,172.0,115269.0,812.0,88.0,183010.0,16417102.0,7.0,36971.0,65.4,17.0,37083.0,65.6,,
2020-09-15,England,2649.0,323029.0,194.0,115463.0,891.0,101.0,200210.0,16618443.0,25.0,36996.0,65.4,15.0,37098.0,65.6,,
2020-09-16,England,3396.0,326425.0,183.0,115646.0,929.0,107.0,207516.0,16829078.0,17.0,37013.0,65.5,22.0,37120.0,65.6,,
2020-09-17,England,2788.0,329213.0,199.0,115845.0,984.0,108.0,205264.0,17035735.0,18.0,37031.0,65.5,24.0,37144.0,65.7,,
2020-09-18,England,3771.0,332984.0,205.0,116050.0,1020.0,115.0,217362.0,17254073.0,23.0,37054.0,65.5,21.0,37165.0,65.7,,
2020-09-19,England,3638.0,336622.0,204.0,116254.0,1081.0,123.0,212982.0,17467055.0,22.0,37076.0,65.6,18.0,37183.0,65.8,,
2020-09-20,England,3279.0,339901.0,237.0,116491.0,1174.0,142.0,192119.0,17659174.0,18.0,37094.0,65.6,28.0,37211.0,65.8,,
2020-09-21,England,3754.0,343655.0,275.0,116766.0,1299.0,154.0,166199.0,17825373.0,9.0,37103.0,65.6,24.0,37235.0,65.8,,
2020-09-22,England,4187.0,347842.0,268.0,117034.0,1378.0,179.0,194493.0,17996172.0,36.0,37139.0,65.7,35.0,37270.0,65.9,,
2020-09-23,England,5083.0,352925.0,314.0,117348.0,1439.0,192.0,205663.0,18202815.0,33.0,37172.0,65.7,52.0,37322.0,66.0,,
2020-09-24,England,5632.0,358557.0,288.0,117636.0,1546.0,209.0,216636.0,18432500.0,37.0,37209.0,65.8,33.0,37355.0,66.1,,
2020-09-25,England,5723.0,364280.0,274.0,117910.0,1686.0,227.0,227056.0,18660979.0,31.0,37240.0,65.9,29.0,37384.0,66.1,,
2020-09-26,England,4639.0,368919.0,245.0,118155.0,1689.0,223.0,202975.0,18863954.0,30.0,37270.0,65.9,35.0,37419.0,66.2,,
2020-09-27,England,4800.0,373719.0,241.0,118396.0,1793.0,233.0,198479.0,19062433.0,16.0,37286.0,65.9,42.0,37461.0,66.2,,
2020-09-28,England,3316.0,377035.0,308.0,118704.0,1955.0,245.0,173952.0,19236863.0,13.0,37299.0,66.0,47.0,37508.0,66.3,,
2020-09-29,England,5651.0,382686.0,310.0,119014.0,1954.0,259.0,184624.0,19435313.0,68.0,37367.0,66.1,43.0,37551.0,66.4,,
2020-09-30,England,5656.0,388342.0,328.0,119342.0,2036.0,282.0,210071.0,19648311.0,62.0,37429.0,66.2,48.0,37599.0,66.5,,
2020-10-01,England,5589.0,393931.0,368.0,119710.0,2069.0,285.0,208390.0,19861877.0,48.0,37477.0,66.3,55.0,37654.0,66.6,,
2020-10-02,England,4797.0,398728.0,371.0,120081.0,2180.0,311.0,214467.0,20076627.0,58.0,37535.0,66.4,64.0,37718.0,66.7,,
2020-10-03,England,10806.0,409534.0,386.0,120467.0,2290.0,307.0,226193.0,20302820.0,39.0,37574.0,66.4,55.0,37773.0,66.8,,
2020-10-04,England,21309.0,430843.0,478.0,120945.0,2435.0,310.0,191426.0,20494246.0,32.0,37606.0,66.5,54.0,37827.0,66.9,,
2020-10-05,England,10685.0,441528.0,472.0,121417.0,2705.0,331.0,204621.0,20699130.0,19.0,37625.0,66.5,59.0,37886.0,67.0,,
2020-10-06,England,12648.0,454176.0,524.0,121941.0,2903.0,349.0,206933.0,20907357.0,63.0,37688.0,66.6,62.0,37948.0,67.1,,
2020-10-07,England,11528.0,465704.0,491.0,122432.0,3066.0,376.0,203908.0,21112752.0,65.0,37753.0,66.8,81.0,38029.0,67.2,,
2020-10-08,England,14952.0,480656.0,513.0,122945.0,3179.0,368.0,232969.0,21364067.0,70.0,37823.0,66.9,76.0,38105.0,67.4,,
2020-10-09,England,10772.0,491428.0,544.0,123489.0,3238.0,367.0,242852.0,21606919.0,79.0,37902.0,67.0,67.0,38172.0,67.5,,
2020-10-10,England,12628.0,504056.0,515.0,124004.0,3369.0,396.0,219767.0,21826686.0,54.0,37956.0,67.1,90.0,38262.0,67.7,,
2020-10-11,England,10383.0,514439.0,628.0,124632.0,3604.0,401.0,207072.0,22033758.0,62.0,38018.0,67.2,103.0,38365.0,67.8,,
2020-10-12,England,11647.0,526086.0,664.0,125296.0,3827.0,426.0,164177.0,22200070.0,43.0,38061.0,67.3,96.0,38461.0,68.0,,
2020-10-13,England,14310.0,540396.0,764.0,126060.0,4105.0,441.0,210548.0,22448420.0,124.0,38185.0,67.5,87.0,38548.0,68.2,,
2020-10-14,England,16132.0,556528.0,706.0,126766.0,4313.0,468.0,242525.0,22696920.0,108.0,38293.0,67.7,101.0,38649.0,68.3,,
2020-10-15,England,16139.0,572667.0,792.0,127558.0,4569.0,482.0,240581.0,22937919.0,111.0,38404.0,67.9,124.0,38773.0,68.6,,
2020-10-16,England,12176.0,584843.0,632.0,128190.0,4854.0,482.0,262139.0,23200081.0,120.0,38524.0,68.1,122.0,38895.0,68.8,,
2020-10-17,England,13299.0,598142.0,785.0,128975.0,5029.0,495.0,239949.0,23440030.0,128.0,38652.0,68.3,162.0,39057.0,69.1,,
2020-10-18,England,14704.0,612846.0,870.0,129845.0,5202.0,504.0,247423.0,23687453.0,59.0,38711.0,68.5,120.0,39177.0,69.3,,
2020-10-19,England,16365.0,629211.0,861.0,130706.0,5644.0,529.0,203636.0,23893339.0,72.0,38783.0,68.6,159.0,39336.0,69.6,,
2020-10-20,England,17814.0,647025.0,925.0,131631.0,6072.0,560.0,224021.0,24119712.0,213.0,38996.0,69.0,171.0,39507.0,69.9,,
2020-10-21,England,22948.0,669973.0,997.0,132628.0,6271.0,572.0,246573.0,24376425.0,144.0,39140.0,69.2,191.0,39698.0,70.2,,
2020-10-22,England,17354.0,687327.0,987.0,133615.0,6345.0,564.0,277346.0,24658684.0,160.0,39300.0,69.5,187.0,39885.0,70.5,,
2020-10-23,England,17116.0,704443.0,997.0,134612.0,6842.0,602.0,275482.0,24934604.0,188.0,39488.0,69.8,188.0,40073.0,70.9,,
2020-10-24,England,19332.0,723775.0,990.0,135602.0,7176.0,632.0,246877.0,25181481.0,141.0,39629.0,70.1,170.0,40243.0,71.2,,
2020-10-25,England,16487.0,740262.0,1186.0,136788.0,7612.0,663.0,254588.0,25436069.0,137.0,39766.0,70.3,206.0,40449.0,71.5,,
2020-10-26,England,17883.0,758145.0,1279.0,138067.0,7856.0,682.0,189688.0,25628254.0,90.0,39856.0,70.5,223.0,40672.0,71.9,,
2020-10-27,England,19629.0,777774.0,1190.0,139257.0,8595.0,743.0,223852.0,25859067.0,322.0,40178.0,71.0,217.0,40889.0,72.3,,
2020-10-28,England,21245.0,799019.0,1239.0,140496.0,9070.0,788.0,251947.0,26111155.0,236.0,40414.0,71.5,238.0,41127.0,72.7,,
2020-10-29,England,19740.0,818759.0,1345.0,141841.0,9127.0,803.0,275782.0,26389237.0,214.0,40628.0,71.8,249.0,41376.0,73.2,,
2020-10-30,England,20821.0,839580.0,1109.0,142950.0,9295.0,801.0,240513.0,26633395.0,226.0,40854.0,72.2,281.0,41657.0,73.7,,
2020-10-31,England,18864.0,858444.0,1240.0,144190.0,9782.0,816.0,245467.0,26881753.0,278.0,41132.0,72.7,278.0,41935.0,74.2,,
2020-11-01,England,20602.0,879046.0,1280.0,145470.0,9623.0,804.0,214702.0,27098370.0,132.0,41264.0,73.0,286.0,42221.0,74.7,,
2020-11-02,England,15860.0,894906.0,1331.0,146801.0,10397.0,883.0,164028.0,27277408.0,125.0,41389.0,73.2,286.0,42507.0,75.2,,
2020-11-03,England,17330.0,912236.0,1246.0,148047.0,10971.0,954.0,219591.0,27502741.0,359.0,41748.0,73.8,291.0,42798.0,75.7,,
2020-11-04,England,21863.0,934099.0,1382.0,149429.0,11037.0,997.0,252074.0,27766926.0,388.0,42136.0,74.5,278.0,43076.0,76.2,,
2020-11-05,England,21137.0,955236.0,1346.0,150775.0,10994.0,986.0,284644.0,28055186.0,297.0,42433.0,75.0,301.0,43377.0,76.7,,
2020-11-06,England,20268.0,975504.0,1182.0,151957.0,11181.0,984.0,297231.0,28352417.0,303.0,42736.0,75.6,333.0,43710.0,77.3,,
2020-11-07,England,21875.0,997379.0,1319.0,153276.0,11514.0,1003.0,275061.0,28627757.0,328.0,43064.0,76.2,333.0,44043.0,77.9,,
2020-11-08,England,18293.0,1015672.0,1488.0,154764.0,11680.0,1017.0,235875.0,28866688.0,127.0,43191.0,76.4,341.0,44384.0,78.5,,
2020-11-09,England,19036.0,1034708.0,1551.0,156315.0,12259.0,1048.0,208913.0,29076450.0,175.0,43366.0,76.7,401.0,44785.0,79.2,,
2020-11-10,England,18622.0,1053330.0,1592.0,157907.0,12033.0,1010.0,249184.0,29325385.0,460.0,43826.0,77.5,319.0,45104.0,79.8,,
2020-11-11,England,19970.0,1073300.0,1711.0,159618.0,12730.0,1081.0,317352.0,29645471.0,478.0,44304.0,78.3,312.0,45416.0,80.3,,
2020-11-12,England,30843.0,1104143.0,1666.0,161284.0,12967.0,1088.0,322226.0,29968565.0,469.0,44773.0,79.2,351.0,45767.0,80.9,,
2020-11-13,England,24540.0,1128683.0,1433.0,162717.0,13328.0,1158.0,324618.0,30293297.0,280.0,45053.0,79.7,357.0,46124.0,81.6,,
2020-11-14,England,24298.0,1152981.0,1388.0,164105.0,13399.0,1162.0,290889.0,30584293.0,396.0,45449.0,80.4,358.0,46482.0,82.2,,
2020-11-15,England,21998.0,1174979.0,1467.0,165572.0,13886.0,1194.0,238240.0,30821244.0,143.0,45592.0,80.6,382.0,46864.0,82.9,,
2020-11-16,England,19423.0,1194402.0,1560.0,167132.0,14313.0,1198.0,191060.0,31031286.0,191.0,45783.0,81.0,358.0,47222.0,83.5,,
2020-11-17,England,17549.0,1211951.0,1491.0,168623.0,14411.0,1228.0,237965.0,31270281.0,518.0,46301.0,81.9,364.0,47586.0,84.1,,
2020-11-18,England,17189.0,1229140.0,1571.0,170194.0,14490.0,1242.0,292040.0,31572690.0,423.0,46724.0,82.6,435.0,48021.0,84.9,,
2020-11-19,England,20291.0,1249431.0,1484.0,171678.0,14479.0,1241.0,314969.0,31895868.0,416.0,47140.0,83.4,398.0,48419.0,85.6,,
2020-11-20,England,17845.0,1267276.0,1316.0,172994.0,14236.0,1241.0,319264.0,32215213.0,436.0,47576.0,84.1,390.0,48809.0,86.3,,
2020-11-21,England,17615.0,1284891.0,1255.0,174249.0,14118.0,1248.0,292050.0,32508077.0,266.0,47842.0,84.6,397.0,49206.0,87.0,,
2020-11-22,England,16668.0,1301559.0,1333.0,175582.0,14354.0,1259.0,204444.0,32716975.0,370.0,48212.0,85.3,406.0,49612.0,87.7,,
2020-11-23,England,13329.0,1314888.0,1385.0,176967.0,14712.0,1299.0,166447.0,32885331.0,194.0,48406.0,85.6,400.0,50012.0,88.4,,
2020-11-24,England,9854.0,1324742.0,1277.0,178244.0,14506.0,1306.0,257557.0,33146589.0,535.0,48941.0,86.5,406.0,50418.0,89.2,,
2020-11-25,England,15893.0,1340635.0,1415.0,179659.0,14240.0,1300.0,275109.0,33420528.0,604.0,49545.0,87.6,425.0,50843.0,89.9,,
2020-11-26,England,14637.0,1355272.0,1198.0,180857.0,13908.0,1264.0,308240.0,33729520.0,411.0,49956.0,88.3,373.0,51216.0,90.6,,
2020-11-27,England,13557.0,1367546.0,1055.0,181912.0,13754.0,1242.0,264297.0,33994087.0,451.0,50407.0,89.1,364.0,51580.0,91.2,,
2020-11-28,England,13323.0,1380869.0,1065.0,182977.0,13208.0,1204.0,250086.0,34244376.0,397.0,50804.0,89.8,383.0,51963.0,91.9,,
2020-11-29,England,10054.0,1390923.0,1215.0,184192.0,13521.0,1214.0,170750.0,34418756.0,194.0,50998.0,90.2,403.0,52366.0,92.6,,
2020-11-30,England,10869.0,1401792.0,1216.0,185408.0,13756.0,1185.0,173094.0,34610898.0,189.0,51187.0,90.5,362.0,52728.0,93.2,,
2020-12-01,England,11618.0,1413410.0,1271.0,186679.0,13507.0,1182.0,251969.0,34869593.0,531.0,51718.0,91.5,346.0,53074.0,93.9,,
2020-12-02,England,13323.0,1426733.0,1262.0,187941.0,13212.0,1149.0,282536.0,35152180.0,555.0,52273.0,92.4,336.0,53410.0,94.4,,
2020-12-03,England,11992.0,1438725.0,1337.0,189278.0,12896.0,1094.0,318015.0,35472701.0,328.0,52601.0,93.0,405.0,53815.0,95.2,,
2020-12-04,England,13412.0,1452137.0,1248.0,190526.0,12987.0,1113.0,317108.0,35789884.0,424.0,53025.0,93.8,412.0,54227.0,95.9,,
2020-12-05,England,12666.0,1464803.0,1186.0,191712.0,12968.0,1086.0,296335.0,36086262.0,344.0,53369.0,94.4,344.0,54571.0,96.5,,
2020-12-06,England,14294.0,1479097.0,1311.0,193023.0,13189.0,1087.0,224576.0,36310883.0,201.0,53570.0,94.7,355.0,54926.0,97.1,,
2020-12-07,England,11623.0,1490720.0,1466.0,194489.0,13616.0,1109.0,177266.0,36490578.0,177.0,53747.0,95.0,354.0,55280.0,97.8,,
2020-12-08,England,10459.0,1501179.0,1528.0,196017.0,13629.0,1118.0,239688.0,36732070.0,538.0,54285.0,96.0,375.0,55655.0,98.4,,
2020-12-09,England,12960.0,1514139.0,1550.0,197567.0,13467.0,1094.0,309634.0,37055554.0,451.0,54736.0,96.8,374.0,56029.0,99.1,,
2020-12-10,England,17622.0,1531761.0,1524.0,199091.0,13796.0,1110.0,329724.0,37385313.0,419.0,55155.0,97.5,378.0,56407.0,99.7,,
2020-12-11,England,17899.0,1549660.0,1450.0,200541.0,13901.0,1117.0,324374.0,37709789.0,353.0,55508.0,98.2,398.0,56805.0,100.5,,
2020-12-12,England,17468.0,1567128.0,1587.0,202128.0,13927.0,1087.0,317246.0,38027054.0,440.0,55948.0,98.9,374.0,57179.0,101.1,,
2020-12-13,England,17164.0,1584292.0,1581.0,203709.0,14460.0,1123.0,273537.0,38300610.0,138.0,56086.0,99.2,365.0,57544.0,101.8,,
2020-12-14,England,17882.0,1602174.0,1746.0,205455.0,15053.0,1127.0,242133.0,38542769.0,194.0,56280.0,99.5,412.0,57956.0,102.5,,
2020-12-15,England,16504.0,1618678.0,1730.0,207185.0,15031.0,1159.0,264953.0,38726685.0,467.0,56747.0,100.3,388.0,58344.0,103.2,,
2020-12-16,England,23432.0,1642110.0,1796.0,208981.0,15465.0,1163.0,254424.0,39071267.0,537.0,57284.0,101.3,354.0,58698.0,103.8,,
2020-12-17,England,22401.0,1664511.0,1873.0,210854.0,15741.0,1188.0,319833.0,39413507.0,438.0,57722.0,102.1,440.0,59138.0,104.6,,
2020-12-18,England,24452.0,1688963.0,1672.0,212526.0,15866.0,1190.0,329643.0,39744167.0,403.0,58125.0,102.8,433.0,59571.0,105.3,,
2020-12-19,England,22775.0,1711738.0,1812.0,214338.0,16183.0,1239.0,386407.0,40130716.0,441.0,58566.0,103.6,412.0,59983.0,106.1,,
2020-12-20,England,32155.0,1743893.0,1976.0,216314.0,16633.0,1267.0,352837.0,40483652.0,241.0,58807.0,104.0,430.0,60413.0,106.8,,
2020-12-21,England,28742.0,1772635.0,2115.0,218429.0,17709.0,1327.0,361195.0,40854806.0,198.0,59005.0,104.3,496.0,60909.0,107.7,,
2020-12-22,England,32288.0,1804923.0,2203.0,220632.0,18063.0,1339.0,386644.0,41244959.0,608.0,59613.0,105.4,489.0,61398.0,108.6,,
2020-12-23,England,34247.0,1839170.0,1980.0,222612.0,17834.0,1374.0,437996.0,41682805.0,625.0,60238.0,106.5,481.0,61879.0,109.4,,
2020-12-24,England,35561.0,1874731.0,1795.0,224407.0,18227.0,1427.0,418340.0,42101574.0,468.0,60706.0,107.3,487.0,62366.0,110.3,,
2020-12-25,England,31560.0,1906291.0,1952.0,226359.0,17701.0,1437.0,310558.0,42412347.0,570.0,61276.0,108.4,537.0,62903.0,111.2,,
2020-12-26,England,31307.0,1937598.0,2298.0,228657.0,18350.0,1498.0,226824.0,42639717.0,175.0,61451.0,108.7,567.0,63470.0,112.2,,
2020-12-27,England,25619.0,1963217.0,2572.0,231229.0,19277.0,1556.0,319518.0,43028006.0,246.0,61697.0,109.1,576.0,64046.0,113.3,,
2020-12-28,England,36511.0,1999728.0,2795.0,234024.0,20426.0,1641.0,318747.0,43347549.0,322.0,62019.0,109.7,590.0,64636.0,114.3,,
2020-12-29,England,47164.0,2046892.0,2886.0,236910.0,21787.0,1728.0,284345.0,43633433.0,360.0,62379.0,110.3,578.0,65214.0,115.3,,
2020-12-30,England,43554.0,2090446.0,2861.0,239771.0,22713.0,1854.0,349457.0,43985180.0,919.0,63298.0,111.9,626.0,65840.0,116.4,,
2020-12-31,England,49510.0,2139956.0,2536.0,242307.0,22728.0,1899.0,442318.0,44446779.0,820.0,64118.0,113.4,652.0,66492.0,117.6,,
2021-01-01,England,50746.0,2190702.0,3010.0,245317.0,22534.0,1940.0,362497.0,44810228.0,613.0,64731.0,114.5,642.0,67134.0,118.7,,
2021-01-02,England,49248.0,2239950.0,3145.0,248462.0,23557.0,2017.0,349307.0,45160434.0,349.0,65080.0,115.1,670.0,67804.0,119.9,,
2021-01-03,England,46853.0,2286803.0,3351.0,251813.0,24957.0,2181.0,382173.0,45543506.0,392.0,65472.0,115.8,652.0,68456.0,121.1,,
2021-01-04,England,53180.0,2339983.0,3587.0,255400.0,26626.0,2310.0,414432.0,45970065.0,370.0,65842.0,116.4,753.0,69209.0,122.4,,
2021-01-05,England,54940.0,2394923.0,3697.0,259097.0,26467.0,2378.0,439597.0,46416401.0,784.0,66626.0,117.8,820.0,70029.0,123.8,,
2021-01-06,England,56060.0,2450983.0,3967.0,263064.0,27727.0,2550.0,492394.0,46921996.0,884.0,67510.0,119.4,824.0,70853.0,125.3,,
2021-01-07,England,46841.0,2497824.0,3849.0,266913.0,28246.0,2654.0,537119.0,47464304.0,1004.0,68514.0,121.2,888.0,71741.0,126.9,,
2021-01-08,England,61757.0,2559581.0,3549.0,270462.0,29346.0,2814.0,592281.0,48061933.0,1156.0,69670.0,123.2,888.0,72629.0,128.4,,
2021-01-09,England,54257.0,2613838.0,3718.0,274180.0,29462.0,2860.0,482502.0,48546404.0,871.0,70541.0,124.7,928.0,73557.0,130.1,,
2021-01-10,England,50291.0,2664129.0,3571.0,277751.0,30758.0,2963.0,402499.0,48951287.0,498.0,71039.0,125.6,980.0,74537.0,131.8,1959151.0,374613.0
2021-01-11,England,41835.0,2705964.0,3894.0,281645.0,32070.0,3055.0,482894.0,49448154.0,495.0,71534.0,126.5,1004.0,75541.0,133.6,2080280.0,393925.0
2021-01-12,England,41121.0,2747085.0,4134.0,285779.0,32202.0,3175.0,504843.0,49961992.0,1151.0,72685.0,128.5,1091.0,76632.0,135.5,2254556.0,407294.0
2021-01-13,England,42898.0,2789983.0,3840.0,289619.0,32689.0,3307.0,545743.0,50526211.0,1400.0,74085.0,131.0,1101.0,77733.0,137.5,2494371.0,415656.0
2021-01-14,England,44358.0,2834341.0,3678.0,293297.0,32925.0,3351.0,598003.0,51133432.0,1114.0,75199.0,133.0,1089.0,78822.0,139.4,2769164.0,420510.0
2021-01-15,England,50741.0,2885082.0,3295.0,296592.0,33362.0,3464.0,531635.0,51674160.0,1139.0,76338.0,135.0,1101.0,79923.0,141.3,3090058.0,424327.0
2021-01-16,England,37759.0,2922841.0,3569.0,300161.0,32923.0,3525.0,431296.0,52115420.0,1140.0,77478.0,137.0,1171.0,81094.0,143.4,3365492.0,426102.0
2021-01-17,England,35263.0,2958104.0,3424.0,303585.0,33352.0,3533.0,364754.0,52487546.0,598.0,78076.0,138.1,1169.0,82263.0,145.5,3520056.0,427386.0
2021-01-18,England,34134.0,2992238.0,3711.0,307296.0,34336.0,3570.0,510286.0,53024644.0,560.0,78636.0,139.1,1166.0,83429.0,147.5,3687206.0,431136.0
2021-01-19,England,30371.0,3022609.0,3768.0,311064.0,34015.0,3603.0,516094.0,53560651.0,1507.0,80143.0,141.7,1244.0,84673.0,149.7,3985579.0,434125.0
2021-01-20,England,35061.0,3057670.0,3679.0,314743.0,33886.0,3603.0,568125.0,54154227.0,1662.0,81805.0,144.7,1173.0,85846.0,151.8,4303730.0,436848.0
2021-01-21,England,34371.0,3092041.0,3237.0,317980.0,33235.0,3607.0,592060.0,54762360.0,1134.0,82939.0,146.7,1134.0,86980.0,153.8,4661293.0,439182.0
2021-01-22,England,37115.0,3129156.0,3016.0,320996.0,33412.0,3727.0,568070.0,55349125.0,1251.0,84190.0,148.9,1124.0,88104.0,155.8,5085771.0,440300.0
2021-01-23,England,30496.0,3159652.0,2780.0,323776.0,32614.0,3731.0,429003.0,55785096.0,1233.0,85423.0,151.1,1057.0,89161.0,157.7,5529101.0,441074.0
2021-01-24,England,27580.0,3187232.0,2824.0,326600.0,32907.0,3736.0,367638.0,56159234.0,551.0,85974.0,152.0,1040.0,90201.0,159.5,5727693.0,441684.0
2021-01-25,England,20149.0,3207381.0,2648.0,329248.0,32938.0,3694.0,506076.0,56684169.0,548.0,86522.0,153.0,1070.0,91271.0,161.4,5962544.0,443010.0
2021-01-26,England,17920.0,3225301.0,2799.0,332047.0,32337.0,3634.0,546624.0,57251355.0,1520.0,88042.0,155.7,960.0,92231.0,163.1,6221850.0,444011.0
2021-01-27,England,22914.0,3248215.0,2742.0,334789.0,30846.0,3602.0,703483.0,57971693.0,1568.0,89610.0,158.5,1008.0,93239.0,164.9,6473752.0,445101.0
2021-01-28,England,26182.0,3274397.0,2719.0,337508.0,30333.0,3585.0,688218.0,58684869.0,1088.0,90698.0,160.4,1015.0,94254.0,166.7,6816945.0,446372.0
2021-01-29,England,26709.0,3301106.0,2379.0,339887.0,29359.0,3506.0,605879.0,59309674.0,1124.0,91822.0,162.4,944.0,95198.0,168.3,7253305.0,447898.0
2021-01-30,England,21089.0,3322195.0,2193.0,342080.0,28571.0,3486.0,391911.0,59710354.0,1098.0,92920.0,164.3,831.0,96029.0,169.8,7792996.0,458150.0
2021-01-31,England,19054.0,3341249.0,2183.0,344263.0,28112.0,3366.0,531033.0,60272761.0,528.0,93448.0,165.2,810.0,96839.0,171.2,8082355.0,460907.0
2021-02-01,England,16815.0,3358064.0,2347.0,346610.0,28539.0,3414.0,606640.0,60907818.0,368.0,93816.0,165.9,804.0,97643.0,172.7,8362868.0,462503.0
2021-02-02,England,15021.0,3373085.0,2222.0,348832.0,27397.0,3324.0,556388.0,61488425.0,1356.0,95172.0,168.3,759.0,98402.0,174.0,8663041.0,463889.0
2021-02-03,England,17265.0,3390350.0,2096.0,350928.0,26374.0,3328.0,732372.0,62240461.0,1173.0,96345.0,170.4,777.0,99179.0,175.4,9041835.0,466171.0
2021-02-04,England,18529.0,3408879.0,1907.0,352835.0,25334.0,3275.0,726501.0,62996840.0,817.0,97162.0,171.8,648.0,99827.0,176.5,9430261.0,468782.0
2021-02-05,England,17314.0,3426193.0,1757.0,354592.0,24402.0,3217.0,612325.0,63630928.0,892.0,98054.0,173.4,675.0,100502.0,177.7,9831897.0,470723.0
2021-02-06,England,16302.0,3442495.0,1679.0,356271.0,23042.0,3099.0,410657.0,64053637.0,724.0,98778.0,174.7,608.0,101110.0,178.8,10290215.0,471324.0
2021-02-07,England,14466.0,3456961.0,1675.0,357946.0,22991.0,3047.0,538804.0,64612268.0,329.0,99107.0,175.3,567.0,101677.0,179.8,10519729.0,471636.0
2021-02-08,England,12270.0,3469231.0,1739.0,359685.0,23020.0,2980.0,582823.0,65228322.0,304.0,99411.0,175.8,612.0,102289.0,180.9,10771998.0,473055.0
2021-02-09,England,10916.0,3480147.0,1531.0,361216.0,22067.0,2911.0,517303.0,65770710.0,974.0,100385.0,177.5,537.0,102826.0,181.8,11083652.0,475228.0
2021-02-10,England,11551.0,3491698.0,1535.0,362751.0,20926.0,2872.0,691214.0,66491013.0,926.0,101311.0,179.2,541.0,103367.0,182.8,11422507.0,479320.0
2021-02-11,England,12001.0,3503699.0,1440.0,364191.0,19983.0,2780.0,656722.0,67191208.0,594.0,101905.0,180.2,508.0,103875.0,183.7,11809241.0,483966.0
2021-02-12,England,13299.0,3516998.0,1318.0,365509.0,19009.0,2688.0,555439.0,67769293.0,657.0,102562.0,181.4,453.0,104328.0,184.5,12246166.0,487699.0
2021-02-13,England,11697.0,3528695.0,1240.0,366749.0,17694.0,2592.0,342871.0,68125319.0,544.0,103106.0,182.3,432.0,104760.0,185.3,12675663.0,489885.0
2021-02-14,England,9499.0,3538194.0,1364.0,368113.0,17787.0,2611.0,352340.0,68485697.0,228.0,103334.0,182.7,435.0,105195.0,186.0,12862909.0,490722.0
2021-02-15,England,8609.0,3546803.0,1322.0,369435.0,17730.0,2577.0,406430.0,68915662.0,210.0,103544.0,183.1,461.0,105656.0,186.8,13082669.0,492576.0
2021-02-16,England,9236.0,3556039.0,1311.0,370746.0,17093.0,2484.0,431987.0,69372235.0,733.0,104277.0,184.4,395.0,106051.0,187.5,13395338.0,495704.0
2021-02-17,England,10926.0,3566965.0,1233.0,371979.0,16458.0,2393.0,508877.0,69896185.0,638.0,104915.0,185.5,384.0,106435.0,188.2,13817914.0,500201.0
2021-02-18,England,10740.0,3577705.0,1149.0,373128.0,15633.0,2316.0,482967.0,70399316.0,377.0,105292.0,186.2,363.0,106798.0,188.9,14214176.0,504762.0
2021-02-19,England,10296.0,3588001.0,1068.0,374196.0,15018.0,2251.0,460915.0,70878078.0,481.0,105773.0,187.0,316.0,107114.0,189.4,14537978.0,508657.0
2021-02-20,England,8964.0,3596965.0,904.0,375100.0,14316.0,2142.0,351540.0,71239250.0,397.0,106170.0,187.7,302.0,107416.0,189.9,14844087.0,511089.0
2021-02-21,England,8408.0,3605373.0,1009.0,376109.0,14142.0,2122.0,542687.0,71791147.0,190.0,106360.0,188.1,285.0,107701.0,190.5,14958074.0,513435.0
2021-02-22,England,9420.0,3614793.0,980.0,377089.0,14137.0,2072.0,625903.0,72452602.0,165.0,106525.0,188.4,241.0,107942.0,190.9,15113158.0,518779.0
2021-02-23,England,7292.0,3622085.0,976.0,378065.0,13511.0,1956.0,545669.0,73026096.0,483.0,107008.0,189.2,256.0,108198.0,191.3,15398055.0,528360.0
2021-02-24,England,8644.0,3630729.0,874.0,378939.0,13007.0,1931.0,675562.0,73723862.0,380.0,107388.0,189.9,240.0,108438.0,191.8,15794992.0,542569.0
2021-02-25,England,8623.0,3639352.0,832.0,379771.0,12449.0,1866.0,674490.0,74438442.0,266.0,107654.0,190.4,221.0,108659.0,192.1,16227104.0,558737.0
2021-02-26,England,7393.0,3646745.0,718.0,380489.0,11781.0,1808.0,555513.0,75018873.0,300.0,107954.0,190.9,195.0,108854.0,192.5,16679881.0,574963.0
2021-02-27,England,6527.0,3653272.0,624.0,381113.0,11090.0,1747.0,337138.0,75367888.0,254.0,108208.0,191.3,196.0,109050.0,192.8,17051245.0,590547.0
2021-02-28,England,5080.0,3658352.0,662.0,381775.0,10663.0,1630.0,489905.0,75877475.0,115.0,108323.0,191.6,198.0,109248.0,193.2,17212804.0,599935.0
2021-03-01,England,4738.0,3663090.0,704.0,382479.0,10765.0,1658.0,691382.0,76608595.0,99.0,108422.0,191.7,192.0,109440.0,193.5,17373384.0,612567.0
2021-03-02,England,5530.0,3668620.0,683.0,383162.0,10121.0,1556.0,623321.0,77286772.0,307.0,108729.0,192.3,155.0,109595.0,193.8,17554700.0,640219.0
2021-03-03,England,5408.0,3674028.0,607.0,383769.0,9594.0,1507.0,803883.0,78119542.0,264.0,108993.0,192.7,126.0,109721.0,194.0,17785702.0,684220.0
2021-03-04,England,5643.0,3679671.0,596.0,384365.0,9092.0,1454.0,936467.0,79109239.0,202.0,109195.0,193.1,129.0,109850.0,194.3,18106090.0,729265.0
2021-03-05,England,5053.0,3684724.0,487.0,384852.0,8594.0,1417.0,898450.0,80065413.0,211.0,109406.0,193.5,156.0,110006.0,194.5,18491771.0,766500.0
2021-03-06,England,5118.0,3689842.0,528.0,385380.0,8021.0,1326.0,411384.0,80507232.0,135.0,109541.0,193.7,129.0,110135.0,194.8,18875389.0,788188.0
2021-03-07,England,4497.0,3694339.0,461.0,385841.0,7812.0,1273.0,770423.0,81296464.0,61.0,109602.0,193.8,113.0,110248.0,195.0,19015497.0,797321.0
2021-03-08,England,3903.0,3698242.0,501.0,386342.0,7847.0,1236.0,1491126.0,82868998.0,62.0,109664.0,193.9,121.0,110369.0,195.2,19199233.0,821121.0
2021-03-09,England,4894.0,3703136.0,483.0,386825.0,7451.0,1187.0,1322857.0,84306266.0,207.0,109871.0,194.3,113.0,110482.0,195.4,19380360.0,868272.0
2021-03-10,England,4863.0,3707999.0,494.0,387319.0,6975.0,1137.0,1488744.0,85911007.0,156.0,110027.0,194.6,97.0,110579.0,195.5,19587080.0,939232.0
2021-03-11,England,5744.0,3713743.0,449.0,387768.0,6687.0,1101.0,1555552.0,87585915.0,138.0,110165.0,194.8,107.0,110686.0,195.7,19798473.0,1008912.0
2021-03-12,England,5529.0,3719272.0,386.0,388154.0,6391.0,1023.0,1350707.0,89056068.0,145.0,110310.0,195.1,81.0,110767.0,195.9,20111189.0,1076426.0
2021-03-13,England,4539.0,3723811.0,385.0,388539.0,6072.0,1000.0,393146.0,89483399.0,106.0,110416.0,195.3,100.0,110867.0,196.1,20568821.0,1115066.0
2021-03-14,England,3774.0,3727585.0,357.0,388896.0,6039.0,963.0,926566.0,90436653.0,40.0,110456.0,195.3,79.0,110946.0,196.2,20791838.0,1129444.0
2021-03-15,England,4264.0,3731849.0,431.0,389327.0,5976.0,930.0,1528826.0,92075059.0,61.0,110517.0,195.4,84.0,111030.0,196.3,21122514.0,1161526.0
2021-03-16,England,4391.0,3736240.0,364.0,389691.0,5664.0,882.0,1264415.0,93446560.0,101.0,110618.0,195.6,66.0,111096.0,196.5,21493356.0,1224435.0
2021-03-17,England,4827.0,3741067.0,343.0,390034.0,5397.0,846.0,1556840.0,95104391.0,121.0,110739.0,195.8,65.0,111161.0,196.6,21886125.0,1315341.0
2021-03-18,England,5213.0,3746280.0,351.0,390385.0,5083.0,797.0,1366562.0,96608757.0,83.0,110822.0,196.0,51.0,111212.0,196.7,22337590.0,1419950.0
2021-03-19,England,3809.0,3750089.0,283.0,390668.0,4841.0,749.0,870294.0,97565941.0,81.0,110903.0,196.1,56.0,111268.0,196.8,22873079.0,1520680.0
2021-03-20,England,4732.0,3754821.0,287.0,390955.0,4589.0,710.0,410959.0,98008564.0,82.0,110985.0,196.3,59.0,111327.0,196.9,23559503.0,1591129.0
2021-03-21,England,4459.0,3759280.0,279.0,391234.0,4492.0,692.0,1846349.0,99878883.0,26.0,111011.0,196.3,70.0,111397.0,197.0,23854862.0,1621547.0
2021-03-22,England,4746.0,3764026.0,294.0,391528.0,4501.0,676.0,1143274.0,101159125.0,16.0,111027.0,196.3,58.0,111455.0,197.1,24137423.0,1685983.0
2021-03-23,England,4583.0,3768609.0,295.0,391823.0,4245.0,647.0,781572.0,102011411.0,103.0,111130.0,196.5,46.0,111501.0,197.2,24406074.0,1820530.0
2021-03-24,England,4615.0,3773224.0,277.0,392100.0,4005.0,613.0,1728376.0,103791076.0,92.0,111222.0,196.7,34.0,111535.0,197.2,24681955.0,2028543.0
2021-03-25,England,5286.0,3778510.0,288.0,392388.0,3763.0,566.0,1202147.0,105157413.0,49.0,111271.0,196.8,37.0,111572.0,197.3,24940005.0,2226749.0
2021-03-26,England,5273.0,3783783.0,245.0,392633.0,3712.0,559.0,654514.0,105848307.0,61.0,111332.0,196.9,41.0,111613.0,197.4,25284013.0,2477711.0
2021-03-27,England,3813.0,3786746.0,217.0,392850.0,3676.0,537.0,417592.0,106295519.0,43.0,111375.0,196.9,29.0,111642.0,197.4,25651406.0,2679046.0
2021-03-28,England,3153.0,3789899.0,221.0,393071.0,3438.0,532.0,1597146.0,107918401.0,17.0,111392.0,197.0,27.0,111669.0,197.5,25903782.0,2806124.0
2021-03-29,England,4112.0,3794011.0,206.0,393277.0,3466.0,532.0,925653.0,108892256.0,22.0,111414.0,197.0,26.0,111695.0,197.5,26090111.0,2943529.0
2021-03-30,England,3384.0,3797395.0,217.0,393494.0,3283.0,518.0,642580.0,109571185.0,39.0,111453.0,197.1,38.0,111733.0,197.6,26266174.0,3177357.0
2021-03-31,England,3327.0,3800722.0,225.0,393719.0,3084.0,501.0,1194346.0,110821231.0,36.0,111489.0,197.2,37.0,111770.0,197.6,26454219.0,3519105.0
2021-04-01,England,3784.0,3804506.0,180.0,393899.0,2928.0,470.0,894525.0,111840833.0,41.0,111530.0,197.2,28.0,111798.0,197.7,26576629.0,3931103.0
2021-04-02,England,2881.0,3807387.0,178.0,394077.0,2784.0,436.0,517247.0,112421436.0,47.0,111577.0,197.3,19.0,111817.0,197.7,26644910.0,4146857.0
2021-04-03,England,2847.0,3810234.0,179.0,394256.0,2677.0,433.0,355051.0,112811235.0,8.0,111585.0,197.3,27.0,111844.0,197.8,26719422.0,4304760.0
2021-04-04,England,1954.0,3812188.0,156.0,394412.0,2672.0,422.0,785479.0,113626255.0,10.0,111595.0,197.3,24.0,111868.0,197.8,26746039.0,4344251.0
2021-04-05,England,2236.0,3814424.0,188.0,394600.0,2680.0,416.0,710539.0,114467703.0,16.0,111611.0,197.4,10.0,111878.0,197.8,26765865.0,4398311.0
2021-04-06,England,1937.0,3816361.0,183.0,394783.0,2588.0,406.0,587942.0,115135822.0,15.0,111626.0,197.4,23.0,111901.0,197.9,26820161.0,4560777.0
2021-04-07,England,2304.0,3818665.0,189.0,394972.0,2486.0,393.0,976636.0,116164748.0,40.0,111666.0,197.5,25.0,111926.0,197.9,26879123.0,4933018.0
2021-04-08,England,2486.0,3821151.0,167.0,395139.0,2382.0,377.0,872523.0,117156524.0,44.0,111710.0,197.5,31.0,111957.0,198.0,26934662.0,5336230.0
2021-04-09,England,2638.0,3815779.0,167.0,395306.0,2321.0,362.0,616831.0,117848671.0,51.0,111761.0,197.6,17.0,111974.0,198.0,26996936.0,5740436.0
2021-04-10,England,2032.0,3817811.0,151.0,395457.0,2190.0,342.0,442212.0,118328486.0,33.0,111794.0,197.7,18.0,111992.0,198.0,27070991.0,6177878.0
2021-04-11,England,1338.0,3819149.0,175.0,395632.0,2096.0,343.0,1177999.0,119543117.0,3.0,111797.0,197.7,19.0,112011.0,198.1,27107590.0,6338332.0
2021-04-12,England,3222.0,3822371.0,173.0,395805.0,2108.0,337.0,834556.0,120526465.0,13.0,111810.0,197.7,25.0,112036.0,198.1,27132941.0,6504605.0
2021-04-13,England,2070.0,3824441.0,153.0,395958.0,2057.0,333.0,632227.0,121233931.0,18.0,111828.0,197.8,19.0,112055.0,198.2,27172302.0,6762337.0
2021-04-14,England,2054.0,3826495.0,156.0,396114.0,1972.0,315.0,1095605.0,122379075.0,34.0,111862.0,197.8,9.0,112064.0,198.2,27251419.0,7054720.0
2021-04-15,England,2171.0,3828666.0,127.0,396241.0,1885.0,294.0,936979.0,123442550.0,25.0,111887.0,197.9,17.0,112081.0,198.2,27345006.0,7417722.0
2021-04-16,England,2225.0,3830891.0,118.0,396359.0,1844.0,298.0,631544.0,124154950.0,30.0,111917.0,197.9,15.0,112096.0,198.2,27447286.0,7863747.0
2021-04-17,England,1897.0,3832788.0,135.0,396494.0,1735.0,292.0,460574.0,124653063.0,31.0,111948.0,198.0,20.0,112116.0,198.3,27559381.0,8322627.0
2021-04-18,England,1495.0,3834283.0,112.0,396606.0,1691.0,283.0,1631309.0,126325541.0,7.0,111955.0,198.0,15.0,112131.0,198.3,27628579.0,8518498.0
2021-04-19,England,2550.0,3836833.0,138.0,396744.0,1732.0,291.0,998671.0,127500490.0,2.0,111957.0,198.0,16.0,112147.0,198.3,27713634.0,8734163.0
2021-04-20,England,2169.0,3839002.0,98.0,396842.0,1649.0,273.0,676012.0,128270581.0,28.0,111985.0,198.0,17.0,112164.0,198.3,27798505.0,9007092.0
2021-04-21,England,1943.0,3840945.0,126.0,396968.0,1609.0,249.0,1305109.0,129625667.0,20.0,112005.0,198.1,17.0,112181.0,198.4,27891208.0,9346865.0
2021-04-22,England,2315.0,3843260.0,92.0,397060.0,1523.0,237.0,1036991.0,130815529.0,11.0,112016.0,198.1,14.0,112195.0,198.4,27995196.0,9692540.0
2021-04-23,England,2277.0,3845537.0,124.0,397184.0,1478.0,221.0,661211.0,131561939.0,38.0,112054.0,198.1,17.0,112212.0,198.4,28102852.0,10086684.0
2021-04-24,England,1804.0,3847341.0,99.0,397283.0,1401.0,220.0,456749.0,132054188.0,27.0,112081.0,198.2,7.0,112219.0,198.4,28227710.0,10564692.0
2021-04-25,England,1401.0,3848742.0,107.0,397390.0,1377.0,211.0,1414225.0,133507266.0,7.0,112088.0,198.2,12.0,112231.0,198.5,28289296.0,10791851.0
2021-04-26,England,1752.0,3850494.0,108.0,397498.0,1393.0,208.0,981557.0,134669596.0,3.0,112091.0,198.2,9.0,112240.0,198.5,28356779.0,11041619.0
2021-04-27,England,2410.0,3852904.0,128.0,397626.0,1310.0,196.0,672079.0,135420917.0,16.0,112107.0,198.2,10.0,112250.0,198.5,28441846.0,11355235.0
2021-04-28,England,1829.0,3854733.0,89.0,397715.0,1278.0,188.0,1283192.0,136760162.0,27.0,112134.0,198.3,13.0,112263.0,198.5,28545198.0,11749387.0
2021-04-29,England,2103.0,3856836.0,80.0,397795.0,1235.0,178.0,1003067.0,137918649.0,15.0,112149.0,198.3,11.0,112274.0,198.5,28656174.0,12144430.0
2021-04-30,England,2046.0,3858882.0,82.0,397877.0,1161.0,170.0,611014.0,138610700.0,14.0,112163.0,198.3,8.0,112282.0,198.6,28771540.0,12506188.0
2021-05-01,England,1642.0,3860524.0,68.0,397945.0,1071.0,167.0,450096.0,139095215.0,6.0,112169.0,198.4,7.0,112289.0,198.6,28895159.0,12835358.0
2021-05-02,England,1377.0,3861901.0,92.0,398037.0,1082.0,172.0,781243.0,139911686.0,13.0,112182.0,198.4,10.0,112299.0,198.6,28965936.0,12972758.0
2021-05-03,England,1453.0,3863354.0,98.0,398135.0,1096.0,168.0,1033028.0,141088656.0,1.0,112183.0,198.4,8.0,112307.0,198.6,29025049.0,13072543.0
2021-05-04,England,1659.0,3865013.0,76.0,398211.0,1093.0,162.0,812514.0,142035752.0,3.0,112186.0,198.4,9.0,112316.0,198.6,29124310.0,13284182.0
2021-05-05,England,1906.0,3866919.0,96.0,398307.0,1032.0,161.0,1144748.0,143242006.0,27.0,112213.0,198.4,12.0,112328.0,198.6,29232101.0,13632735.0
2021-05-06,England,2194.0,3869113.0,88.0,398395.0,976.0,144.0,1007154.0,144399130.0,12.0,112225.0,198.5,7.0,112335.0,198.6,29333695.0,14051967.0
2021-05-07,England,2142.0,3871255.0,77.0,398472.0,973.0,145.0,648423.0,145098382.0,13.0,112238.0,198.5,8.0,112343.0,198.7,29441213.0,14466698.0
2021-05-08,England,1742.0,3872997.0,80.0,398552.0,948.0,135.0,458744.0,145593371.0,5.0,112243.0,198.5,8.0,112351.0,198.7,29578216.0,14871208.0
2021-05-09,England,1418.0,3874415.0,76.0,398628.0,933.0,131.0,1265424.0,146893867.0,2.0,112245.0,198.5,8.0,112359.0,198.7,29651554.0,15031521.0
2021-05-10,England,2009.0,3876424.0,76.0,398704.0,944.0,135.0,918222.0,147975261.0,0.0,112245.0,198.5,8.0,112367.0,198.7,29727664.0,15224244.0
2021-05-11,England,2117.0,3878541.0,79.0,398783.0,921.0,126.0,659536.0,148708157.0,18.0,112263.0,198.5,13.0,112380.0,198.7,29826179.0,15533159.0
2021-05-12,England,1804.0,3880345.0,93.0,398876.0,907.0,123.0,1110108.0,149866921.0,11.0,112274.0,198.5,9.0,112389.0,198.7,29973113.0,15935683.0
2021-05-13,England,2229.0,3882574.0,74.0,398950.0,845.0,119.0,928496.0,148463463.0,8.0,112282.0,198.6,4.0,112393.0,198.7,30146933.0,16314333.0
2021-05-14,England,1828.0,3884402.0,72.0,399022.0,818.0,115.0,623994.0,149169030.0,15.0,112297.0,198.6,3.0,112396.0,198.8,30331992.0,16660758.0
2021-05-15,England,1614.0,3886016.0,70.0,399092.0,810.0,115.0,419980.0,149619426.0,7.0,112304.0,198.6,7.0,112403.0,198.8,30537954.0,17014522.0
2021-05-16,England,1471.0,3887487.0,59.0,399151.0,801.0,116.0,1035211.0,150692617.0,3.0,112307.0,198.6,6.0,112409.0,198.8,30643474.0,17172209.0
2021-05-17,England,1645.0,3889132.0,74.0,399225.0,798.0,117.0,928113.0,151869166.0,3.0,112310.0,198.6,5.0,112414.0,198.8,30729420.0,17382651.0
2021-05-18,England,2008.0,3886364.0,90.0,399315.0,749.0,114.0,675411.0,152617303.0,5.0,112315.0,198.6,3.0,112417.0,198.8,30884041.0,17651934.0
2021-05-19,England,2151.0,3887954.0,93.0,399408.0,757.0,113.0,1111532.0,153780271.0,3.0,112318.0,198.6,3.0,112420.0,198.8,31120020.0,17960954.0
2021-05-20,England,2307.0,3890081.0,98.0,399506.0,749.0,115.0,922338.0,154859411.0,6.0,112324.0,198.6,5.0,112425.0,198.8,31354838.0,18328096.0
2021-05-21,England,2303.0,3892258.0,85.0,399591.0,766.0,117.0,659989.0,155591834.0,6.0,112330.0,198.6,7.0,112432.0,198.8,31546846.0,18699556.0
2021-05-22,England,2242.0,3894329.0,75.0,399666.0,730.0,113.0,458353.0,156084119.0,6.0,112336.0,198.6,3.0,112435.0,198.8,31725097.0,19207569.0
2021-05-23,England,1734.0,3895920.0,77.0,399743.0,756.0,111.0,1113005.0,157234058.0,3.0,112339.0,198.7,6.0,112441.0,198.8,31826805.0,19427631.0
2021-05-24,England,1972.0,3897815.0,98.0,399841.0,797.0,113.0,903433.0,158287686.0,3.0,112342.0,198.7,8.0,112449.0,198.8,31922289.0,19707303.0
2021-05-25,England,2081.0,3899813.0,88.0,399929.0,765.0,117.0,682406.0,159042060.0,13.0,112355.0,198.7,3.0,112452.0,198.9,32079373.0,20034770.0
2021-05-26,England,2540.0,3902160.0,95.0,400024.0,745.0,115.0,1055650.0,160152596.0,8.0,112363.0,198.7,10.0,112462.0,198.9,32285684.0,20403324.0
2021-05-27,England,2936.0,3904934.0,83.0,400107.0,742.0,110.0,886631.0,161172657.0,8.0,112371.0,198.7,7.0,112469.0,198.9,32509194.0,20777366.0
2021-05-28,England,3434.0,3908214.0,92.0,400199.0,743.0,116.0,611711.0,161847928.0,8.0,112379.0,198.7,6.0,112475.0,198.9,32683816.0,21158221.0
2021-05-29,England,2747.0,3910803.0,69.0,400268.0,748.0,112.0,443257.0,162322121.0,6.0,112385.0,198.7,5.0,112480.0,198.9,32839283.0,21540037.0
2021-05-30,England,2621.0,3913295.0,80.0,400348.0,755.0,115.0,569154.0,162917166.0,6.0,112391.0,198.7,7.0,112487.0,198.9,32938496.0,21719461.0
2021-05-31,England,2854.0,3916049.0,98.0,400446.0,773.0,110.0,560128.0,163557783.0,0.0,112391.0,198.7,7.0,112494.0,198.9,33009444.0,21874135.0
2021-06-01,England,2539.0,3918522.0,115.0,400561.0,776.0,123.0,607774.0,164234934.0,0.0,112391.0,198.7,3.0,112497.0,198.9,33085145.0,22153420.0
2021-06-02,England,3486.0,3921939.0,101.0,400662.0,801.0,116.0,784848.0,165069239.0,11.0,112402.0,198.8,9.0,112506.0,198.9,33217813.0,22442383.0
2021-06-03,England,4310.0,3926154.0,93.0,400755.0,779.0,124.0,738108.0,165905009.0,13.0,112415.0,198.8,10.0,112516.0,199.0,33375148.0,22755909.0
2021-06-04,England,5102.0,3931158.0,96.0,400851.0,805.0,119.0,604333.0,166562716.0,9.0,112424.0,198.8,8.0,112524.0,199.0,33525485.0,23077511.0
2021-06-05,England,4810.0,3935854.0,96.0,400947.0,782.0,124.0,444901.0,167040142.0,12.0,112436.0,198.8,4.0,112528.0,199.0,33700486.0,23493155.0
2021-06-06,England,4405.0,3940141.0,121.0,401068.0,807.0,131.0,1187000.0,168262755.0,4.0,112440.0,198.8,5.0,112533.0,199.0,33800107.0,23710646.0
2021-06-07,England,4913.0,3944955.0,131.0,401199.0,860.0,133.0,889593.0,169279350.0,0.0,112440.0,198.8,4.0,112537.0,199.0,33889746.0,23954753.0
2021-06-08,England,5250.0,3950123.0,147.0,401346.0,879.0,140.0,652779.0,169997851.0,13.0,112453.0,198.9,7.0,112544.0,199.0,33998814.0,24207450.0
2021-06-09,England,6201.0,3956096.0,158.0,401504.0,876.0,141.0,1010064.0,171051734.0,5.0,112458.0,198.9,4.0,112548.0,199.0,34148547.0,24461363.0
2021-06-10,England,6436.0,3962371.0,162.0,401666.0,906.0,140.0,876589.0,172066685.0,5.0,112463.0,198.9,9.0,112557.0,199.0,34321990.0,24710013.0
2021-06-11,England,6782.0,3968986.0,144.0,401810.0,884.0,146.0,681411.0,172825141.0,16.0,112479.0,198.9,6.0,112563.0,199.0,34499129.0,24961654.0
2021-06-12,England,6601.0,3975399.0,137.0,401947.0,915.0,152.0,489485.0,173349405.0,10.0,112489.0,198.9,13.0,112576.0,199.1,34727273.0,25238467.0
2021-06-13,England,6269.0,3981497.0,187.0,402134.0,947.0,171.0,997858.0,174379447.0,7.0,112496.0,198.9,7.0,112583.0,199.1,34851139.0,25391916.0
2021-06-14,England,6647.0,3988008.0,185.0,402319.0,993.0,170.0,886626.0,175399587.0,3.0,112499.0,198.9,8.0,112591.0,199.1,34965745.0,25566178.0
2021-06-15,England,6486.0,3994408.0,188.0,402507.0,1030.0,187.0,713622.0,176182732.0,8.0,112507.0,199.0,13.0,112604.0,199.1,35120392.0,25741881.0
2021-06-16,England,7642.0,4001803.0,177.0,402684.0,1057.0,192.0,1032648.0,177267846.0,8.0,112515.0,199.0,10.0,112614.0,199.1,35290759.0,25922508.0
2021-06-17,England,9371.0,4010977.0,202.0,402886.0,1122.0,197.0,970345.0,178380798.0,15.0,112530.0,199.0,5.0,112619.0,199.1,35507916.0,26098666.0
2021-06-18,England,9185.0,4019956.0,185.0,403071.0,1170.0,210.0,723275.0,179167344.0,9.0,112539.0,199.0,10.0,112629.0,199.2,35704162.0,26260696.0
2021-06-19,England,8954.0,4028664.0,178.0,403249.0,1143.0,203.0,545008.0,179742127.0,12.0,112551.0,199.0,19.0,112648.0,199.2,35959555.0,26456342.0
2021-06-20,England,7778.0,4036230.0,171.0,403420.0,1168.0,196.0,1082517.0,180859458.0,6.0,112557.0,199.0,20.0,112668.0,199.2,36101778.0,26534936.0
2021-06-21,England,8766.0,4044830.0,181.0,403601.0,1290.0,212.0,969635.0,181964938.0,5.0,112562.0,199.0,13.0,112681.0,199.3,36101778.0,26534936.0
2021-06-22,England,9096.0,4053782.0,182.0,403783.0,1301.0,229.0,750708.0,182783705.0,23.0,112585.0,199.1,9.0,112690.0,199.3,36377425.0,26745666.0
2021-06-23,England,12765.0,4066294.0,214.0,403997.0,1255.0,227.0,1075951.0,183911054.0,13.0,112598.0,199.1,5.0,112695.0,199.3,36564938.0,26874354.0
2021-06-24,England,13068.0,4079362.0,194.0,404191.0,1274.0,240.0,997842.0,185039643.0,16.0,112614.0,199.1,19.0,112714.0,199.3,36767328.0,27011033.0
2021-06-25,England,13498.0,4092346.0,206.0,404397.0,1284.0,238.0,776439.0,185878654.0,15.0,112629.0,199.2,19.0,112733.0,199.4,36944843.0,27144408.0
2021-06-26,England,15136.0,4107155.0,223.0,404620.0,1276.0,236.0,566561.0,186481111.0,20.0,112649.0,199.2,9.0,112742.0,199.4,37157528.0,27316732.0
2021-06-27,England,11560.0,4118462.0,226.0,404846.0,1331.0,244.0,1142533.0,187662640.0,9.0,112658.0,199.2,17.0,112759.0,199.4,37275894.0,27414725.0
2021-06-28,England,18702.0,4136940.0,244.0,405090.0,1465.0,272.0,1032734.0,188831068.0,3.0,112661.0,199.2,9.0,112768.0,199.4,37382390.0,27522043.0
2021-06-29,England,16802.0,4153487.0,283.0,405373.0,1445.0,259.0,807040.0,189712137.0,22.0,112683.0,199.3,20.0,112788.0,199.4,37497766.0,27637527.0
2021-06-30,England,21293.0,4174318.0,331.0,405704.0,1500.0,264.0,1163624.0,190930368.0,11.0,112694.0,199.3,20.0,112808.0,199.5,37618263.0,27776520.0
2021-07-01,England,22948.0,4196833.0,295.0,405999.0,1560.0,279.0,1035456.0,192099056.0,16.0,112710.0,199.3,18.0,112826.0,199.5,37751938.0,27930697.0
2021-07-02,England,22393.0,4218807.0,307.0,406306.0,1611.0,297.0,794967.0,192963169.0,22.0,112732.0,199.3,25.0,112851.0,199.6,37859897.0,28072972.0
2021-07-03,England,21317.0,4239686.0,323.0,406629.0,1636.0,296.0,602571.0,193605197.0,15.0,112747.0,199.4,23.0,112874.0,199.6,37981485.0,28238637.0
2021-07-04,England,20454.0,4259710.0,390.0,407019.0,1744.0,305.0,1195034.0,194841003.0,15.0,112762.0,199.4,22.0,112896.0,199.6,38044157.0,28324385.0
2021-07-05,England,23286.0,4282762.0,416.0,407435.0,1888.0,330.0,1097123.0,196039760.0,7.0,112769.0,199.4,23.0,112919.0,199.7,38108016.0,28432362.0
2021-07-06,England,25295.0,4307618.0,458.0,407893.0,1998.0,353.0,891896.0,197005294.0,30.0,112799.0,199.5,20.0,112939.0,199.7,38179540.0,28541510.0
2021-07-07,England,27516.0,4334634.0,461.0,408354.0,2144.0,377.0,1147967.0,198207247.0,28.0,112827.0,199.5,23.0,112962.0,199.8,38252354.0,28669736.0
2021-07-08,England,28421.0,4362481.0,488.0,408842.0,2209.0,376.0,1025140.0,199358553.0,31.0,112858.0,199.6,26.0,112988.0,199.8,38335161.0,28805193.0
2021-07-09,England,31231.0,4393205.0,451.0,409293.0,2352.0,393.0,842867.0,200266042.0,22.0,112880.0,199.6,38.0,113026.0,199.9,38413116.0,28948796.0
2021-07-10,England,29732.0,4422370.0,442.0,409735.0,2429.0,398.0,695139.0,200999312.0,26.0,112906.0,199.7,32.0,113058.0,199.9,38495266.0,29123541.0
2021-07-11,England,28421.0,4450372.0,502.0,410237.0,2564.0,408.0,1048795.0,202088944.0,25.0,112931.0,199.7,25.0,113083.0,200.0,38529203.0,29204296.0
2021-07-12,England,30619.0,4480518.0,610.0,410847.0,2798.0,433.0,1011603.0,203213120.0,6.0,112937.0,199.7,32.0,113115.0,200.0,38574387.0,29304113.0
2021-07-13,England,32883.0,4512957.0,621.0,411468.0,2970.0,470.0,859421.0,204148549.0,45.0,112982.0,199.8,38.0,113153.0,200.1,38624143.0,29429018.0
2021-07-14,England,37895.0,4550298.0,636.0,412104.0,3110.0,489.0,1128803.0,205335187.0,36.0,113018.0,199.9,32.0,113185.0,200.1,38674148.0,29580353.0
2021-07-15,England,44523.0,4594159.0,658.0,412762.0,3241.0,493.0,1102043.0,206572158.0,44.0,113062.0,199.9,44.0,113229.0,200.2,38726641.0,29747505.0
2021-07-16,England,47360.0,4640922.0,593.0,413355.0,3367.0,512.0,919600.0,207554482.0,42.0,113104.0,200.0,39.0,113268.0,200.3,38776888.0,29911441.0
2021-07-17,England,50955.0,4691172.0,622.0,413977.0,3442.0,514.0,725904.0,208317790.0,35.0,113139.0,200.1,44.0,113312.0,200.4,38836156.0,30107863.0
2021-07-18,England,44777.0,4735387.0,698.0,414675.0,3546.0,512.0,966457.0,209330785.0,21.0,113160.0,200.1,57.0,113369.0,200.5,38863810.0,30213335.0
2021-07-19,England,34657.0,4769632.0,752.0,415427.0,3813.0,543.0,1027428.0,210523911.0,15.0,113175.0,200.1,70.0,113439.0,200.6,38895279.0,30325879.0
2021-07-20,England,43261.0,4812460.0,805.0,416232.0,3894.0,544.0,818415.0,211401973.0,82.0,113257.0,200.3,49.0,113488.0,200.7,38928936.0,30452042.0
2021-07-21,England,39504.0,4851264.0,783.0,417015.0,4063.0,567.0,964123.0,212412828.0,63.0,113320.0,200.4,44.0,113532.0,200.8,38967762.0,30598323.0
2021-07-22,England,35939.0,4886612.0,827.0,417842.0,4230.0,612.0,949313.0,213482483.0,58.0,113378.0,200.5,64.0,113596.0,200.9,39007219.0,30754568.0
2021-07-23,England,32792.0,4918669.0,725.0,418567.0,4401.0,625.0,860428.0,214395039.0,56.0,113434.0,200.6,70.0,113666.0,201.0,39045107.0,30909329.0
2021-07-24,England,28968.0,4947127.0,734.0,419301.0,4476.0,659.0,692843.0,215126522.0,74.0,113508.0,200.7,64.0,113730.0,201.1,39084065.0,31087214.0
2021-07-25,England,25434.0,4972040.0,836.0,420137.0,4725.0,675.0,730820.0,215893973.0,26.0,113534.0,200.8,63.0,113793.0,201.2,39104447.0,31181649.0
2021-07-26,England,22181.0,4993657.0,830.0,420967.0,5055.0,712.0,757754.0,216721448.0,12.0,113546.0,200.8,65.0,113858.0,201.3,39129667.0,31297573.0
2021-07-27,England,20290.0,5013664.0,816.0,421783.0,5163.0,738.0,733973.0,217508634.0,121.0,113667.0,201.0,59.0,113917.0,201.4,39158849.0,31415901.0
2021-07-28,England,24367.0,5037630.0,728.0,422511.0,5182.0,748.0,829924.0,218381061.0,73.0,113740.0,201.1,71.0,113988.0,201.6,39191341.0,31546949.0
2021-07-29,England,27524.0,5064671.0,758.0,423269.0,5056.0,765.0,791254.0,219250541.0,67.0,113807.0,201.2,66.0,114054.0,201.7,39227092.0,31692421.0
2021-07-30,England,26241.0,5090505.0,650.0,423919.0,5111.0,785.0,773979.0,220068517.0,55.0,113862.0,201.3,93.0,114147.0,201.9,39257775.0,31835136.0
2021-07-31,England,23949.0,5114064.0,593.0,424512.0,5057.0,789.0,632198.0,220733056.0,54.0,113916.0,201.4,76.0,114223.0,202.0,39290667.0,32017961.0
2021-08-01,England,21645.0,5135378.0,645.0,425157.0,5090.0,769.0,611419.0,221375504.0,52.0,113968.0,201.5,73.0,114296.0,202.1,39309212.0,32110377.0
2021-08-02,England,19175.0,5154292.0,686.0,425843.0,5309.0,791.0,680708.0,222114298.0,17.0,113985.0,201.6,66.0,114362.0,202.2,39331666.0,32204802.0
2021-08-03,England,19012.0,5173082.0,680.0,426523.0,5116.0,780.0,660857.0,222847830.0,123.0,114108.0,201.8,66.0,114428.0,202.3,39356540.0,32313406.0
2021-08-04,England,26393.0,5199102.0,747.0,427270.0,4944.0,772.0,769808.0,223655228.0,101.0,114209.0,202.0,70.0,114498.0,202.5,39385320.0,32444987.0
2021-08-05,England,26512.0,5225224.0,693.0,427963.0,4894.0,770.0,755499.0,224467825.0,69.0,114278.0,202.1,89.0,114587.0,202.6,39416306.0,32588410.0
2021-08-06,England,28321.0,5253181.0,657.0,428620.0,4879.0,765.0,725447.0,225236837.0,81.0,114359.0,202.2,79.0,114666.0,202.8,39443338.0,32725582.0
2021-08-07,England,25877.0,5278675.0,630.0,429250.0,4817.0,760.0,615248.0,225881225.0,88.0,114447.0,202.4,85.0,114751.0,202.9,39476497.0,32910451.0
2021-08-08,England,24196.0,5302555.0,651.0,429901.0,4939.0,765.0,625874.0,226536021.0,35.0,114482.0,202.4,65.0,114816.0,203.0,39495104.0,33004783.0
2021-08-09,England,21915.0,5324191.0,665.0,430566.0,5098.0,762.0,680362.0,227267929.0,26.0,114508.0,202.5,68.0,114884.0,203.2,39516037.0,33117069.0
2021-08-10,England,20630.0,5344609.0,760.0,431326.0,5096.0,782.0,679362.0,227987261.0,132.0,114640.0,202.7,69.0,114953.0,203.3,39544351.0,33240790.0
2021-08-11,England,26647.0,5370904.0,747.0,432073.0,5073.0,777.0,759064.0,228781239.0,91.0,114731.0,202.9,80.0,115033.0,203.4,39577515.0,33386744.0
2021-08-12,England,28093.0,5398629.0,758.0,432831.0,5029.0,783.0,743984.0,229598857.0,81.0,114812.0,203.0,91.0,115124.0,203.6,39612597.0,33552169.0
2021-08-13,England,28679.0,5426971.0,694.0,433525.0,5076.0,793.0,752219.0,230399444.0,86.0,114898.0,203.2,87.0,115211.0,203.7,39645073.0,33695859.0
2021-08-14,England,26700.0,5453294.0,689.0,434214.0,4973.0,797.0,606346.0,231005790.0,83.0,114981.0,203.3,79.0,115290.0,203.9,39684496.0,33869577.0
2021-08-15,England,22859.0,5475833.0,719.0,434933.0,5115.0,800.0,603825.0,231609615.0,54.0,115035.0,203.4,72.0,115362.0,204.0,39709325.0,33971458.0
2021-08-16,England,23171.0,5498742.0,776.0,435709.0,5429.0,816.0,649153.0,232307129.0,20.0,115055.0,203.5,72.0,115434.0,204.1,39738317.0,34089456.0
2021-08-17,England,22712.0,5521231.0,832.0,436541.0,5437.0,825.0,657110.0,233002440.0,154.0,115209.0,203.7,96.0,115530.0,204.3,39771795.0,34210364.0
2021-08-18,England,28648.0,5549621.0,795.0,437336.0,5514.0,812.0,719593.0,233776868.0,86.0,115295.0,203.9,78.0,115608.0,204.4,39811516.0,34357933.0
2021-08-19,England,29762.0,5579087.0,824.0,438160.0,5554.0,835.0,737575.0,234579277.0,95.0,115390.0,204.0,92.0,115700.0,204.6,39859148.0,34511819.0
2021-08-20,England,29576.0,5608339.0,733.0,438893.0,5576.0,857.0,683738.0,235298638.0,92.0,115482.0,204.2,101.0,115801.0,204.8,39910686.0,34657292.0
2021-08-21,England,26982.0,5635046.0,757.0,439650.0,5575.0,858.0,588246.0,235913117.0,97.0,115579.0,204.4,87.0,115888.0,204.9,39971873.0,34831330.0
2021-08-22,England,25952.0,5660725.0,726.0,440376.0,5749.0,863.0,599609.0,236539466.0,33.0,115612.0,204.4,101.0,115989.0,205.1,40004297.0,34927576.0
2021-08-23,England,24158.0,5684645.0,831.0,441207.0,6000.0,845.0,667003.0,237254258.0,29.0,115641.0,204.5,96.0,116085.0,205.3,40042271.0,35040581.0
2021-08-24,England,23474.0,5707906.0,818.0,442025.0,5911.0,857.0,660532.0,237954666.0,152.0,115793.0,204.8,103.0,116188.0,205.5,40088216.0,35149802.0
2021-08-25,England,27350.0,5734967.0,843.0,442868.0,5922.0,871.0,830720.0,238824605.0,135.0,115928.0,205.0,87.0,116275.0,205.6,40145779.0,35292109.0
2021-08-26,England,29417.0,5764066.0,777.0,443645.0,5893.0,872.0,848434.0,239747516.0,121.0,116049.0,205.2,105.0,116380.0,205.8,40191944.0,35419376.0
2021-08-27,England,27545.0,5791272.0,749.0,444394.0,5889.0,874.0,796954.0,240588306.0,86.0,116135.0,205.4,106.0,116486.0,206.0,40230336.0,35534625.0
2021-08-28,England,25118.0,5816071.0,688.0,445082.0,5756.0,835.0,642499.0,241264431.0,119.0,116254.0,205.6,103.0,116589.0,206.2,40268327.0,35651208.0
2021-08-29,England,22501.0,5838323.0,701.0,445783.0,5855.0,850.0,619475.0,241912148.0,49.0,116303.0,205.7,106.0,116695.0,206.4,40288874.0,35715918.0
2021-08-30,England,21324.0,5859405.0,808.0,446591.0,6002.0,859.0,600424.0,242556827.0,42.0,116345.0,205.7,90.0,116785.0,206.5,40304404.0,35768055.0
2021-08-31,England,20967.0,5880134.0,798.0,447389.0,6293.0,879.0,809943.0,243418695.0,36.0,116381.0,205.8,95.0,116880.0,206.7,40339022.0,35873058.0
2021-09-01,England,24723.0,5904664.0,835.0,448224.0,6236.0,890.0,923737.0,244405922.0,184.0,116565.0,206.1,96.0,116976.0,206.9,40376851.0,35975144.0
2021-09-02,England,28686.0,5933034.0,788.0,449012.0,6186.0,897.0,1050554.0,245590121.0,144.0,116709.0,206.4,100.0,117076.0,207.0,40410626.0,36079141.0
2021-09-03,England,31726.0,5964760.0,688.0,449700.0,6195.0,889.0,1100644.0,246793369.0,96.0,116805.0,206.6,125.0,117201.0,207.3,40440240.0,36177263.0
2021-09-04,England,29614.0,5993444.0,752.0,450452.0,6043.0,880.0,657090.0,247512438.0,102.0,116907.0,206.7,111.0,117312.0,207.4,40474227.0,36293590.0
2021-09-05,England,27022.0,6019976.0,691.0,451143.0,6167.0,878.0,913493.0,248480238.0,58.0,116965.0,206.8,116.0,117428.0,207.7,40490119.0,36352855.0
2021-09-06,England,27202.0,6046799.0,831.0,451974.0,6375.0,909.0,1247856.0,249864469.0,28.0,116993.0,206.9,121.0,117549.0,207.9,40508396.0,36422613.0
2021-09-07,England,27545.0,6074040.0,801.0,452775.0,6244.0,885.0,1046206.0,251068352.0,183.0,117176.0,207.2,125.0,117674.0,208.1,40531262.0,36495617.0
2021-09-08,England,29286.0,6102850.0,900.0,453675.0,6302.0,896.0,1119627.0,252346984.0,158.0,117334.0,207.5,114.0,117788.0,208.3,40551671.0,36571165.0
2021-09-09,England,27049.0,6129372.0,790.0,454465.0,6254.0,887.0,1105398.0,253624351.0,138.0,117472.0,207.7,129.0,117917.0,208.5,40573677.0,36657757.0
2021-09-10,England,26653.0,6155149.0,680.0,455145.0,6400.0,898.0,967623.0,254733325.0,114.0,117586.0,207.9,109.0,118026.0,208.7,40595556.0,36736520.0
2021-09-11,England,23825.0,6178293.0,649.0,455794.0,6206.0,865.0,651514.0,255455927.0,143.0,117729.0,208.2,103.0,118129.0,208.9,40619481.0,36822588.0
2021-09-12,England,19913.0,6197654.0,658.0,456452.0,6253.0,884.0,961127.0,256463222.0,42.0,117771.0,208.3,103.0,118232.0,209.1,40631205.0,36865490.0
2021-09-13,England,21077.0,6218198.0,688.0,457140.0,6424.0,886.0,956103.0,257570820.0,32.0,117803.0,208.3,71.0,118303.0,209.2,40646716.0,36920297.0
2021-09-14,England,19739.0,6237505.0,701.0,457841.0,6344.0,888.0,780563.0,258448110.0,152.0,117955.0,208.6,118.0,118421.0,209.4,40664424.0,36976818.0
2021-09-15,England,22078.0,6258872.0,691.0,458532.0,6306.0,910.0,1014076.0,259531368.0,151.0,118106.0,208.9,101.0,118522.0,209.6,40684544.0,37033914.0
2021-09-16,England,22949.0,6281236.0,672.0,459204.0,6081.0,849.0,924282.0,260578463.0,123.0,118229.0,209.1,113.0,118635.0,209.8,40703518.0,37092855.0
2021-09-17,England,23265.0,6303792.0,540.0,459744.0,5910.0,844.0,773676.0,261420553.0,130.0,118359.0,209.3,122.0,118757.0,210.0,40720869.0,37148112.0
2021-09-18,England,22956.0,6326046.0,560.0,460304.0,5688.0,829.0,631554.0,262085917.0,131.0,118490.0,209.5,93.0,118850.0,210.2,40742497.0,37214246.0
2021-09-19,England,22173.0,6347616.0,572.0,460876.0,5695.0,824.0,1017653.0,263140158.0,34.0,118524.0,209.6,90.0,118940.0,210.3,40752841.0,37244704.0
2021-09-20,England,26905.0,6374123.0,606.0,461482.0,5727.0,811.0,907467.0,264213430.0,27.0,118551.0,209.6,102.0,119042.0,210.5,40768510.0,37286142.0
2021-09-21,England,24973.0,6398633.0,602.0,462084.0,5543.0,774.0,789577.0,265069971.0,174.0,118725.0,209.9,92.0,119134.0,210.7,40785434.0,37325390.0
2021-09-22,England,27317.0,6425056.0,572.0,462656.0,5406.0,783.0,854373.0,265969382.0,121.0,118846.0,210.2,101.0,119235.0,210.8,40803896.0,37365066.0
2021-09-23,England,29045.0,6453164.0,577.0,463233.0,5214.0,757.0,959997.0,267137803.0,131.0,118977.0,210.4,103.0,119338.0,211.0,40825484.0,37406794.0
2021-09-24,England,28199.0,6481363.0,557.0,463790.0,5036.0,730.0,819383.0,268017329.0,120.0,119097.0,210.6,91.0,119429.0,211.2,40847350.0,37446361.0
2021-09-25,England,28087.0,6507849.0,520.0,464310.0,5100.0,723.0,682408.0,268733807.0,104.0,119201.0,210.8,91.0,119520.0,211.4,40864957.0,37489410.0
2021-09-26,England,25538.0,6532847.0,535.0,464845.0,4949.0,689.0,1012531.0,269780709.0,37.0,119238.0,210.9,68.0,119588.0,211.5,40873771.0,37510886.0
2021-09-27,England,29329.0,6561706.0,617.0,465462.0,5121.0,685.0,935366.0,270813622.0,23.0,119261.0,210.9,77.0,119665.0,211.6,40894475.0,37539476.0
2021-09-28,England,28808.0,6590514.0,596.0,466058.0,5126.0,681.0,768631.0,271651277.0,141.0,119402.0,211.1,75.0,119740.0,211.7,40923041.0,37569146.0
2021-09-29,England,29036.0,6617892.0,625.0,466683.0,5017.0,671.0,1010924.0,272708969.0,111.0,119513.0,211.3,84.0,119824.0,211.9,40950486.0,37599053.0
2021-09-30,England,29826.0,6646963.0,552.0,467235.0,4916.0,672.0,932846.0,273770310.0,87.0,119600.0,211.5,81.0,119905.0,212.0,40979175.0,37629371.0
2021-10-01,England,28836.0,6674820.0,520.0,467755.0,4799.0,671.0,825558.0,274655236.0,80.0,119680.0,211.6,98.0,120003.0,212.2,41011153.0,37659364.0
2021-10-02,England,26794.0,6700702.0,549.0,468304.0,4652.0,630.0,650177.0,275292321.0,103.0,119783.0,211.8,74.0,120077.0,212.3,41029889.0,37690213.0
2021-10-03,England,25176.0,6725105.0,577.0,468881.0,4778.0,639.0,924980.0,276249802.0,30.0,119813.0,211.9,75.0,120152.0,212.5,41040609.0,37707715.0
2021-10-04,England,28251.0,6752536.0,627.0,469508.0,4909.0,632.0,881998.0,277226574.0,13.0,119826.0,211.9,81.0,120233.0,212.6,41071393.0,37732461.0
2021-10-05,England,28846.0,6780567.0,658.0,470166.0,5006.0,661.0,772715.0,278056049.0,140.0,119966.0,212.1,87.0,120320.0,212.8,41106586.0,37756714.0
2021-10-06,England,33450.0,6812848.0,632.0,470798.0,5009.0,663.0,959529.0,279070220.0,99.0,120065.0,212.3,74.0,120394.0,212.9,41131105.0,37780849.0
2021-10-07,England,33305.0,6845186.0,634.0,471432.0,4962.0,665.0,892854.0,280076404.0,71.0,120136.0,212.4,90.0,120484.0,213.1,41156424.0,37805057.0
2021-10-08,England,32157.0,6876192.0,619.0,472051.0,4975.0,647.0,798238.0,280932999.0,109.0,120245.0,212.6,91.0,120575.0,213.2,41181960.0,37830063.0
2021-10-09,England,31259.0,6906211.0,613.0,472664.0,4921.0,639.0,655126.0,281618077.0,111.0,120356.0,212.8,90.0,120665.0,213.4,41200398.0,37859814.0
2021-10-10,England,31096.0,6936327.0,606.0,473270.0,5077.0,622.0,879451.0,282531106.0,34.0,120390.0,212.9,70.0,120735.0,213.5,41209509.0,37875457.0
2021-10-11,England,32349.0,6967915.0,685.0,473955.0,5206.0,621.0,883867.0,283505618.0,15.0,120405.0,212.9,90.0,120825.0,213.7,41232741.0,37895807.0
2021-10-12,England,33287.0,7000356.0,760.0,474715.0,5213.0,657.0,800480.0,284362791.0,147.0,120552.0,213.2,85.0,120910.0,213.8,41263377.0,37918254.0
2021-10-13,England,36458.0,7035489.0,752.0,475467.0,5246.0,657.0,959549.0,285369319.0,101.0,120653.0,213.4,89.0,120999.0,214.0,41295692.0,37943082.0
2021-10-14,England,38488.0,7073467.0,730.0,476197.0,5289.0,655.0,896469.0,286374533.0,110.0,120763.0,213.6,110.0,121109.0,214.2,41333877.0,37966571.0
2021-10-15,England,37691.0,7110513.0,752.0,476949.0,5363.0,673.0,826424.0,287256557.0,94.0,120857.0,213.7,106.0,121215.0,214.3,41369761.0,37991951.0
2021-10-16,England,39624.0,7149533.0,743.0,477692.0,5385.0,681.0,691155.0,287981227.0,123.0,120980.0,213.9,96.0,121311.0,214.5,41389496.0,38022391.0
2021-10-17,England,38543.0,7187635.0,828.0,478520.0,5623.0,695.0,897406.0,288914044.0,41.0,121021.0,214.0,103.0,121414.0,214.7,41399335.0,38036936.0
2021-10-18,England,39473.0,7226658.0,896.0,479416.0,5938.0,703.0,853034.0,289851035.0,22.0,121043.0,214.0,95.0,121509.0,214.9,41434669.0,38057604.0
2021-10-19,England,36712.0,7262958.0,894.0,480310.0,6099.0,733.0,799095.0,290707364.0,189.0,121232.0,214.4,103.0,121612.0,215.1,41473202.0,38078745.0
2021-10-20,England,41498.0,7303864.0,903.0,481213.0,6299.0,746.0,1008194.0,291762130.0,134.0,121366.0,214.6,118.0,121730.0,215.3,41517723.0,38100446.0
2021-10-21,England,44363.0,7347703.0,799.0,482012.0,6366.0,750.0,912855.0,292784718.0,66.0,121432.0,214.7,110.0,121840.0,215.5,41562281.0,38122473.0
2021-10-22,England,41745.0,7388884.0,760.0,482772.0,6405.0,746.0,824725.0,293656512.0,143.0,121575.0,215.0,102.0,121942.0,215.6,41604013.0,38144896.0
2021-10-23,England,41259.0,7430143.0,756.0,483528.0,6386.0,728.0,656760.0,294345166.0,125.0,121700.0,215.2,131.0,122073.0,215.9,41636233.0,38172423.0
2021-10-24,England,33221.0,7462144.0,829.0,484357.0,6515.0,745.0,739851.0,295116744.0,34.0,121734.0,215.3,120.0,122193.0,216.1,41655840.0,38186561.0
2021-10-25,England,33309.0,7494992.0,865.0,485222.0,6801.0,776.0,729721.0,295917270.0,34.0,121768.0,215.3,113.0,122306.0,216.3,41687872.0,38204812.0
2021-10-26,England,32280.0,7526898.0,911.0,486133.0,6883.0,803.0,733902.0,296694737.0,208.0,121976.0,215.7,129.0,122435.0,216.5,41723652.0,38224311.0
2021-10-27,England,37502.0,7564400.0,955.0,487088.0,6951.0,799.0,809425.0,297541197.0,169.0,122145.0,216.0,132.0,122567.0,216.7,41763616.0,38243051.0
2021-10-28,England,33903.0,7597473.0,888.0,487976.0,7019.0,794.0,771876.0,298398911.0,124.0,122269.0,216.2,153.0,122720.0,217.0,41803013.0,38262637.0
2021-10-29,England,36853.0,7633950.0,840.0,488816.0,7113.0,809.0,735186.0,299177311.0,148.0,122417.0,216.5,130.0,122850.0,217.2,41839574.0,38281812.0
2021-10-30,England,36204.0,7669614.0,741.0,489557.0,7155.0,812.0,617629.0,299828069.0,138.0,122555.0,216.7,132.0,122982.0,217.5,41870731.0,38304291.0
2021-10-31,England,31479.0,7700753.0,860.0,490417.0,7311.0,815.0,866687.0,300730995.0,59.0,122614.0,216.8,152.0,123134.0,217.7,41893685.0,38315755.0
2021-11-01,England,32081.0,7732441.0,899.0,491316.0,7535.0,859.0,850669.0,301666348.0,13.0,122627.0,216.8,136.0,123270.0,218.0,41928327.0,38331506.0
2021-11-02,England,28531.0,7760671.0,891.0,492207.0,7510.0,859.0,772399.0,302491124.0,255.0,122882.0,217.3,127.0,123397.0,218.2,41971835.0,38349313.0
2021-11-03,England,34317.0,7794507.0,807.0,493014.0,7291.0,854.0,895698.0,303427435.0,181.0,123063.0,217.6,128.0,123525.0,218.4,42014248.0,38366687.0
2021-11-04,England,30166.0,7823979.0,717.0,493731.0,7201.0,867.0,838117.0,304352559.0,152.0,123215.0,217.9,120.0,123645.0,218.6,42054323.0,38383854.0
2021-11-05,England,28490.0,7852005.0,686.0,494417.0,7072.0,860.0,734420.0,305138118.0,151.0,123366.0,218.2,124.0,123769.0,218.9,42094896.0,38402891.0
2021-11-06,England,26250.0,7877720.0,688.0,495105.0,6874.0,856.0,599089.0,305766623.0,125.0,123491.0,218.4,137.0,123906.0,219.1,42128617.0,38425760.0
2021-11-07,England,23779.0,7901039.0,739.0,495844.0,6910.0,846.0,792077.0,306588779.0,47.0,123538.0,218.5,134.0,124040.0,219.3,42151047.0,38436962.0
2021-11-08,England,24979.0,7925681.0,850.0,496694.0,7075.0,869.0,861218.0,307531729.0,32.0,123570.0,218.5,127.0,124167.0,219.6,42181433.0,38454360.0
2021-11-09,England,27872.0,7953228.0,808.0,497502.0,7053.0,865.0,757518.0,308339428.0,230.0,123800.0,218.9,123.0,124290.0,219.8,42217754.0,38472568.0
2021-11-10,England,31541.0,7984769.0,821.0,498323.0,6961.0,846.0,929295.0,309307555.0,170.0,123970.0,219.2,119.0,124409.0,220.0,42333305.0,38516564.0
2021-11-11,England,35472.0,8020241.0,797.0,499120.0,6861.0,842.0,880925.0,310279751.0,151.0,124121.0,219.5,121.0,124530.0,220.2,42367945.0,38536124.0
2021-11-12,England,33155.0,8051924.0,729.0,499849.0,6777.0,838.0,742052.0,311068370.0,122.0,124243.0,219.7,117.0,124647.0,220.4,42399594.0,38555353.0
2021-11-13,England,33493.0,8084740.0,655.0,500504.0,6639.0,830.0,608657.0,311708246.0,141.0,124384.0,220.0,111.0,124758.0,220.6,42430212.0,38578159.0
2021-11-14,England,29404.0,8113757.0,678.0,501182.0,6707.0,841.0,827911.0,312564756.0,51.0,124435.0,220.0,100.0,124858.0,220.8,42448508.0,38590118.0
2021-11-15,England,31440.0,8144766.0,695.0,501877.0,6864.0,821.0,850445.0,313494080.0,29.0,124464.0,220.1,136.0,124994.0,221.0,42476180.0,38605643.0
2021-11-16,England,30853.0,8175202.0,713.0,502590.0,6623.0,796.0,717163.0,314261038.0,190.0,124654.0,220.4,130.0,125124.0,221.3,42503438.0,38622540.0
2021-11-17,England,30638.0,8205448.0,727.0,503317.0,6412.0,792.0,945489.0,315305242.0,159.0,124813.0,220.7,98.0,125222.0,221.4,42531770.0,38641051.0
2021-11-18,England,39315.0,8244111.0,697.0,504014.0,6336.0,779.0,895963.0,316265325.0,144.0,124957.0,221.0,112.0,125334.0,221.6,42555804.0,38658480.0
2021-11-19,England,37006.0,8281117.0,637.0,504651.0,6310.0,769.0,777180.0,317089734.0,123.0,125080.0,221.2,102.0,125436.0,221.8,42580217.0,38677203.0
2021-11-20,England,36339.0,8316395.0,611.0,505262.0,6191.0,764.0,664782.0,317783232.0,133.0,125213.0,221.4,99.0,125535.0,222.0,42603567.0,38698795.0
2021-11-21,England,33513.0,8349363.0,648.0,505910.0,6322.0,776.0,903819.0,318785165.0,47.0,125260.0,221.5,86.0,125621.0,222.1,42617633.0,38710035.0
2021-11-22,England,36478.0,8385361.0,602.0,506512.0,6424.0,785.0,913444.0,319777814.0,34.0,125294.0,221.6,92.0,125713.0,222.3,42638298.0,38725602.0
2021-11-23,England,36550.0,8421911.0,659.0,507171.0,6257.0,780.0,817812.0,320676914.0,140.0,125434.0,221.8,120.0,125833.0,222.5,42661743.0,38744164.0
2021-11-24,England,36511.0,8457187.0,752.0,507923.0,6062.0,783.0,985329.0,321707277.0,129.0,125563.0,222.0,96.0,125929.0,222.7,42683518.0,38764212.0
2021-11-25,England,40382.0,8496990.0,650.0,508573.0,6068.0,790.0,942502.0,322742831.0,113.0,125676.0,222.2,108.0,126037.0,222.9,42704195.0,38783827.0
2021-11-26,England,42272.0,8538517.0,620.0,509193.0,5992.0,796.0,796731.0,323586039.0,125.0,125801.0,222.5,107.0,126144.0,223.1,42723293.0,38805750.0
2021-11-27,England,35798.0,8574315.0,609.0,509802.0,5852.0,787.0,668758.0,324285417.0,112.0,125913.0,222.7,85.0,126229.0,223.2,42744655.0,38836366.0
2021-11-28,England,32136.0,8605284.0,607.0,510409.0,5890.0,793.0,913689.0,325231843.0,40.0,125953.0,222.7,89.0,126318.0,223.4,42759956.0,38858848.0
2021-11-29,England,34906.0,8639754.0,669.0,511078.0,6094.0,793.0,940489.0,326254477.0,21.0,125974.0,222.8,105.0,126423.0,223.6,42779452.0,38881449.0
2021-11-30,England,33590.0,8673344.0,699.0,511777.0,6123.0,806.0,914887.0,327226388.0,143.0,126117.0,223.0,85.0,126508.0,223.7,42806590.0,38909382.0
2021-12-01,England,41519.0,8713738.0,698.0,512475.0,5829.0,773.0,1083562.0,328357928.0,141.0,126258.0,223.3,102.0,126610.0,223.9,42828996.0,38937452.0
2021-12-02,England,45880.0,8758744.0,719.0,513194.0,5915.0,774.0,1037506.0,329496119.0,104.0,126362.0,223.5,83.0,126693.0,224.0,42851727.0,38964371.0
2021-12-03,England,43888.0,8802632.0,624.0,513818.0,5851.0,783.0,958315.0,330505010.0,115.0,126477.0,223.7,110.0,126803.0,224.2,42872533.0,38990840.0
2021-12-04,England,39949.0,8841194.0,635.0,514453.0,5784.0,775.0,795714.0,331335150.0,104.0,126581.0,223.8,117.0,126920.0,224.4,42897322.0,39025116.0
2021-12-05,England,37396.0,8877883.0,728.0,515181.0,5903.0,770.0,1027196.0,332401636.0,41.0,126622.0,223.9,91.0,127011.0,224.6,42913330.0,39045988.0
2021-12-06,England,41525.0,8918807.0,736.0,515917.0,5992.0,793.0,1020251.0,333506388.0,34.0,126656.0,224.0,109.0,127120.0,224.8,42930867.0,39067610.0
2021-12-07,England,38866.0,8957091.0,799.0,516716.0,6027.0,779.0,943261.0,334516570.0,161.0,126817.0,224.3,93.0,127213.0,225.0,42950095.0,39090816.0
2021-12-08,England,44019.0,9000391.0,754.0,517470.0,6053.0,778.0,1163361.0,335742245.0,134.0,126951.0,224.5,92.0,127305.0,225.1,42968432.0,39115926.0
2021-12-09,England,43550.0,9043108.0,799.0,518269.0,6130.0,792.0,1190280.0,337033258.0,113.0,127064.0,224.7,99.0,127404.0,225.3,42989183.0,39145766.0
2021-12-10,England,48908.0,9092016.0,707.0,518976.0,6088.0,793.0,1082643.0,338172790.0,90.0,127154.0,224.9,89.0,127493.0,225.5,43008526.0,39174060.0
2021-12-11,England,48540.0,9138773.0,696.0,519672.0,6095.0,785.0,927390.0,339143297.0,117.0,127271.0,225.1,77.0,127570.0,225.6,43032072.0,39208121.0
2021-12-12,England,40713.0,9178705.0,772.0,520444.0,6223.0,788.0,1140279.0,340283576.0,44.0,127315.0,225.1,103.0,127673.0,225.8,43051269.0,39233021.0
2021-12-13,England,44931.0,9222932.0,794.0,521238.0,6395.0,795.0,1224370.0,341598902.0,26.0,127341.0,225.2,88.0,127761.0,225.9,43070539.0,39258415.0
2021-12-14,England,53093.0,9275513.0,815.0,522053.0,6434.0,795.0,1192073.0,342855979.0,138.0,127479.0,225.4,110.0,127871.0,226.1,43101346.0,39291545.0
2021-12-15,England,68868.0,9343520.0,805.0,522858.0,6358.0,786.0,1505228.0,344434755.0,129.0,127608.0,225.7,91.0,127962.0,226.3,43125953.0,39324944.0
2021-12-16,England,77299.0,9420017.0,777.0,523635.0,6405.0,783.0,1472355.0,346018986.0,122.0,127730.0,225.9,88.0,128050.0,226.4,43155507.0,39362570.0
2021-12-17,England,83693.0,9503176.0,743.0,524378.0,6321.0,789.0,1438617.0,347531069.0,98.0,127828.0,226.0,111.0,128161.0,226.6,43185070.0,39400263.0
2021-12-18,England,82426.0,9584269.0,735.0,525113.0,6287.0,767.0,1309644.0,348897631.0,111.0,127939.0,226.2,91.0,128252.0,226.8,43220211.0,39441375.0
2021-12-19,England,71702.0,9655061.0,926.0,526039.0,6434.0,767.0,1319909.0,350314181.0,38.0,127977.0,226.3,88.0,128340.0,226.9,43250509.0,39477511.0
2021-12-20,England,76065.0,9731126.0,1061.0,527100.0,6688.0,768.0,1384803.0,351779262.0,35.0,128012.0,226.4,99.0,128439.0,227.1,43286601.0,39522166.0
2021-12-21,England,80916.0,9810446.0,1098.0,528198.0,6902.0,757.0,1363225.0,353208599.0,154.0,128166.0,226.6,83.0,128522.0,227.3,43322910.0,39570657.0
2021-12-22,England,95795.0,9905451.0,1246.0,529444.0,7080.0,745.0,1527228.0,354812832.0,123.0,128289.0,226.9,110.0,128632.0,227.5,43358567.0,39617971.0
2021-12-23,England,107055.0,10011650.0,1252.0,530696.0,7114.0,747.0,1481571.0,356423533.0,125.0,128414.0,227.1,115.0,128747.0,227.7,43388547.0,39657294.0
2021-12-24,England,105069.0,10115910.0,1020.0,531716.0,7366.0,742.0,1526734.0,358019106.0,114.0,128528.0,227.3,112.0,128859.0,227.9,43398999.0,39670834.0
2021-12-25,England,113628.0,10229538.0,1281.0,532997.0,7166.0,745.0,1126337.0,359194742.0,0.0,128528.0,227.3,86.0,128945.0,228.0,43399954.0,39671750.0
2021-12-26,England,103558.0,10332128.0,1374.0,534371.0,7536.0,758.0,1182502.0,360461402.0,0.0,128528.0,227.3,104.0,129049.0,228.2,43401763.0,39673741.0
2021-12-27,England,98515.0,10429274.0,1751.0,536122.0,8474.0,776.0,1206662.0,361740228.0,143.0,128671.0,227.5,117.0,129166.0,228.4,43417529.0,39692427.0
2021-12-28,England,117093.0,10545584.0,2082.0,538204.0,9546.0,758.0,1222007.0,363027029.0,15.0,128686.0,227.6,133.0,129299.0,228.6,43439078.0,39719053.0
2021-12-29,England,138287.0,10683026.0,2370.0,540574.0,10462.0,771.0,1362416.0,364460793.0,38.0,128724.0,227.6,99.0,129398.0,228.8,43469086.0,39758399.0
2021-12-30,England,146604.0,10828575.0,2114.0,542688.0,11452.0,782.0,1363077.0,365943581.0,317.0,129041.0,228.2,163.0,129561.0,229.1,43499518.0,39798154.0
2021-12-31,England,160276.0,10988851.0,1781.0,544469.0,12395.0,789.0,1621415.0,367644745.0,178.0,129219.0,228.5,136.0,129697.0,229.3,43513898.0,39817420.0
2022-01-01,England,162572.0,11151423.0,1819.0,546288.0,12615.0,765.0,1019745.0,368731319.0,154.0,129373.0,228.8,153.0,129850.0,229.6,43516101.0,39820104.0
2022-01-02,England,123547.0,11272332.0,1881.0,548169.0,13151.0,769.0,1225326.0,370015515.0,59.0,129432.0,228.9,139.0,129989.0,229.9,43527898.0,39835708.0
2022-01-03,England,137541.0,11408560.0,2219.0,550388.0,14210.0,777.0,1473495.0,371562330.0,42.0,129474.0,229.0,150.0,130139.0,230.1,43545158.0,39857874.0
2022-01-04,England,148725.0,11557285.0,2101.0,552489.0,15044.0,797.0,1875878.0,373537831.0,25.0,129499.0,229.0,164.0,130303.0,230.4,43567465.0,39890930.0
2022-01-05,England,150232.0,11706635.0,2139.0,554628.0,15659.0,769.0,1900872.0,375613875.0,316.0,129815.0,229.6,181.0,130484.0,230.7,43589698.0,39920709.0
2022-01-06,England,152306.0,11858941.0,2043.0,556671.0,16058.0,762.0,1661761.0,377547684.0,203.0,130018.0,229.9,199.0,130683.0,231.1,43609800.0,39947508.0
2022-01-07,England,149405.0,12008346.0,1772.0,558443.0,16163.0,728.0,1471298.0,379202997.0,193.0,130211.0,230.3,198.0,130881.0,231.4,43630152.0,39975308.0
2022-01-08,England,130330.0,12132895.0,1862.0,560305.0,16034.0,708.0,1231235.0,380509821.0,282.0,130493.0,230.8,194.0,131075.0,231.8,43659383.0,40016659.0
2022-01-09,England,121228.0,12254123.0,1975.0,562280.0,16399.0,704.0,1503149.0,382084382.0,84.0,130577.0,230.9,193.0,131268.0,232.1,43678756.0,40042198.0
2022-01-10,England,115998.0,12370121.0,2180.0,564460.0,17120.0,707.0,1495758.0,383744847.0,55.0,130632.0,231.0,200.0,131468.0,232.5,43694511.0,40063640.0
2022-01-11,England,104833.0,12469614.0,2127.0,566587.0,16939.0,686.0,1303369.0,385171930.0,358.0,130990.0,231.6,189.0,131657.0,232.8,43711338.0,40086819.0
2022-01-12,England,116173.0,12585787.0,1955.0,568542.0,16881.0,672.0,1461166.0,386730306.0,361.0,131351.0,232.3,152.0,131809.0,233.1,43728450.0,40111895.0
2022-01-13,England,97770.0,12680151.0,,,16716.0,666.0,1301671.0,388165981.0,284.0,131635.0,232.8,47.0,131856.0,233.2,43746551.0,40138445.0
2022-01-14,England,87857.0,12766944.0,,,16537.0,637.0,,,221.0,131856.0,233.2,,,,,
